2026-05-06 22:08:53,785 | INFO | AuthAPI | POST Request -> https://practice.expandtesting.com/notes/api/users/login
2026-05-06 22:08:53,786 | INFO | AuthAPI | Payload -> {'email': 'raghu1@gmail.com', 'password': 'raghu1'}
2026-05-06 22:08:54,357 | INFO | AuthAPI | Response Status -> 200
2026-05-06 22:08:54,362 | INFO | AuthAPI | POST Request -> https://practice.expandtesting.com/notes/api/users/login
2026-05-06 22:08:54,362 | INFO | AuthAPI | Payload -> {'email': 'wrong@test.com', 'password': 'wrongpass'}
2026-05-06 22:08:54,844 | INFO | AuthAPI | Response Status -> 401
2026-05-06 22:08:54,849 | INFO | AuthAPI | POST Request -> https://practice.expandtesting.com/notes/api/users/login
2026-05-06 22:08:54,866 | INFO | AuthAPI | Payload -> {'email': '', 'password': ''}
2026-05-06 22:08:55,365 | INFO | AuthAPI | Response Status -> 400
2026-05-06 22:08:55,371 | INFO | AuthAPI | POST Request -> https://practice.expandtesting.com/notes/api/users/login
2026-05-06 22:08:55,371 | INFO | AuthAPI | Payload -> {'email': 'raghu1@gmail.com', 'password': 'raghu1'}
2026-05-06 22:08:55,958 | INFO | AuthAPI | Response Status -> 200
2026-05-06 22:08:55,962 | INFO | NotesAPI | POST Request -> https://practice.expandtesting.com/notes/api/notes
2026-05-06 22:08:55,963 | INFO | NotesAPI | Payload -> {'title': 'API-f5d777c2-7c47-49f6-8775-c4e39df32a53', 'description': 'API Automation Description', 'category': 'Home'}
2026-05-06 22:08:56,437 | INFO | NotesAPI | Response Status -> 200
2026-05-06 22:08:56,443 | INFO | AuthAPI | POST Request -> https://practice.expandtesting.com/notes/api/users/login
2026-05-06 22:08:56,444 | INFO | AuthAPI | Payload -> {'email': 'raghu1@gmail.com', 'password': 'raghu1'}
2026-05-06 22:08:57,252 | INFO | AuthAPI | Response Status -> 200
2026-05-06 22:08:57,255 | INFO | NotesAPI | POST Request -> https://practice.expandtesting.com/notes/api/notes
2026-05-06 22:08:57,255 | INFO | NotesAPI | Payload -> {'title': 'DELETE-68ca41c6-a242-489c-b41a-7d2d401ce07f', 'description': 'Delete Description', 'category': 'Work'}
2026-05-06 22:08:57,724 | INFO | NotesAPI | Response Status -> 200
2026-05-06 22:08:57,725 | INFO | NotesAPI | DELETE Request -> https://practice.expandtesting.com/notes/api/notes/69fb6ea381124e02985b81a6
2026-05-06 22:08:58,220 | INFO | NotesAPI | Response Status -> 200
2026-05-06 22:08:58,221 | INFO | NotesAPI | GET Request -> https://practice.expandtesting.com/notes/api/notes
2026-05-06 22:08:58,740 | INFO | NotesAPI | Response Status -> 200
2026-05-06 22:08:58,747 | INFO | AuthAPI | POST Request -> https://practice.expandtesting.com/notes/api/users/login
2026-05-06 22:08:58,748 | INFO | AuthAPI | Payload -> {'email': 'raghu1@gmail.com', 'password': 'raghu1'}
2026-05-06 22:08:59,338 | INFO | AuthAPI | Response Status -> 200
2026-05-06 22:08:59,341 | INFO | test_get_notes | Starting test_get_all_notes
2026-05-06 22:08:59,341 | INFO | NotesAPI | GET Request -> https://practice.expandtesting.com/notes/api/notes
2026-05-06 22:08:59,856 | INFO | NotesAPI | Response Status -> 200
2026-05-06 22:08:59,856 | INFO | test_get_notes | Response received: 200
2026-05-06 22:08:59,856 | INFO | test_get_notes | test_get_all_notes PASSED
2026-05-06 22:08:59,859 | INFO | AuthAPI | POST Request -> https://practice.expandtesting.com/notes/api/users/login
2026-05-06 22:08:59,860 | INFO | AuthAPI | Payload -> {'email': 'raghu1@gmail.com', 'password': 'raghu1'}
2026-05-06 22:09:00,439 | INFO | AuthAPI | Response Status -> 200
2026-05-06 22:09:00,441 | INFO | NotesAPI | GET Request -> https://practice.expandtesting.com/notes/api/notes
2026-05-06 22:09:00,942 | INFO | NotesAPI | Response Status -> 200
2026-05-06 22:09:00,948 | INFO | NotesAPI | GET Request -> https://practice.expandtesting.com/notes/api/notes
2026-05-06 22:09:01,425 | INFO | NotesAPI | Response Status -> 401
2026-05-06 22:09:01,428 | INFO | AuthAPI | POST Request -> https://practice.expandtesting.com/notes/api/users/login
2026-05-06 22:09:01,428 | INFO | AuthAPI | Payload -> {'email': 'raghu1@gmail.com', 'password': 'raghu1'}
2026-05-06 22:09:02,007 | INFO | AuthAPI | Response Status -> 200
2026-05-06 22:09:02,011 | INFO | NotesAPI | DELETE Request -> https://practice.expandtesting.com/notes/api/notes/123456789
2026-05-06 22:09:02,476 | INFO | NotesAPI | Response Status -> 400
2026-05-06 22:09:02,480 | INFO | AuthAPI | POST Request -> https://practice.expandtesting.com/notes/api/users/login
2026-05-06 22:09:02,480 | INFO | AuthAPI | Payload -> {'email': 'raghu1@gmail.com', 'password': 'raghu1'}
2026-05-06 22:09:03,030 | INFO | AuthAPI | Response Status -> 200
2026-05-06 22:09:03,034 | INFO | NotesAPI | POST Request -> https://practice.expandtesting.com/notes/api/notes
2026-05-06 22:09:03,034 | INFO | NotesAPI | Payload -> {'title': '', 'description': 'Description', 'category': 'Home'}
2026-05-06 22:09:03,500 | INFO | NotesAPI | Response Status -> 400
2026-05-06 22:09:03,506 | INFO | AuthAPI | POST Request -> https://practice.expandtesting.com/notes/api/users/login
2026-05-06 22:09:03,506 | INFO | AuthAPI | Payload -> {'email': 'raghu1@gmail.com', 'password': 'raghu1'}
2026-05-06 22:09:04,074 | INFO | AuthAPI | Response Status -> 200
2026-05-06 22:09:04,077 | INFO | NotesAPI | POST Request -> https://practice.expandtesting.com/notes/api/notes
2026-05-06 22:09:04,078 | INFO | NotesAPI | Payload -> {'title': 'Title', 'description': '', 'category': 'Home'}
2026-05-06 22:09:04,547 | INFO | NotesAPI | Response Status -> 400
2026-05-06 22:09:13,517 | INFO | conftest | Launching Chrome browser
2026-05-06 22:09:16,320 | INFO | conftest | Performing login fixture setup
2026-05-06 22:09:18,766 | INFO | LoginPage | Attempting login with email: raghu1@gmail.com
2026-05-06 22:09:18,766 | INFO | LoginPage | Typing 'raghu1@gmail.com' into element: ('id', 'email')
2026-05-06 22:09:18,882 | INFO | LoginPage | Typing 'raghu1' into element: ('id', 'password')
2026-05-06 22:09:18,937 | INFO | LoginPage | Clicking element: ('xpath', "//button[text()='Login']")
2026-05-06 22:09:19,047 | INFO | LoginPage | Login button clicked
2026-05-06 22:09:19,047 | INFO | conftest | Login fixture completed
2026-05-06 22:09:19,049 | INFO | NotesPage | Creating note | Title: Automation-09088bf1-6fb0-484c-8c56-c5ad2b052e65
2026-05-06 22:09:19,050 | INFO | NotesPage | Clicking element: ('xpath', "//button[text()='+ Add Note']")
2026-05-06 22:09:20,210 | INFO | NotesPage | Typing 'Automation-09088bf1-6fb0-484c-8c56-c5ad2b052e65' into element: ('id', 'title')
2026-05-06 22:09:20,329 | INFO | NotesPage | Typing 'This is automation testing' into element: ('id', 'description')
2026-05-06 22:09:20,541 | INFO | NotesPage | Clicking element: ('xpath', "//button[contains(text(),'Create')]")
2026-05-06 22:09:20,673 | INFO | NotesPage | Note created successfully | Title: Automation-09088bf1-6fb0-484c-8c56-c5ad2b052e65
2026-05-06 22:09:20,673 | INFO | NotesPage | Checking if note exists: Automation-09088bf1-6fb0-484c-8c56-c5ad2b052e65
2026-05-06 22:09:20,931 | WARNING | NotesPage | Note NOT found: Automation-09088bf1-6fb0-484c-8c56-c5ad2b052e65
2026-05-06 22:09:21,432 | INFO | NotesPage | Checking if note exists: Automation-09088bf1-6fb0-484c-8c56-c5ad2b052e65
2026-05-06 22:09:23,138 | INFO | NotesPage | Note found: Automation-09088bf1-6fb0-484c-8c56-c5ad2b052e65
2026-05-06 22:09:23,139 | INFO | NotesPage | Checking if note exists: Automation-09088bf1-6fb0-484c-8c56-c5ad2b052e65
2026-05-06 22:09:23,165 | INFO | NotesPage | Note found: Automation-09088bf1-6fb0-484c-8c56-c5ad2b052e65
2026-05-06 22:09:23,167 | INFO | conftest | Closing browser
2026-05-06 22:09:25,469 | INFO | conftest | Launching Chrome browser
2026-05-06 22:09:28,190 | INFO | conftest | Performing login fixture setup
2026-05-06 22:09:30,529 | INFO | LoginPage | Attempting login with email: raghu1@gmail.com
2026-05-06 22:09:30,530 | INFO | LoginPage | Typing 'raghu1@gmail.com' into element: ('id', 'email')
2026-05-06 22:09:30,598 | INFO | LoginPage | Typing 'raghu1' into element: ('id', 'password')
2026-05-06 22:09:30,645 | INFO | LoginPage | Clicking element: ('xpath', "//button[text()='Login']")
2026-05-06 22:09:30,711 | INFO | LoginPage | Login button clicked
2026-05-06 22:09:30,711 | INFO | conftest | Login fixture completed
2026-05-06 22:09:30,712 | INFO | NotesPage | Creating note | Title: Instant-bb864b09-046a-468b-ab9c-4d97017f09be
2026-05-06 22:09:30,712 | INFO | NotesPage | Clicking element: ('xpath', "//button[text()='+ Add Note']")
2026-05-06 22:09:31,893 | INFO | NotesPage | Typing 'Instant-bb864b09-046a-468b-ab9c-4d97017f09be' into element: ('id', 'title')
2026-05-06 22:09:31,993 | INFO | NotesPage | Typing 'DOM validation' into element: ('id', 'description')
2026-05-06 22:09:32,242 | INFO | NotesPage | Clicking element: ('xpath', "//button[contains(text(),'Create')]")
2026-05-06 22:09:32,293 | INFO | NotesPage | Note created successfully | Title: Instant-bb864b09-046a-468b-ab9c-4d97017f09be
2026-05-06 22:09:32,293 | INFO | NotesPage | Checking if note exists: Instant-bb864b09-046a-468b-ab9c-4d97017f09be
2026-05-06 22:09:35,416 | INFO | conftest | Closing browser
2026-05-06 22:09:37,552 | INFO | conftest | Launching Chrome browser
2026-05-06 22:09:43,268 | INFO | LoginPage | Attempting login with email: raghu1@gmail.com
2026-05-06 22:09:43,268 | INFO | LoginPage | Typing 'raghu1@gmail.com' into element: ('id', 'email')
2026-05-06 22:09:43,390 | INFO | LoginPage | Typing 'raghu1' into element: ('id', 'password')
2026-05-06 22:09:43,468 | INFO | LoginPage | Clicking element: ('xpath', "//button[text()='Login']")
2026-05-06 22:09:43,573 | INFO | LoginPage | Login button clicked
2026-05-06 22:09:43,573 | INFO | LoginPage | Validating login success
2026-05-06 22:09:44,116 | INFO | conftest | Closing browser
2026-05-06 22:09:46,347 | INFO | conftest | Launching Chrome browser
2026-05-06 22:09:51,669 | INFO | LoginPage | Attempting login with email: wrong@test.com
2026-05-06 22:09:51,669 | INFO | LoginPage | Typing 'wrong@test.com' into element: ('id', 'email')
2026-05-06 22:09:51,737 | INFO | LoginPage | Typing 'Password123' into element: ('id', 'password')
2026-05-06 22:09:51,786 | INFO | LoginPage | Clicking element: ('xpath', "//button[text()='Login']")
2026-05-06 22:09:51,854 | INFO | LoginPage | Login button clicked
2026-05-06 22:09:52,444 | INFO | conftest | Closing browser
2026-05-06 22:09:54,585 | INFO | conftest | Launching Chrome browser
2026-05-06 22:09:59,738 | INFO | LoginPage | Attempting login with email: 
2026-05-06 22:09:59,738 | INFO | LoginPage | Typing '' into element: ('id', 'email')
2026-05-06 22:09:59,860 | INFO | LoginPage | Typing 'Password123' into element: ('id', 'password')
2026-05-06 22:09:59,908 | INFO | LoginPage | Clicking element: ('xpath', "//button[text()='Login']")
2026-05-06 22:09:59,976 | INFO | LoginPage | Login button clicked
2026-05-06 22:10:05,252 | INFO | conftest | Closing browser
2026-05-06 22:10:07,462 | INFO | conftest | Launching Chrome browser
2026-05-06 22:10:12,526 | INFO | LoginPage | Attempting login with email: 
2026-05-06 22:10:12,526 | INFO | LoginPage | Typing '' into element: ('id', 'email')
2026-05-06 22:10:12,641 | INFO | LoginPage | Typing '' into element: ('id', 'password')
2026-05-06 22:10:12,673 | INFO | LoginPage | Clicking element: ('xpath', "//button[text()='Login']")
2026-05-06 22:10:12,741 | INFO | LoginPage | Login button clicked
2026-05-06 22:10:17,985 | INFO | conftest | Closing browser
2026-05-06 22:10:20,213 | INFO | conftest | Launching Chrome browser
2026-05-06 22:10:22,949 | INFO | conftest | Performing login fixture setup
2026-05-06 22:10:26,507 | INFO | LoginPage | Attempting login with email: raghu1@gmail.com
2026-05-06 22:10:26,507 | INFO | LoginPage | Typing 'raghu1@gmail.com' into element: ('id', 'email')
2026-05-06 22:10:26,599 | INFO | LoginPage | Typing 'raghu1' into element: ('id', 'password')
2026-05-06 22:10:26,680 | INFO | LoginPage | Clicking element: ('xpath', "//button[text()='Login']")
2026-05-06 22:10:26,824 | INFO | LoginPage | Login button clicked
2026-05-06 22:10:26,824 | INFO | conftest | Login fixture completed
2026-05-06 22:10:26,825 | INFO | NotesPage | Clicking element: ('xpath', "//button[text()='+ Add Note']")
2026-05-06 22:10:28,026 | INFO | NotesPage | Typing 'Missing title' into element: ('id', 'description')
2026-05-06 22:10:28,200 | INFO | NotesPage | Clicking element: ('xpath', "//button[contains(text(),'Create')]")
2026-05-06 22:10:28,319 | INFO | conftest | Closing browser
2026-05-06 22:10:30,531 | INFO | conftest | Launching Chrome browser
2026-05-06 22:10:33,184 | INFO | conftest | Performing login fixture setup
2026-05-06 22:10:35,680 | INFO | LoginPage | Attempting login with email: raghu1@gmail.com
2026-05-06 22:10:35,680 | INFO | LoginPage | Typing 'raghu1@gmail.com' into element: ('id', 'email')
2026-05-06 22:10:35,838 | INFO | LoginPage | Typing 'raghu1' into element: ('id', 'password')
2026-05-06 22:10:35,885 | INFO | LoginPage | Clicking element: ('xpath', "//button[text()='Login']")
2026-05-06 22:10:35,998 | INFO | LoginPage | Login button clicked
2026-05-06 22:10:35,998 | INFO | conftest | Login fixture completed
2026-05-06 22:10:36,000 | INFO | NotesPage | Clicking element: ('xpath', "//button[text()='+ Add Note']")
2026-05-06 22:10:37,171 | INFO | NotesPage | Typing 'Negative-40c824e9-9b38-4b56-9c90-384ec5560d12' into element: ('id', 'title')
2026-05-06 22:10:37,605 | INFO | NotesPage | Clicking element: ('xpath', "//button[contains(text(),'Create')]")
2026-05-06 22:10:37,854 | INFO | conftest | Closing browser
2026-05-06 22:11:23,507 | INFO | conftest | Launching Chrome browser
2026-05-06 22:11:26,231 | INFO | conftest | Performing login fixture setup
2026-05-06 22:11:28,518 | INFO | LoginPage | Attempting login with email: raghu1@gmail.com
2026-05-06 22:11:28,519 | INFO | LoginPage | Typing 'raghu1@gmail.com' into element: ('id', 'email')
2026-05-06 22:11:28,658 | INFO | LoginPage | Typing 'raghu1' into element: ('id', 'password')
2026-05-06 22:11:28,734 | INFO | LoginPage | Clicking element: ('xpath', "//button[text()='Login']")
2026-05-06 22:11:28,836 | INFO | LoginPage | Login button clicked
2026-05-06 22:11:28,837 | INFO | conftest | Login fixture completed
2026-05-06 22:11:28,840 | INFO | NotesPage | Creating note | Title: Automation-64daca0f-6f8b-437e-bc3f-be6ca697ee8c
2026-05-06 22:11:28,840 | INFO | NotesPage | Clicking element: ('xpath', "//button[text()='+ Add Note']")
2026-05-06 22:11:30,074 | INFO | NotesPage | Typing 'Automation-64daca0f-6f8b-437e-bc3f-be6ca697ee8c' into element: ('id', 'title')
2026-05-06 22:11:30,237 | INFO | NotesPage | Typing 'This is automation testing' into element: ('id', 'description')
2026-05-06 22:11:30,415 | INFO | NotesPage | Clicking element: ('xpath', "//button[contains(text(),'Create')]")
2026-05-06 22:11:30,482 | INFO | NotesPage | Note created successfully | Title: Automation-64daca0f-6f8b-437e-bc3f-be6ca697ee8c
2026-05-06 22:11:30,482 | INFO | NotesPage | Checking if note exists: Automation-64daca0f-6f8b-437e-bc3f-be6ca697ee8c
2026-05-06 22:11:30,633 | WARNING | NotesPage | Note NOT found: Automation-64daca0f-6f8b-437e-bc3f-be6ca697ee8c
2026-05-06 22:11:31,134 | INFO | NotesPage | Checking if note exists: Automation-64daca0f-6f8b-437e-bc3f-be6ca697ee8c
2026-05-06 22:11:32,891 | INFO | NotesPage | Note found: Automation-64daca0f-6f8b-437e-bc3f-be6ca697ee8c
2026-05-06 22:11:32,892 | INFO | NotesPage | Checking if note exists: Automation-64daca0f-6f8b-437e-bc3f-be6ca697ee8c
2026-05-06 22:11:32,912 | INFO | NotesPage | Note found: Automation-64daca0f-6f8b-437e-bc3f-be6ca697ee8c
2026-05-06 22:11:32,914 | INFO | conftest | Closing browser
2026-05-06 22:11:35,111 | INFO | conftest | Launching Chrome browser
2026-05-06 22:11:37,773 | INFO | conftest | Performing login fixture setup
2026-05-06 22:11:40,112 | INFO | LoginPage | Attempting login with email: raghu1@gmail.com
2026-05-06 22:11:40,112 | INFO | LoginPage | Typing 'raghu1@gmail.com' into element: ('id', 'email')
2026-05-06 22:11:40,177 | INFO | LoginPage | Typing 'raghu1' into element: ('id', 'password')
2026-05-06 22:11:40,223 | INFO | LoginPage | Clicking element: ('xpath', "//button[text()='Login']")
2026-05-06 22:11:40,297 | INFO | LoginPage | Login button clicked
2026-05-06 22:11:40,297 | INFO | conftest | Login fixture completed
2026-05-06 22:11:40,299 | INFO | NotesPage | Creating note | Title: Instant-faa82e36-5d06-464a-b8fd-797947d5c6b1
2026-05-06 22:11:40,299 | INFO | NotesPage | Clicking element: ('xpath', "//button[text()='+ Add Note']")
2026-05-06 22:11:41,451 | INFO | NotesPage | Typing 'Instant-faa82e36-5d06-464a-b8fd-797947d5c6b1' into element: ('id', 'title')
2026-05-06 22:11:41,549 | INFO | NotesPage | Typing 'DOM validation' into element: ('id', 'description')
2026-05-06 22:11:41,832 | INFO | NotesPage | Clicking element: ('xpath', "//button[contains(text(),'Create')]")
2026-05-06 22:11:42,142 | INFO | NotesPage | Note created successfully | Title: Instant-faa82e36-5d06-464a-b8fd-797947d5c6b1
2026-05-06 22:11:42,142 | INFO | NotesPage | Checking if note exists: Instant-faa82e36-5d06-464a-b8fd-797947d5c6b1
2026-05-06 22:11:45,183 | INFO | conftest | Closing browser
2026-05-06 22:12:15,737 | INFO | conftest | Launching Chrome browser
2026-05-06 22:12:18,336 | INFO | conftest | Performing login fixture setup
2026-05-06 22:12:20,770 | INFO | LoginPage | Attempting login with email: raghu1@gmail.com
2026-05-06 22:12:20,771 | INFO | LoginPage | Typing 'raghu1@gmail.com' into element: ('id', 'email')
2026-05-06 22:12:20,844 | INFO | LoginPage | Typing 'raghu1' into element: ('id', 'password')
2026-05-06 22:12:20,920 | INFO | LoginPage | Clicking element: ('xpath', "//button[text()='Login']")
2026-05-06 22:12:21,047 | INFO | LoginPage | Login button clicked
2026-05-06 22:12:21,048 | INFO | conftest | Login fixture completed
2026-05-06 22:12:21,052 | INFO | NotesPage | Creating note | Title: Automation-6cbd7ce9-52b9-42d4-81b0-7de40595113e
2026-05-06 22:12:21,052 | INFO | NotesPage | Clicking element: ('xpath', "//button[text()='+ Add Note']")
2026-05-06 22:12:22,332 | INFO | NotesPage | Typing 'Automation-6cbd7ce9-52b9-42d4-81b0-7de40595113e' into element: ('id', 'title')
2026-05-06 22:12:22,487 | INFO | NotesPage | Typing 'This is automation testing' into element: ('id', 'description')
2026-05-06 22:12:22,703 | INFO | NotesPage | Clicking element: ('xpath', "//button[contains(text(),'Create')]")
2026-05-06 22:12:22,797 | INFO | NotesPage | Note created successfully | Title: Automation-6cbd7ce9-52b9-42d4-81b0-7de40595113e
2026-05-06 22:12:22,797 | INFO | NotesPage | Checking if note exists: Automation-6cbd7ce9-52b9-42d4-81b0-7de40595113e
2026-05-06 22:12:22,977 | WARNING | NotesPage | Note NOT found: Automation-6cbd7ce9-52b9-42d4-81b0-7de40595113e
2026-05-06 22:12:23,478 | INFO | NotesPage | Checking if note exists: Automation-6cbd7ce9-52b9-42d4-81b0-7de40595113e
2026-05-06 22:12:25,201 | INFO | NotesPage | Note found: Automation-6cbd7ce9-52b9-42d4-81b0-7de40595113e
2026-05-06 22:12:25,202 | INFO | NotesPage | Checking if note exists: Automation-6cbd7ce9-52b9-42d4-81b0-7de40595113e
2026-05-06 22:12:25,223 | INFO | NotesPage | Note found: Automation-6cbd7ce9-52b9-42d4-81b0-7de40595113e
2026-05-06 22:12:25,225 | INFO | conftest | Closing browser
2026-05-06 22:12:27,414 | INFO | conftest | Launching Chrome browser
2026-05-06 22:12:30,096 | INFO | conftest | Performing login fixture setup
2026-05-06 22:12:33,529 | INFO | LoginPage | Attempting login with email: raghu1@gmail.com
2026-05-06 22:12:33,529 | INFO | LoginPage | Typing 'raghu1@gmail.com' into element: ('id', 'email')
2026-05-06 22:12:33,641 | INFO | LoginPage | Typing 'raghu1' into element: ('id', 'password')
2026-05-06 22:12:33,706 | INFO | LoginPage | Clicking element: ('xpath', "//button[text()='Login']")
2026-05-06 22:12:33,794 | INFO | LoginPage | Login button clicked
2026-05-06 22:12:33,794 | INFO | conftest | Login fixture completed
2026-05-06 22:12:33,796 | INFO | NotesPage | Creating note | Title: Instant-b7c7c685-7599-4c26-80b2-b63f4ab429cb
2026-05-06 22:12:33,796 | INFO | NotesPage | Clicking element: ('xpath', "//button[text()='+ Add Note']")
2026-05-06 22:12:35,062 | INFO | NotesPage | Typing 'Instant-b7c7c685-7599-4c26-80b2-b63f4ab429cb' into element: ('id', 'title')
2026-05-06 22:12:35,187 | INFO | NotesPage | Typing 'DOM validation' into element: ('id', 'description')
2026-05-06 22:12:35,420 | INFO | NotesPage | Clicking element: ('xpath', "//button[contains(text(),'Create')]")
2026-05-06 22:12:35,598 | INFO | NotesPage | Note created successfully | Title: Instant-b7c7c685-7599-4c26-80b2-b63f4ab429cb
2026-05-06 22:12:35,599 | INFO | NotesPage | Checking if note exists: Instant-b7c7c685-7599-4c26-80b2-b63f4ab429cb
2026-05-06 22:12:35,711 | WARNING | NotesPage | Note NOT found: Instant-b7c7c685-7599-4c26-80b2-b63f4ab429cb
2026-05-06 22:12:36,215 | INFO | NotesPage | Checking if note exists: Instant-b7c7c685-7599-4c26-80b2-b63f4ab429cb
2026-05-06 22:12:36,333 | WARNING | NotesPage | Note NOT found: Instant-b7c7c685-7599-4c26-80b2-b63f4ab429cb
2026-05-06 22:12:36,833 | INFO | NotesPage | Checking if note exists: Instant-b7c7c685-7599-4c26-80b2-b63f4ab429cb
2026-05-06 22:12:36,938 | WARNING | NotesPage | Note NOT found: Instant-b7c7c685-7599-4c26-80b2-b63f4ab429cb
2026-05-06 22:12:37,439 | INFO | NotesPage | Checking if note exists: Instant-b7c7c685-7599-4c26-80b2-b63f4ab429cb
2026-05-06 22:12:37,583 | WARNING | NotesPage | Note NOT found: Instant-b7c7c685-7599-4c26-80b2-b63f4ab429cb
2026-05-06 22:12:38,084 | INFO | NotesPage | Checking if note exists: Instant-b7c7c685-7599-4c26-80b2-b63f4ab429cb
2026-05-06 22:12:39,804 | INFO | NotesPage | Note found: Instant-b7c7c685-7599-4c26-80b2-b63f4ab429cb
2026-05-06 22:12:39,804 | INFO | NotesPage | Checking if note exists: Instant-b7c7c685-7599-4c26-80b2-b63f4ab429cb
2026-05-06 22:12:39,821 | INFO | NotesPage | Note found: Instant-b7c7c685-7599-4c26-80b2-b63f4ab429cb
2026-05-06 22:12:39,822 | INFO | conftest | Closing browser
2026-05-06 22:12:54,044 | INFO | AuthAPI | POST Request -> https://practice.expandtesting.com/notes/api/users/login
2026-05-06 22:12:54,044 | INFO | AuthAPI | Payload -> {'email': 'raghu1@gmail.com', 'password': 'raghu1'}
2026-05-06 22:12:54,608 | INFO | AuthAPI | Response Status -> 200
2026-05-06 22:12:54,613 | INFO | AuthAPI | POST Request -> https://practice.expandtesting.com/notes/api/users/login
2026-05-06 22:12:54,614 | INFO | AuthAPI | Payload -> {'email': 'wrong@test.com', 'password': 'wrongpass'}
2026-05-06 22:12:55,334 | INFO | AuthAPI | Response Status -> 401
2026-05-06 22:12:55,338 | INFO | AuthAPI | POST Request -> https://practice.expandtesting.com/notes/api/users/login
2026-05-06 22:12:55,339 | INFO | AuthAPI | Payload -> {'email': '', 'password': ''}
2026-05-06 22:12:55,818 | INFO | AuthAPI | Response Status -> 400
2026-05-06 22:12:55,824 | INFO | AuthAPI | POST Request -> https://practice.expandtesting.com/notes/api/users/login
2026-05-06 22:12:55,825 | INFO | AuthAPI | Payload -> {'email': 'raghu1@gmail.com', 'password': 'raghu1'}
2026-05-06 22:12:56,378 | INFO | AuthAPI | Response Status -> 200
2026-05-06 22:12:56,380 | INFO | NotesAPI | POST Request -> https://practice.expandtesting.com/notes/api/notes
2026-05-06 22:12:56,380 | INFO | NotesAPI | Payload -> {'title': 'API-2a86dfb5-f238-4da3-bcbe-8a958d151501', 'description': 'API Automation Description', 'category': 'Home'}
2026-05-06 22:12:57,192 | INFO | NotesAPI | Response Status -> 200
2026-05-06 22:12:57,199 | INFO | AuthAPI | POST Request -> https://practice.expandtesting.com/notes/api/users/login
2026-05-06 22:12:57,199 | INFO | AuthAPI | Payload -> {'email': 'raghu1@gmail.com', 'password': 'raghu1'}
2026-05-06 22:12:57,761 | INFO | AuthAPI | Response Status -> 200
2026-05-06 22:12:57,764 | INFO | NotesAPI | POST Request -> https://practice.expandtesting.com/notes/api/notes
2026-05-06 22:12:57,765 | INFO | NotesAPI | Payload -> {'title': 'DELETE-b23a4767-aa21-4364-ae08-f6b59cbb00c1', 'description': 'Delete Description', 'category': 'Work'}
2026-05-06 22:12:58,246 | INFO | NotesAPI | Response Status -> 200
2026-05-06 22:12:58,247 | INFO | NotesAPI | DELETE Request -> https://practice.expandtesting.com/notes/api/notes/69fb6f9481124e02985b83bd
2026-05-06 22:12:58,983 | INFO | NotesAPI | Response Status -> 200
2026-05-06 22:12:58,983 | INFO | NotesAPI | GET Request -> https://practice.expandtesting.com/notes/api/notes
2026-05-06 22:12:59,481 | INFO | NotesAPI | Response Status -> 200
2026-05-06 22:12:59,489 | INFO | AuthAPI | POST Request -> https://practice.expandtesting.com/notes/api/users/login
2026-05-06 22:12:59,490 | INFO | AuthAPI | Payload -> {'email': 'raghu1@gmail.com', 'password': 'raghu1'}
2026-05-06 22:13:00,040 | INFO | AuthAPI | Response Status -> 200
2026-05-06 22:13:00,042 | INFO | test_get_notes | Starting test_get_all_notes
2026-05-06 22:13:00,042 | INFO | NotesAPI | GET Request -> https://practice.expandtesting.com/notes/api/notes
2026-05-06 22:13:00,740 | INFO | NotesAPI | Response Status -> 200
2026-05-06 22:13:00,740 | INFO | test_get_notes | Response received: 200
2026-05-06 22:13:00,741 | INFO | test_get_notes | test_get_all_notes PASSED
2026-05-06 22:13:00,746 | INFO | AuthAPI | POST Request -> https://practice.expandtesting.com/notes/api/users/login
2026-05-06 22:13:00,746 | INFO | AuthAPI | Payload -> {'email': 'raghu1@gmail.com', 'password': 'raghu1'}
2026-05-06 22:13:01,312 | INFO | AuthAPI | Response Status -> 200
2026-05-06 22:13:01,316 | INFO | NotesAPI | GET Request -> https://practice.expandtesting.com/notes/api/notes
2026-05-06 22:13:01,802 | INFO | NotesAPI | Response Status -> 200
2026-05-06 22:13:01,808 | INFO | NotesAPI | GET Request -> https://practice.expandtesting.com/notes/api/notes
2026-05-06 22:13:02,302 | INFO | NotesAPI | Response Status -> 401
2026-05-06 22:13:02,307 | INFO | AuthAPI | POST Request -> https://practice.expandtesting.com/notes/api/users/login
2026-05-06 22:13:02,307 | INFO | AuthAPI | Payload -> {'email': 'raghu1@gmail.com', 'password': 'raghu1'}
2026-05-06 22:13:02,902 | INFO | AuthAPI | Response Status -> 200
2026-05-06 22:13:02,906 | INFO | NotesAPI | DELETE Request -> https://practice.expandtesting.com/notes/api/notes/123456789
2026-05-06 22:13:03,427 | INFO | NotesAPI | Response Status -> 400
2026-05-06 22:13:03,432 | INFO | AuthAPI | POST Request -> https://practice.expandtesting.com/notes/api/users/login
2026-05-06 22:13:03,432 | INFO | AuthAPI | Payload -> {'email': 'raghu1@gmail.com', 'password': 'raghu1'}
2026-05-06 22:13:04,040 | INFO | AuthAPI | Response Status -> 200
2026-05-06 22:13:04,041 | INFO | NotesAPI | POST Request -> https://practice.expandtesting.com/notes/api/notes
2026-05-06 22:13:04,041 | INFO | NotesAPI | Payload -> {'title': '', 'description': 'Description', 'category': 'Home'}
2026-05-06 22:13:04,557 | INFO | NotesAPI | Response Status -> 400
2026-05-06 22:13:04,561 | INFO | AuthAPI | POST Request -> https://practice.expandtesting.com/notes/api/users/login
2026-05-06 22:13:04,562 | INFO | AuthAPI | Payload -> {'email': 'raghu1@gmail.com', 'password': 'raghu1'}
2026-05-06 22:13:05,199 | INFO | AuthAPI | Response Status -> 200
2026-05-06 22:13:05,201 | INFO | NotesAPI | POST Request -> https://practice.expandtesting.com/notes/api/notes
2026-05-06 22:13:05,201 | INFO | NotesAPI | Payload -> {'title': 'Title', 'description': '', 'category': 'Home'}
2026-05-06 22:13:05,740 | INFO | NotesAPI | Response Status -> 400
2026-05-06 22:48:53,968 | INFO | conftest | Launching Chrome browser
2026-05-06 22:48:58,032 | INFO | conftest | Performing login fixture setup
2026-05-06 22:49:00,444 | INFO | LoginPage | Attempting login with email: raghu1@gmail.com
2026-05-06 22:49:00,444 | INFO | LoginPage | Typing 'raghu1@gmail.com' into element: ('id', 'email')
2026-05-06 22:49:00,620 | INFO | LoginPage | Typing 'raghu1' into element: ('id', 'password')
2026-05-06 22:49:00,740 | INFO | LoginPage | Clicking element: ('xpath', "//button[text()='Login']")
2026-05-06 22:49:00,852 | INFO | LoginPage | Login button clicked
2026-05-06 22:49:00,852 | INFO | conftest | Login fixture completed
2026-05-06 22:49:00,854 | INFO | AuthAPI | POST Request -> https://practice.expandtesting.com/notes/api/users/login
2026-05-06 22:49:00,855 | INFO | AuthAPI | Payload -> {'email': 'raghu1@gmail.com', 'password': 'raghu1'}
2026-05-06 22:49:01,818 | INFO | AuthAPI | Response Status -> 200
2026-05-06 22:49:01,823 | INFO | test_ui_to_api_validation | STARTING E2E TEST: UI -> API
2026-05-06 22:49:01,823 | INFO | test_ui_to_api_validation | Creating note from UI | Title: E2E-9ea2633c-dd8c-43ce-966b-a4a74fe300a7
2026-05-06 22:49:01,823 | INFO | NotesPage | Creating note | Title: E2E-9ea2633c-dd8c-43ce-966b-a4a74fe300a7
2026-05-06 22:49:01,823 | INFO | NotesPage | Clicking element: ('xpath', "//button[text()='+ Add Note']")
2026-05-06 22:49:02,112 | INFO | NotesPage | Typing 'E2E-9ea2633c-dd8c-43ce-966b-a4a74fe300a7' into element: ('id', 'title')
2026-05-06 22:49:02,331 | INFO | NotesPage | Typing 'Hybrid UI API Validation' into element: ('id', 'description')
2026-05-06 22:49:02,521 | INFO | NotesPage | Clicking element: ('xpath', "//button[contains(text(),'Create')]")
2026-05-06 22:49:02,626 | INFO | NotesPage | Note created successfully | Title: E2E-9ea2633c-dd8c-43ce-966b-a4a74fe300a7
2026-05-06 22:49:02,626 | INFO | NotesPage | Checking if note exists: E2E-9ea2633c-dd8c-43ce-966b-a4a74fe300a7
2026-05-06 22:49:02,866 | WARNING | NotesPage | Note NOT found: E2E-9ea2633c-dd8c-43ce-966b-a4a74fe300a7
2026-05-06 22:49:03,367 | INFO | NotesPage | Checking if note exists: E2E-9ea2633c-dd8c-43ce-966b-a4a74fe300a7
2026-05-06 22:49:05,454 | INFO | NotesPage | Note found: E2E-9ea2633c-dd8c-43ce-966b-a4a74fe300a7
2026-05-06 22:49:05,454 | INFO | NotesPage | Checking if note exists: E2E-9ea2633c-dd8c-43ce-966b-a4a74fe300a7
2026-05-06 22:49:05,478 | INFO | NotesPage | Note found: E2E-9ea2633c-dd8c-43ce-966b-a4a74fe300a7
2026-05-06 22:49:05,478 | INFO | test_ui_to_api_validation | Note visible in UI successfully
2026-05-06 22:49:05,478 | INFO | test_ui_to_api_validation | Calling GET /notes API
2026-05-06 22:49:05,478 | INFO | NotesAPI | GET Request -> https://practice.expandtesting.com/notes/api/notes
2026-05-06 22:49:06,287 | INFO | NotesAPI | Response Status -> 200
2026-05-06 22:49:06,287 | INFO | test_ui_to_api_validation | API Response Status: 200
2026-05-06 22:49:06,287 | INFO | test_ui_to_api_validation | API Response Time: 0.80648
2026-05-06 22:49:06,288 | INFO | test_ui_to_api_validation | Total Notes Returned: 22
2026-05-06 22:49:06,288 | INFO | test_ui_to_api_validation | Matched Note: {'id': '69fb780881124e02985b92da', 'title': 'E2E-9ea2633c-dd8c-43ce-966b-a4a74fe300a7', 'description': 'Hybrid UI API Validation', 'category': 'Home', 'completed': False, 'created_at': '2026-05-06T17:19:04.526Z', 'updated_at': '2026-05-06T17:19:04.526Z', 'user_id': '69fb505d81124e02985b5b90'}
2026-05-06 22:49:06,288 | INFO | test_ui_to_api_validation | E2E UI -> API validation PASSED
2026-05-06 22:49:06,292 | INFO | conftest | Closing browser
2026-05-06 22:50:58,346 | INFO | conftest | Launching Chrome browser
2026-05-06 22:51:01,063 | INFO | conftest | Performing login fixture setup
2026-05-06 22:51:03,522 | INFO | LoginPage | Attempting login with email: raghu1@gmail.com
2026-05-06 22:51:03,522 | INFO | LoginPage | Typing 'raghu1@gmail.com' into element: ('id', 'email')
2026-05-06 22:51:03,767 | INFO | LoginPage | Typing 'raghu1' into element: ('id', 'password')
2026-05-06 22:51:03,854 | INFO | LoginPage | Clicking element: ('xpath', "//button[text()='Login']")
2026-05-06 22:51:03,969 | INFO | LoginPage | Login button clicked
2026-05-06 22:51:03,969 | INFO | conftest | Login fixture completed
2026-05-06 22:51:03,971 | INFO | AuthAPI | POST Request -> https://practice.expandtesting.com/notes/api/users/login
2026-05-06 22:51:03,971 | INFO | AuthAPI | Payload -> {'email': 'raghu1@gmail.com', 'password': 'raghu1'}
2026-05-06 22:51:05,123 | INFO | AuthAPI | Response Status -> 200
2026-05-06 22:51:05,129 | INFO | test_api_to_ui_validation | STARTING E2E TEST: API -> UI
2026-05-06 22:51:05,129 | INFO | test_api_to_ui_validation | Creating note via UI | Title: DELETE-85f89428-a500-40c0-811b-80199fc94c8c
2026-05-06 22:51:05,129 | INFO | NotesPage | Creating note | Title: DELETE-85f89428-a500-40c0-811b-80199fc94c8c
2026-05-06 22:51:05,130 | INFO | NotesPage | Clicking element: ('xpath', "//button[text()='+ Add Note']")
2026-05-06 22:51:05,411 | INFO | NotesPage | Typing 'DELETE-85f89428-a500-40c0-811b-80199fc94c8c' into element: ('id', 'title')
2026-05-06 22:51:05,528 | INFO | NotesPage | Typing 'Delete validation' into element: ('id', 'description')
2026-05-06 22:51:05,857 | INFO | NotesPage | Clicking element: ('xpath', "//button[contains(text(),'Create')]")
2026-05-06 22:51:05,964 | INFO | NotesPage | Note created successfully | Title: DELETE-85f89428-a500-40c0-811b-80199fc94c8c
2026-05-06 22:51:05,964 | INFO | NotesPage | Checking if note exists: DELETE-85f89428-a500-40c0-811b-80199fc94c8c
2026-05-06 22:51:09,214 | INFO | conftest | Closing browser
2026-05-06 22:52:12,658 | INFO | conftest | Launching Chrome browser
2026-05-06 22:52:15,277 | INFO | conftest | Performing login fixture setup
2026-05-06 22:52:17,767 | INFO | LoginPage | Attempting login with email: raghu1@gmail.com
2026-05-06 22:52:17,767 | INFO | LoginPage | Typing 'raghu1@gmail.com' into element: ('id', 'email')
2026-05-06 22:52:17,838 | INFO | LoginPage | Typing 'raghu1' into element: ('id', 'password')
2026-05-06 22:52:17,884 | INFO | LoginPage | Clicking element: ('xpath', "//button[text()='Login']")
2026-05-06 22:52:17,952 | INFO | LoginPage | Login button clicked
2026-05-06 22:52:17,952 | INFO | conftest | Login fixture completed
2026-05-06 22:52:17,953 | INFO | AuthAPI | POST Request -> https://practice.expandtesting.com/notes/api/users/login
2026-05-06 22:52:17,954 | INFO | AuthAPI | Payload -> {'email': 'raghu1@gmail.com', 'password': 'raghu1'}
2026-05-06 22:52:18,977 | INFO | AuthAPI | Response Status -> 200
2026-05-06 22:52:18,981 | INFO | test_api_to_ui_validation | STARTING E2E TEST: API -> UI
2026-05-06 22:52:18,981 | INFO | test_api_to_ui_validation | Creating note via UI | Title: DELETE-e94dc1d9-01ae-43a4-ba5f-6185b1a803a3
2026-05-06 22:52:18,982 | INFO | NotesPage | Creating note | Title: DELETE-e94dc1d9-01ae-43a4-ba5f-6185b1a803a3
2026-05-06 22:52:18,982 | INFO | NotesPage | Clicking element: ('xpath', "//button[text()='+ Add Note']")
2026-05-06 22:52:19,655 | INFO | NotesPage | Typing 'DELETE-e94dc1d9-01ae-43a4-ba5f-6185b1a803a3' into element: ('id', 'title')
2026-05-06 22:52:19,738 | INFO | NotesPage | Typing 'Delete validation' into element: ('id', 'description')
2026-05-06 22:52:19,961 | INFO | NotesPage | Clicking element: ('xpath', "//button[contains(text(),'Create')]")
2026-05-06 22:52:20,038 | INFO | NotesPage | Note created successfully | Title: DELETE-e94dc1d9-01ae-43a4-ba5f-6185b1a803a3
2026-05-06 22:52:20,038 | INFO | NotesPage | Checking if note exists: DELETE-e94dc1d9-01ae-43a4-ba5f-6185b1a803a3
2026-05-06 22:52:20,212 | WARNING | NotesPage | Note NOT found: DELETE-e94dc1d9-01ae-43a4-ba5f-6185b1a803a3
2026-05-06 22:52:20,712 | INFO | NotesPage | Checking if note exists: DELETE-e94dc1d9-01ae-43a4-ba5f-6185b1a803a3
2026-05-06 22:52:23,969 | INFO | NotesPage | Note found: DELETE-e94dc1d9-01ae-43a4-ba5f-6185b1a803a3
2026-05-06 22:52:23,969 | INFO | NotesPage | Checking if note exists: DELETE-e94dc1d9-01ae-43a4-ba5f-6185b1a803a3
2026-05-06 22:52:23,995 | INFO | NotesPage | Note found: DELETE-e94dc1d9-01ae-43a4-ba5f-6185b1a803a3
2026-05-06 22:52:23,996 | INFO | test_api_to_ui_validation | Note created and visible in UI
2026-05-06 22:52:23,996 | INFO | NotesAPI | GET Request -> https://practice.expandtesting.com/notes/api/notes
2026-05-06 22:52:24,949 | INFO | NotesAPI | Response Status -> 200
2026-05-06 22:52:24,950 | INFO | test_api_to_ui_validation | Located Note ID: 69fb78ce81124e02985b93b2
2026-05-06 22:52:24,950 | INFO | test_api_to_ui_validation | Deleting note via API | ID: 69fb78ce81124e02985b93b2
2026-05-06 22:52:24,950 | INFO | NotesAPI | DELETE Request -> https://practice.expandtesting.com/notes/api/notes/69fb78ce81124e02985b93b2
2026-05-06 22:52:26,554 | INFO | NotesAPI | Response Status -> 200
2026-05-06 22:52:26,554 | INFO | test_api_to_ui_validation | Delete Status: 200
2026-05-06 22:52:26,555 | INFO | test_api_to_ui_validation | Refreshing UI page
2026-05-06 22:52:26,555 | INFO | NotesPage | Refreshing browser page
2026-05-06 22:52:29,103 | INFO | NotesPage | Checking if note exists: DELETE-e94dc1d9-01ae-43a4-ba5f-6185b1a803a3
2026-05-06 22:52:29,129 | WARNING | NotesPage | Note NOT found: DELETE-e94dc1d9-01ae-43a4-ba5f-6185b1a803a3
2026-05-06 22:52:29,129 | INFO | test_api_to_ui_validation | Deleted note removed from UI successfully
2026-05-06 22:52:29,129 | INFO | test_api_to_ui_validation | E2E API -> UI validation PASSED
2026-05-06 22:52:29,133 | INFO | conftest | Closing browser
2026-05-06 23:37:37,864 | INFO | AuthAPI | POST Request -> https://practice.expandtesting.com/notes/api/users/login
2026-05-06 23:37:37,864 | INFO | AuthAPI | Payload -> {'email': 'raghu1@gmail.com', 'password': 'raghu1'}
2026-05-06 23:37:38,662 | INFO | AuthAPI | Response Status -> 200
2026-05-06 23:37:38,667 | INFO | AuthAPI | POST Request -> https://practice.expandtesting.com/notes/api/users/login
2026-05-06 23:37:38,667 | INFO | AuthAPI | Payload -> {'email': 'wrong@test.com', 'password': 'wrongpass'}
2026-05-06 23:37:39,382 | INFO | AuthAPI | Response Status -> 401
2026-05-06 23:37:39,387 | INFO | AuthAPI | POST Request -> https://practice.expandtesting.com/notes/api/users/login
2026-05-06 23:37:39,387 | INFO | AuthAPI | Payload -> {'email': '', 'password': ''}
2026-05-06 23:37:40,081 | INFO | AuthAPI | Response Status -> 400
2026-05-06 23:37:40,090 | INFO | AuthAPI | POST Request -> https://practice.expandtesting.com/notes/api/users/login
2026-05-06 23:37:40,091 | INFO | AuthAPI | Payload -> {'email': 'raghu1@gmail.com', 'password': 'raghu1'}
2026-05-06 23:37:40,652 | INFO | AuthAPI | Response Status -> 200
2026-05-06 23:37:40,656 | INFO | NotesAPI | POST Request -> https://practice.expandtesting.com/notes/api/notes
2026-05-06 23:37:40,656 | INFO | NotesAPI | Payload -> {'title': 'API-4dbc51a5-1bda-4a16-b1f0-dbb9548170e0', 'description': 'API Automation Description', 'category': 'Home'}
2026-05-06 23:37:41,396 | INFO | NotesAPI | Response Status -> 200
2026-05-06 23:37:41,422 | INFO | AuthAPI | POST Request -> https://practice.expandtesting.com/notes/api/users/login
2026-05-06 23:37:41,423 | INFO | AuthAPI | Payload -> {'email': 'raghu1@gmail.com', 'password': 'raghu1'}
2026-05-06 23:37:41,970 | INFO | AuthAPI | Response Status -> 200
2026-05-06 23:37:41,974 | INFO | NotesAPI | POST Request -> https://practice.expandtesting.com/notes/api/notes
2026-05-06 23:37:41,974 | INFO | NotesAPI | Payload -> {'title': 'DELETE-1886f710-a175-4928-972b-4f5b47e9b699', 'description': 'Delete Description', 'category': 'Work'}
2026-05-06 23:37:42,455 | INFO | NotesAPI | Response Status -> 200
2026-05-06 23:37:42,456 | INFO | NotesAPI | DELETE Request -> https://practice.expandtesting.com/notes/api/notes/69fb837081124e02985b9e5f
2026-05-06 23:37:42,934 | INFO | NotesAPI | Response Status -> 200
2026-05-06 23:37:42,934 | INFO | NotesAPI | GET Request -> https://practice.expandtesting.com/notes/api/notes
2026-05-06 23:37:43,702 | INFO | NotesAPI | Response Status -> 200
2026-05-06 23:37:43,714 | INFO | AuthAPI | POST Request -> https://practice.expandtesting.com/notes/api/users/login
2026-05-06 23:37:43,714 | INFO | AuthAPI | Payload -> {'email': 'raghu1@gmail.com', 'password': 'raghu1'}
2026-05-06 23:37:44,541 | INFO | AuthAPI | Response Status -> 200
2026-05-06 23:37:44,543 | INFO | test_get_notes | Starting test_get_all_notes
2026-05-06 23:37:44,543 | INFO | NotesAPI | GET Request -> https://practice.expandtesting.com/notes/api/notes
2026-05-06 23:37:45,009 | INFO | NotesAPI | Response Status -> 200
2026-05-06 23:37:45,010 | INFO | test_get_notes | Response received: 200
2026-05-06 23:37:45,010 | INFO | test_get_notes | test_get_all_notes PASSED
2026-05-06 23:37:45,038 | INFO | AuthAPI | POST Request -> https://practice.expandtesting.com/notes/api/users/login
2026-05-06 23:37:45,038 | INFO | AuthAPI | Payload -> {'email': 'raghu1@gmail.com', 'password': 'raghu1'}
2026-05-06 23:37:45,843 | INFO | AuthAPI | Response Status -> 200
2026-05-06 23:37:45,847 | INFO | NotesAPI | GET Request -> https://practice.expandtesting.com/notes/api/notes
2026-05-06 23:37:46,314 | INFO | NotesAPI | Response Status -> 200
2026-05-06 23:37:46,324 | INFO | NotesAPI | GET Request -> https://practice.expandtesting.com/notes/api/notes
2026-05-06 23:37:46,792 | INFO | NotesAPI | Response Status -> 401
2026-05-06 23:37:46,801 | INFO | AuthAPI | POST Request -> https://practice.expandtesting.com/notes/api/users/login
2026-05-06 23:37:46,801 | INFO | AuthAPI | Payload -> {'email': 'raghu1@gmail.com', 'password': 'raghu1'}
2026-05-06 23:37:47,352 | INFO | AuthAPI | Response Status -> 200
2026-05-06 23:37:47,355 | INFO | NotesAPI | DELETE Request -> https://practice.expandtesting.com/notes/api/notes/123456789
2026-05-06 23:37:47,817 | INFO | NotesAPI | Response Status -> 400
2026-05-06 23:37:47,840 | INFO | AuthAPI | POST Request -> https://practice.expandtesting.com/notes/api/users/login
2026-05-06 23:37:47,840 | INFO | AuthAPI | Payload -> {'email': 'raghu1@gmail.com', 'password': 'raghu1'}
2026-05-06 23:37:48,399 | INFO | AuthAPI | Response Status -> 200
2026-05-06 23:37:48,404 | INFO | NotesAPI | POST Request -> https://practice.expandtesting.com/notes/api/notes
2026-05-06 23:37:48,404 | INFO | NotesAPI | Payload -> {'title': '', 'description': 'Description', 'category': 'Home'}
2026-05-06 23:37:48,871 | INFO | NotesAPI | Response Status -> 400
2026-05-06 23:37:48,880 | INFO | AuthAPI | POST Request -> https://practice.expandtesting.com/notes/api/users/login
2026-05-06 23:37:48,880 | INFO | AuthAPI | Payload -> {'email': 'raghu1@gmail.com', 'password': 'raghu1'}
2026-05-06 23:37:49,425 | INFO | AuthAPI | Response Status -> 200
2026-05-06 23:37:49,428 | INFO | NotesAPI | POST Request -> https://practice.expandtesting.com/notes/api/notes
2026-05-06 23:37:49,428 | INFO | NotesAPI | Payload -> {'title': 'Title', 'description': '', 'category': 'Home'}
2026-05-06 23:37:49,897 | INFO | NotesAPI | Response Status -> 400
2026-05-06 23:37:49,902 | INFO | conftest | Launching Chrome browser
2026-05-06 23:37:52,705 | INFO | conftest | Performing login fixture setup
2026-05-06 23:37:55,528 | INFO | LoginPage | Attempting login with email: raghu1@gmail.com
2026-05-06 23:37:55,528 | INFO | LoginPage | Typing 'raghu1@gmail.com' into element: ('id', 'email')
2026-05-06 23:37:55,633 | INFO | LoginPage | Typing 'raghu1' into element: ('id', 'password')
2026-05-06 23:37:55,699 | INFO | LoginPage | Clicking element: ('xpath', "//button[text()='Login']")
2026-05-06 23:37:55,810 | INFO | LoginPage | Login button clicked
2026-05-06 23:37:55,811 | INFO | conftest | Login fixture completed
2026-05-06 23:37:55,813 | INFO | AuthAPI | POST Request -> https://practice.expandtesting.com/notes/api/users/login
2026-05-06 23:37:55,813 | INFO | AuthAPI | Payload -> {'email': 'raghu1@gmail.com', 'password': 'raghu1'}
2026-05-06 23:37:57,012 | INFO | AuthAPI | Response Status -> 200
2026-05-06 23:37:57,017 | INFO | test_api_to_ui_validation | STARTING E2E TEST: API -> UI
2026-05-06 23:37:57,018 | INFO | test_api_to_ui_validation | Creating note via UI | Title: DELETE-a4ca9e10-adf2-4943-a8d9-d89b4f2bb576
2026-05-06 23:37:57,018 | INFO | NotesPage | Creating note | Title: DELETE-a4ca9e10-adf2-4943-a8d9-d89b4f2bb576
2026-05-06 23:37:57,019 | INFO | NotesPage | Clicking element: ('xpath', "//button[text()='+ Add Note']")
2026-05-06 23:37:57,379 | INFO | NotesPage | Typing 'DELETE-a4ca9e10-adf2-4943-a8d9-d89b4f2bb576' into element: ('id', 'title')
2026-05-06 23:37:57,482 | INFO | NotesPage | Typing 'Delete validation' into element: ('id', 'description')
2026-05-06 23:37:57,705 | INFO | NotesPage | Clicking element: ('xpath', "//button[contains(text(),'Create')]")
2026-05-06 23:37:57,758 | INFO | NotesPage | Note created successfully | Title: DELETE-a4ca9e10-adf2-4943-a8d9-d89b4f2bb576
2026-05-06 23:37:57,758 | INFO | NotesPage | Checking if note exists: DELETE-a4ca9e10-adf2-4943-a8d9-d89b4f2bb576
2026-05-06 23:37:57,997 | WARNING | NotesPage | Note NOT found: DELETE-a4ca9e10-adf2-4943-a8d9-d89b4f2bb576
2026-05-06 23:37:58,498 | INFO | NotesPage | Checking if note exists: DELETE-a4ca9e10-adf2-4943-a8d9-d89b4f2bb576
2026-05-06 23:38:00,133 | INFO | NotesPage | Note found: DELETE-a4ca9e10-adf2-4943-a8d9-d89b4f2bb576
2026-05-06 23:38:00,133 | INFO | test_api_to_ui_validation | Note created successfully
2026-05-06 23:38:00,133 | INFO | NotesPage | Checking if note exists: DELETE-a4ca9e10-adf2-4943-a8d9-d89b4f2bb576
2026-05-06 23:38:00,145 | INFO | NotesPage | Note found: DELETE-a4ca9e10-adf2-4943-a8d9-d89b4f2bb576
2026-05-06 23:38:00,145 | INFO | test_api_to_ui_validation | Note created and visible in UI
2026-05-06 23:38:00,146 | INFO | NotesAPI | GET Request -> https://practice.expandtesting.com/notes/api/notes
2026-05-06 23:38:01,250 | INFO | NotesAPI | Response Status -> 200
2026-05-06 23:38:01,251 | INFO | test_api_to_ui_validation | GET Notes Status: 200
2026-05-06 23:38:01,253 | INFO | test_api_to_ui_validation | Located Note ID: 69fb838081124e02985b9e8c
2026-05-06 23:38:01,256 | INFO | test_api_to_ui_validation | Deleting note via API | ID: 69fb838081124e02985b9e8c
2026-05-06 23:38:01,256 | INFO | NotesAPI | DELETE Request -> https://practice.expandtesting.com/notes/api/notes/69fb838081124e02985b9e8c
2026-05-06 23:38:02,347 | INFO | NotesAPI | Response Status -> 200
2026-05-06 23:38:02,348 | INFO | test_api_to_ui_validation | Delete Status: 200
2026-05-06 23:38:02,350 | INFO | test_api_to_ui_validation | Refreshing UI page
2026-05-06 23:38:02,350 | INFO | NotesPage | Refreshing browser page
2026-05-06 23:38:04,264 | INFO | NotesPage | Checking if note exists: DELETE-a4ca9e10-adf2-4943-a8d9-d89b4f2bb576
2026-05-06 23:38:04,382 | WARNING | NotesPage | Note NOT found: DELETE-a4ca9e10-adf2-4943-a8d9-d89b4f2bb576
2026-05-06 23:38:04,382 | INFO | test_api_to_ui_validation | Deleted note removed from UI successfully
2026-05-06 23:38:04,382 | INFO | test_api_to_ui_validation | E2E API -> UI validation PASSED
2026-05-06 23:38:04,387 | INFO | conftest | Closing browser
2026-05-06 23:38:06,545 | INFO | conftest | Launching Chrome browser
2026-05-06 23:38:09,190 | INFO | conftest | Performing login fixture setup
2026-05-06 23:38:12,048 | INFO | LoginPage | Attempting login with email: raghu1@gmail.com
2026-05-06 23:38:12,049 | INFO | LoginPage | Typing 'raghu1@gmail.com' into element: ('id', 'email')
2026-05-06 23:38:12,152 | INFO | LoginPage | Typing 'raghu1' into element: ('id', 'password')
2026-05-06 23:38:12,245 | INFO | LoginPage | Clicking element: ('xpath', "//button[text()='Login']")
2026-05-06 23:38:12,323 | INFO | LoginPage | Login button clicked
2026-05-06 23:38:12,323 | INFO | conftest | Login fixture completed
2026-05-06 23:38:12,325 | INFO | AuthAPI | POST Request -> https://practice.expandtesting.com/notes/api/users/login
2026-05-06 23:38:12,325 | INFO | AuthAPI | Payload -> {'email': 'raghu1@gmail.com', 'password': 'raghu1'}
2026-05-06 23:38:13,224 | INFO | AuthAPI | Response Status -> 200
2026-05-06 23:38:13,228 | INFO | test_ui_to_api_validation | STARTING E2E TEST: UI -> API
2026-05-06 23:38:13,229 | INFO | test_ui_to_api_validation | Creating note from UI | Title: E2E-0703b8b0-13d0-4503-8580-a1aed1cc2d38
2026-05-06 23:38:13,229 | INFO | NotesPage | Creating note | Title: E2E-0703b8b0-13d0-4503-8580-a1aed1cc2d38
2026-05-06 23:38:13,229 | INFO | NotesPage | Clicking element: ('xpath', "//button[text()='+ Add Note']")
2026-05-06 23:38:13,459 | INFO | NotesPage | Typing 'E2E-0703b8b0-13d0-4503-8580-a1aed1cc2d38' into element: ('id', 'title')
2026-05-06 23:38:13,565 | INFO | NotesPage | Typing 'Hybrid UI API Validation' into element: ('id', 'description')
2026-05-06 23:38:13,739 | INFO | NotesPage | Clicking element: ('xpath', "//button[contains(text(),'Create')]")
2026-05-06 23:38:13,793 | INFO | NotesPage | Note created successfully | Title: E2E-0703b8b0-13d0-4503-8580-a1aed1cc2d38
2026-05-06 23:38:13,794 | INFO | NotesPage | Checking if note exists: E2E-0703b8b0-13d0-4503-8580-a1aed1cc2d38
2026-05-06 23:38:14,062 | WARNING | NotesPage | Note NOT found: E2E-0703b8b0-13d0-4503-8580-a1aed1cc2d38
2026-05-06 23:38:14,562 | INFO | NotesPage | Checking if note exists: E2E-0703b8b0-13d0-4503-8580-a1aed1cc2d38
2026-05-06 23:38:16,411 | INFO | NotesPage | Note found: E2E-0703b8b0-13d0-4503-8580-a1aed1cc2d38
2026-05-06 23:38:16,412 | INFO | test_ui_to_api_validation | Note creation completed
2026-05-06 23:38:16,412 | INFO | NotesPage | Checking if note exists: E2E-0703b8b0-13d0-4503-8580-a1aed1cc2d38
2026-05-06 23:38:16,430 | INFO | NotesPage | Note found: E2E-0703b8b0-13d0-4503-8580-a1aed1cc2d38
2026-05-06 23:38:16,430 | INFO | test_ui_to_api_validation | Note visible in UI successfully
2026-05-06 23:38:16,430 | INFO | test_ui_to_api_validation | Calling GET /notes API
2026-05-06 23:38:16,430 | INFO | NotesAPI | GET Request -> https://practice.expandtesting.com/notes/api/notes
2026-05-06 23:38:17,485 | INFO | NotesAPI | Response Status -> 200
2026-05-06 23:38:17,485 | INFO | test_ui_to_api_validation | API Response Status: 200
2026-05-06 23:38:17,487 | INFO | test_ui_to_api_validation | API Response Time: 1.052702
2026-05-06 23:38:17,489 | INFO | test_ui_to_api_validation | Total Notes Returned: 25
2026-05-06 23:38:17,490 | INFO | test_ui_to_api_validation | Matched Note: {'id': '69fb839081124e02985b9ec7', 'title': 'E2E-0703b8b0-13d0-4503-8580-a1aed1cc2d38', 'description': 'Hybrid UI API Validation', 'category': 'Home', 'completed': False, 'created_at': '2026-05-06T18:08:16.032Z', 'updated_at': '2026-05-06T18:08:16.032Z', 'user_id': '69fb505d81124e02985b5b90'}
2026-05-06 23:38:17,491 | INFO | test_ui_to_api_validation | E2E UI -> API validation PASSED
2026-05-06 23:38:17,498 | INFO | conftest | Closing browser
2026-05-06 23:38:19,624 | INFO | conftest | Launching Chrome browser
2026-05-06 23:38:22,318 | INFO | conftest | Performing login fixture setup
2026-05-06 23:38:24,694 | INFO | LoginPage | Attempting login with email: raghu1@gmail.com
2026-05-06 23:38:24,694 | INFO | LoginPage | Typing 'raghu1@gmail.com' into element: ('id', 'email')
2026-05-06 23:38:24,797 | INFO | LoginPage | Typing 'raghu1' into element: ('id', 'password')
2026-05-06 23:38:24,896 | INFO | LoginPage | Clicking element: ('xpath', "//button[text()='Login']")
2026-05-06 23:38:25,002 | INFO | LoginPage | Login button clicked
2026-05-06 23:38:25,003 | INFO | conftest | Login fixture completed
2026-05-06 23:38:25,005 | INFO | NotesPage | Creating note | Title: Automation-42fc38b1-922a-4a52-8013-69130a893d07
2026-05-06 23:38:25,005 | INFO | NotesPage | Clicking element: ('xpath', "//button[text()='+ Add Note']")
2026-05-06 23:38:26,417 | INFO | NotesPage | Typing 'Automation-42fc38b1-922a-4a52-8013-69130a893d07' into element: ('id', 'title')
2026-05-06 23:38:26,542 | INFO | NotesPage | Typing 'This is automation testing' into element: ('id', 'description')
2026-05-06 23:38:26,738 | INFO | NotesPage | Clicking element: ('xpath', "//button[contains(text(),'Create')]")
2026-05-06 23:38:26,808 | INFO | NotesPage | Note created successfully | Title: Automation-42fc38b1-922a-4a52-8013-69130a893d07
2026-05-06 23:38:26,809 | INFO | NotesPage | Checking if note exists: Automation-42fc38b1-922a-4a52-8013-69130a893d07
2026-05-06 23:38:26,940 | WARNING | NotesPage | Note NOT found: Automation-42fc38b1-922a-4a52-8013-69130a893d07
2026-05-06 23:38:27,441 | INFO | NotesPage | Checking if note exists: Automation-42fc38b1-922a-4a52-8013-69130a893d07
2026-05-06 23:38:29,025 | INFO | NotesPage | Note found: Automation-42fc38b1-922a-4a52-8013-69130a893d07
2026-05-06 23:38:29,025 | INFO | NotesPage | Checking if note exists: Automation-42fc38b1-922a-4a52-8013-69130a893d07
2026-05-06 23:38:29,034 | INFO | NotesPage | Note found: Automation-42fc38b1-922a-4a52-8013-69130a893d07
2026-05-06 23:38:29,036 | INFO | conftest | Closing browser
2026-05-06 23:38:31,240 | INFO | conftest | Launching Chrome browser
2026-05-06 23:38:33,986 | INFO | conftest | Performing login fixture setup
2026-05-06 23:38:36,437 | INFO | LoginPage | Attempting login with email: raghu1@gmail.com
2026-05-06 23:38:36,438 | INFO | LoginPage | Typing 'raghu1@gmail.com' into element: ('id', 'email')
2026-05-06 23:38:36,615 | INFO | LoginPage | Typing 'raghu1' into element: ('id', 'password')
2026-05-06 23:38:36,663 | INFO | LoginPage | Clicking element: ('xpath', "//button[text()='Login']")
2026-05-06 23:38:36,727 | INFO | LoginPage | Login button clicked
2026-05-06 23:38:36,728 | INFO | conftest | Login fixture completed
2026-05-06 23:38:36,731 | INFO | NotesPage | Creating note | Title: Instant-560fb554-d213-42a6-aaf8-d209f24148a0
2026-05-06 23:38:36,732 | INFO | NotesPage | Clicking element: ('xpath', "//button[text()='+ Add Note']")
2026-05-06 23:38:37,899 | INFO | NotesPage | Typing 'Instant-560fb554-d213-42a6-aaf8-d209f24148a0' into element: ('id', 'title')
2026-05-06 23:38:38,015 | INFO | NotesPage | Typing 'DOM validation' into element: ('id', 'description')
2026-05-06 23:38:38,253 | INFO | NotesPage | Clicking element: ('xpath', "//button[contains(text(),'Create')]")
2026-05-06 23:38:38,322 | INFO | NotesPage | Note created successfully | Title: Instant-560fb554-d213-42a6-aaf8-d209f24148a0
2026-05-06 23:38:38,322 | INFO | NotesPage | Checking if note exists: Instant-560fb554-d213-42a6-aaf8-d209f24148a0
2026-05-06 23:38:38,456 | WARNING | NotesPage | Note NOT found: Instant-560fb554-d213-42a6-aaf8-d209f24148a0
2026-05-06 23:38:38,957 | INFO | NotesPage | Checking if note exists: Instant-560fb554-d213-42a6-aaf8-d209f24148a0
2026-05-06 23:38:40,801 | INFO | NotesPage | Note found: Instant-560fb554-d213-42a6-aaf8-d209f24148a0
2026-05-06 23:38:40,802 | INFO | NotesPage | Checking if note exists: Instant-560fb554-d213-42a6-aaf8-d209f24148a0
2026-05-06 23:38:40,826 | INFO | NotesPage | Note found: Instant-560fb554-d213-42a6-aaf8-d209f24148a0
2026-05-06 23:38:40,834 | INFO | conftest | Closing browser
2026-05-06 23:38:43,042 | INFO | conftest | Launching Chrome browser
2026-05-06 23:38:47,994 | INFO | LoginPage | Attempting login with email: raghu1@gmail.com
2026-05-06 23:38:47,994 | INFO | LoginPage | Typing 'raghu1@gmail.com' into element: ('id', 'email')
2026-05-06 23:38:48,097 | INFO | LoginPage | Typing 'raghu1' into element: ('id', 'password')
2026-05-06 23:38:48,142 | INFO | LoginPage | Clicking element: ('xpath', "//button[text()='Login']")
2026-05-06 23:38:48,230 | INFO | LoginPage | Login button clicked
2026-05-06 23:38:48,230 | INFO | LoginPage | Validating login success
2026-05-06 23:38:48,804 | INFO | conftest | Closing browser
2026-05-06 23:38:50,986 | INFO | conftest | Launching Chrome browser
2026-05-06 23:38:56,472 | INFO | LoginPage | Attempting login with email: wrong@test.com
2026-05-06 23:38:56,472 | INFO | LoginPage | Typing 'wrong@test.com' into element: ('id', 'email')
2026-05-06 23:38:56,573 | INFO | LoginPage | Typing 'Password123' into element: ('id', 'password')
2026-05-06 23:38:56,665 | INFO | LoginPage | Clicking element: ('xpath', "//button[text()='Login']")
2026-05-06 23:38:56,798 | INFO | LoginPage | Login button clicked
2026-05-06 23:38:57,377 | INFO | conftest | Closing browser
2026-05-06 23:38:59,608 | INFO | conftest | Launching Chrome browser
2026-05-06 23:39:04,527 | INFO | LoginPage | Attempting login with email: 
2026-05-06 23:39:04,528 | INFO | LoginPage | Typing '' into element: ('id', 'email')
2026-05-06 23:39:04,692 | INFO | LoginPage | Typing 'Password123' into element: ('id', 'password')
2026-05-06 23:39:04,753 | INFO | LoginPage | Clicking element: ('xpath', "//button[text()='Login']")
2026-05-06 23:39:04,829 | INFO | LoginPage | Login button clicked
2026-05-06 23:39:10,060 | INFO | conftest | Closing browser
2026-05-06 23:39:12,271 | INFO | conftest | Launching Chrome browser
2026-05-06 23:39:17,271 | INFO | LoginPage | Attempting login with email: 
2026-05-06 23:39:17,272 | INFO | LoginPage | Typing '' into element: ('id', 'email')
2026-05-06 23:39:17,381 | INFO | LoginPage | Typing '' into element: ('id', 'password')
2026-05-06 23:39:17,423 | INFO | LoginPage | Clicking element: ('xpath', "//button[text()='Login']")
2026-05-06 23:39:17,544 | INFO | LoginPage | Login button clicked
2026-05-06 23:39:22,773 | INFO | conftest | Closing browser
2026-05-06 23:39:24,989 | INFO | conftest | Launching Chrome browser
2026-05-06 23:39:27,650 | INFO | conftest | Performing login fixture setup
2026-05-06 23:39:29,941 | INFO | LoginPage | Attempting login with email: raghu1@gmail.com
2026-05-06 23:39:29,942 | INFO | LoginPage | Typing 'raghu1@gmail.com' into element: ('id', 'email')
2026-05-06 23:39:30,097 | INFO | LoginPage | Typing 'raghu1' into element: ('id', 'password')
2026-05-06 23:39:30,189 | INFO | LoginPage | Clicking element: ('xpath', "//button[text()='Login']")
2026-05-06 23:39:30,308 | INFO | LoginPage | Login button clicked
2026-05-06 23:39:30,308 | INFO | conftest | Login fixture completed
2026-05-06 23:39:30,310 | INFO | NotesPage | Clicking element: ('xpath', "//button[text()='+ Add Note']")
2026-05-06 23:39:31,587 | INFO | NotesPage | Typing 'Missing title' into element: ('id', 'description')
2026-05-06 23:39:31,903 | INFO | NotesPage | Clicking element: ('xpath', "//button[contains(text(),'Create')]")
2026-05-06 23:39:31,984 | INFO | conftest | Closing browser
2026-05-06 23:39:34,106 | INFO | conftest | Launching Chrome browser
2026-05-06 23:39:36,768 | INFO | conftest | Performing login fixture setup
2026-05-06 23:39:39,046 | INFO | LoginPage | Attempting login with email: raghu1@gmail.com
2026-05-06 23:39:39,046 | INFO | LoginPage | Typing 'raghu1@gmail.com' into element: ('id', 'email')
2026-05-06 23:39:39,143 | INFO | LoginPage | Typing 'raghu1' into element: ('id', 'password')
2026-05-06 23:39:39,193 | INFO | LoginPage | Clicking element: ('xpath', "//button[text()='Login']")
2026-05-06 23:39:39,266 | INFO | LoginPage | Login button clicked
2026-05-06 23:39:39,267 | INFO | conftest | Login fixture completed
2026-05-06 23:39:39,269 | INFO | NotesPage | Clicking element: ('xpath', "//button[text()='+ Add Note']")
2026-05-06 23:39:40,427 | INFO | NotesPage | Typing 'Negative-5927aee3-e841-491d-8727-616d0616c2b9' into element: ('id', 'title')
2026-05-06 23:39:40,740 | INFO | NotesPage | Clicking element: ('xpath', "//button[contains(text(),'Create')]")
2026-05-06 23:39:40,830 | INFO | conftest | Closing browser
2026-05-07 09:40:35,632 | INFO | AuthAPI | POST Request -> https://practice.expandtesting.com/notes/api/users/login
2026-05-07 09:40:35,633 | INFO | AuthAPI | Payload -> {'email': 'raghu1@gmail.com', 'password': 'raghu1'}
2026-05-07 09:40:35,635 | INFO | AuthAPI | POST Request -> https://practice.expandtesting.com/notes/api/users/login
2026-05-07 09:40:35,635 | INFO | AuthAPI | Payload -> {'email': 'raghu1@gmail.com', 'password': 'raghu1'}
2026-05-07 09:40:35,637 | INFO | AuthAPI | POST Request -> https://practice.expandtesting.com/notes/api/users/login
2026-05-07 09:40:35,637 | INFO | AuthAPI | Payload -> {'email': 'raghu1@gmail.com', 'password': 'raghu1'}
2026-05-07 09:40:35,638 | INFO | AuthAPI | POST Request -> https://practice.expandtesting.com/notes/api/users/login
2026-05-07 09:40:35,638 | INFO | AuthAPI | POST Request -> https://practice.expandtesting.com/notes/api/users/login
2026-05-07 09:40:35,638 | INFO | AuthAPI | Payload -> {'email': 'raghu1@gmail.com', 'password': 'raghu1'}
2026-05-07 09:40:35,638 | INFO | AuthAPI | Payload -> {'email': '', 'password': ''}
2026-05-07 09:40:36,500 | INFO | AuthAPI | Response Status -> 200
2026-05-07 09:40:36,508 | INFO | AuthAPI | POST Request -> https://practice.expandtesting.com/notes/api/users/login
2026-05-07 09:40:36,508 | INFO | AuthAPI | Payload -> {'email': 'wrong@test.com', 'password': 'wrongpass'}
2026-05-07 09:40:36,702 | INFO | AuthAPI | Response Status -> 400
2026-05-07 09:40:36,705 | INFO | AuthAPI | POST Request -> https://practice.expandtesting.com/notes/api/users/login
2026-05-07 09:40:36,705 | INFO | AuthAPI | Payload -> {'email': 'raghu1@gmail.com', 'password': 'raghu1'}
2026-05-07 09:40:36,787 | INFO | AuthAPI | Response Status -> 200
2026-05-07 09:40:36,789 | INFO | NotesAPI | GET Request -> https://practice.expandtesting.com/notes/api/notes
2026-05-07 09:40:36,816 | INFO | AuthAPI | Response Status -> 200
2026-05-07 09:40:36,818 | INFO | NotesAPI | DELETE Request -> https://practice.expandtesting.com/notes/api/notes/123456789
2026-05-07 09:40:36,894 | INFO | AuthAPI | Response Status -> 200
2026-05-07 09:40:36,897 | INFO | NotesAPI | POST Request -> https://practice.expandtesting.com/notes/api/notes
2026-05-07 09:40:36,897 | INFO | NotesAPI | Payload -> {'title': 'DELETE-5516d4dc-80b1-4750-b8f9-f2600ab1038a', 'description': 'Delete Description', 'category': 'Work'}
2026-05-07 09:40:37,007 | INFO | AuthAPI | Response Status -> 401
2026-05-07 09:40:37,024 | INFO | AuthAPI | POST Request -> https://practice.expandtesting.com/notes/api/users/login
2026-05-07 09:40:37,024 | INFO | AuthAPI | Payload -> {'email': 'raghu1@gmail.com', 'password': 'raghu1'}
2026-05-07 09:40:37,380 | INFO | AuthAPI | Response Status -> 200
2026-05-07 09:40:37,381 | INFO | NotesAPI | POST Request -> https://practice.expandtesting.com/notes/api/notes
2026-05-07 09:40:37,381 | INFO | NotesAPI | Payload -> {'title': 'API-041bc66d-31f4-45ed-bf71-ffd06bbd73ba', 'description': 'API Automation Description', 'category': 'Home'}
2026-05-07 09:40:37,433 | INFO | NotesAPI | Response Status -> 400
2026-05-07 09:40:37,436 | INFO | AuthAPI | POST Request -> https://practice.expandtesting.com/notes/api/users/login
2026-05-07 09:40:37,436 | INFO | AuthAPI | Payload -> {'email': 'raghu1@gmail.com', 'password': 'raghu1'}
2026-05-07 09:40:37,474 | INFO | NotesAPI | Response Status -> 200
2026-05-07 09:40:37,477 | INFO | NotesAPI | GET Request -> https://practice.expandtesting.com/notes/api/notes
2026-05-07 09:40:37,483 | INFO | NotesAPI | Response Status -> 200
2026-05-07 09:40:37,483 | INFO | NotesAPI | DELETE Request -> https://practice.expandtesting.com/notes/api/notes/69fc10be81124e02985be1b8
2026-05-07 09:40:37,682 | INFO | AuthAPI | Response Status -> 200
2026-05-07 09:40:37,683 | INFO | NotesAPI | POST Request -> https://practice.expandtesting.com/notes/api/notes
2026-05-07 09:40:37,684 | INFO | NotesAPI | Payload -> {'title': 'Title', 'description': '', 'category': 'Home'}
2026-05-07 09:40:37,947 | INFO | NotesAPI | Response Status -> 200
2026-05-07 09:40:37,950 | INFO | conftest | Launching Chrome browser
2026-05-07 09:40:38,181 | INFO | NotesAPI | Response Status -> 200
2026-05-07 09:40:38,181 | INFO | AuthAPI | Response Status -> 200
2026-05-07 09:40:38,181 | INFO | NotesAPI | GET Request -> https://practice.expandtesting.com/notes/api/notes
2026-05-07 09:40:38,184 | INFO | NotesAPI | POST Request -> https://practice.expandtesting.com/notes/api/notes
2026-05-07 09:40:38,184 | INFO | NotesAPI | Payload -> {'title': '', 'description': 'Description', 'category': 'Home'}
2026-05-07 09:40:38,191 | INFO | NotesAPI | Response Status -> 401
2026-05-07 09:40:38,194 | INFO | conftest | Launching Chrome browser
2026-05-07 09:40:38,423 | INFO | NotesAPI | Response Status -> 400
2026-05-07 09:40:38,425 | INFO | conftest | Launching Chrome browser
2026-05-07 09:40:38,788 | INFO | NotesAPI | Response Status -> 400
2026-05-07 09:40:38,790 | INFO | conftest | Launching Chrome browser
2026-05-07 09:40:38,798 | INFO | NotesAPI | Response Status -> 200
2026-05-07 09:40:38,804 | INFO | AuthAPI | POST Request -> https://practice.expandtesting.com/notes/api/users/login
2026-05-07 09:40:38,804 | INFO | AuthAPI | Payload -> {'email': 'raghu1@gmail.com', 'password': 'raghu1'}
2026-05-07 09:40:39,419 | INFO | AuthAPI | Response Status -> 200
2026-05-07 09:40:39,421 | INFO | test_get_notes | Starting test_get_all_notes
2026-05-07 09:40:39,421 | INFO | NotesAPI | GET Request -> https://practice.expandtesting.com/notes/api/notes
2026-05-07 09:40:40,040 | INFO | NotesAPI | Response Status -> 200
2026-05-07 09:40:40,040 | INFO | test_get_notes | Response received: 200
2026-05-07 09:40:40,040 | INFO | test_get_notes | test_get_all_notes PASSED
2026-05-07 09:40:40,044 | INFO | conftest | Launching Chrome browser
2026-05-07 09:40:46,172 | INFO | conftest | Performing login fixture setup
2026-05-07 09:40:48,078 | INFO | conftest | Performing login fixture setup
2026-05-07 09:40:48,225 | INFO | conftest | Performing login fixture setup
2026-05-07 09:40:48,502 | INFO | conftest | Performing login fixture setup
2026-05-07 09:40:48,575 | INFO | conftest | Performing login fixture setup
2026-05-07 09:40:51,013 | INFO | LoginPage | Attempting login with email: raghu1@gmail.com
2026-05-07 09:40:51,013 | INFO | LoginPage | Typing 'raghu1@gmail.com' into element: ('id', 'email')
2026-05-07 09:40:53,410 | INFO | LoginPage | Typing 'raghu1' into element: ('id', 'password')
2026-05-07 09:40:55,342 | INFO | LoginPage | Clicking element: ('xpath', "//button[text()='Login']")
2026-05-07 09:40:55,490 | INFO | LoginPage | Login button clicked
2026-05-07 09:40:55,491 | INFO | conftest | Login fixture completed
2026-05-07 09:40:55,494 | INFO | AuthAPI | POST Request -> https://practice.expandtesting.com/notes/api/users/login
2026-05-07 09:40:55,494 | INFO | AuthAPI | Payload -> {'email': 'raghu1@gmail.com', 'password': 'raghu1'}
2026-05-07 09:40:56,903 | INFO | AuthAPI | Response Status -> 200
2026-05-07 09:40:56,908 | INFO | test_ui_to_api_validation | STARTING E2E TEST: UI -> API
2026-05-07 09:40:56,909 | INFO | test_ui_to_api_validation | Creating note from UI | Title: E2E-61cd657e-86ed-4ae1-8bbb-9d814391adbd
2026-05-07 09:40:56,910 | INFO | NotesPage | Creating note | Title: E2E-61cd657e-86ed-4ae1-8bbb-9d814391adbd
2026-05-07 09:40:56,910 | INFO | NotesPage | Clicking element: ('xpath', "//button[text()='+ Add Note']")
2026-05-07 09:40:57,288 | INFO | NotesPage | Typing 'E2E-61cd657e-86ed-4ae1-8bbb-9d814391adbd' into element: ('id', 'title')
2026-05-07 09:40:57,735 | INFO | NotesPage | Typing 'Hybrid UI API Validation' into element: ('id', 'description')
2026-05-07 09:40:58,087 | INFO | NotesPage | Clicking element: ('xpath', "//button[contains(text(),'Create')]")
2026-05-07 09:40:58,266 | INFO | NotesPage | Note created successfully | Title: E2E-61cd657e-86ed-4ae1-8bbb-9d814391adbd
2026-05-07 09:40:58,266 | INFO | NotesPage | Checking if note exists: E2E-61cd657e-86ed-4ae1-8bbb-9d814391adbd
2026-05-07 09:41:01,663 | INFO | conftest | Closing browser
2026-05-07 09:41:04,132 | INFO | conftest | Launching Chrome browser
2026-05-07 09:41:09,342 | INFO | LoginPage | Attempting login with email: raghu1@gmail.com
2026-05-07 09:41:09,342 | INFO | LoginPage | Typing 'raghu1@gmail.com' into element: ('id', 'email')
2026-05-07 09:41:09,796 | INFO | LoginPage | Attempting login with email: raghu1@gmail.com
2026-05-07 09:41:09,797 | INFO | LoginPage | Typing 'raghu1@gmail.com' into element: ('id', 'email')
2026-05-07 09:41:13,277 | INFO | LoginPage | Typing 'raghu1' into element: ('id', 'password')
2026-05-07 09:41:13,694 | INFO | LoginPage | Clicking element: ('xpath', "//button[text()='Login']")
2026-05-07 09:41:14,162 | INFO | LoginPage | Login button clicked
2026-05-07 09:41:14,162 | INFO | conftest | Login fixture completed
2026-05-07 09:41:14,164 | INFO | NotesPage | Creating note | Title: Instant-45d948c7-52c8-4d26-863c-365080770d69
2026-05-07 09:41:14,165 | INFO | NotesPage | Clicking element: ('xpath', "//button[text()='+ Add Note']")
2026-05-07 09:41:14,318 | INFO | LoginPage | Attempting login with email: raghu1@gmail.com
2026-05-07 09:41:14,319 | INFO | LoginPage | Typing 'raghu1@gmail.com' into element: ('id', 'email')
2026-05-07 09:41:14,585 | INFO | LoginPage | Typing 'raghu1' into element: ('id', 'password')
2026-05-07 09:41:15,500 | INFO | NotesPage | Typing 'Instant-45d948c7-52c8-4d26-863c-365080770d69' into element: ('id', 'title')
2026-05-07 09:41:15,858 | INFO | NotesPage | Typing 'DOM validation' into element: ('id', 'description')
2026-05-07 09:41:16,351 | INFO | NotesPage | Clicking element: ('xpath', "//button[contains(text(),'Create')]")
2026-05-07 09:41:16,597 | INFO | NotesPage | Note created successfully | Title: Instant-45d948c7-52c8-4d26-863c-365080770d69
2026-05-07 09:41:16,598 | INFO | NotesPage | Checking if note exists: Instant-45d948c7-52c8-4d26-863c-365080770d69
2026-05-07 09:41:18,418 | INFO | LoginPage | Clicking element: ('xpath', "//button[text()='Login']")
2026-05-07 09:41:18,894 | INFO | LoginPage | Login button clicked
2026-05-07 09:41:18,894 | INFO | conftest | Login fixture completed
2026-05-07 09:41:18,896 | INFO | NotesPage | Creating note | Title: Automation-10765166-4345-4832-93f2-6c6e3fc17be6
2026-05-07 09:41:18,896 | INFO | NotesPage | Clicking element: ('xpath', "//button[text()='+ Add Note']")
2026-05-07 09:41:20,649 | INFO | NotesPage | Typing 'Automation-10765166-4345-4832-93f2-6c6e3fc17be6' into element: ('id', 'title')
2026-05-07 09:41:21,434 | INFO | NotesPage | Typing 'This is automation testing' into element: ('id', 'description')
2026-05-07 09:41:22,017 | INFO | LoginPage | Attempting login with email: raghu1@gmail.com
2026-05-07 09:41:22,017 | INFO | LoginPage | Typing 'raghu1@gmail.com' into element: ('id', 'email')
2026-05-07 09:41:22,420 | INFO | NotesPage | Clicking element: ('xpath', "//button[contains(text(),'Create')]")
2026-05-07 09:41:22,542 | INFO | LoginPage | Typing 'raghu1' into element: ('id', 'password')
2026-05-07 09:41:22,826 | INFO | NotesPage | Note created successfully | Title: Automation-10765166-4345-4832-93f2-6c6e3fc17be6
2026-05-07 09:41:22,827 | INFO | NotesPage | Checking if note exists: Automation-10765166-4345-4832-93f2-6c6e3fc17be6
2026-05-07 09:41:23,614 | INFO | LoginPage | Clicking element: ('xpath', "//button[text()='Login']")
2026-05-07 09:41:24,075 | INFO | LoginPage | Login button clicked
2026-05-07 09:41:24,076 | INFO | conftest | Login fixture completed
2026-05-07 09:41:24,079 | INFO | NotesPage | Clicking element: ('xpath', "//button[text()='+ Add Note']")
2026-05-07 09:41:25,530 | INFO | NotesPage | Typing 'Missing title' into element: ('id', 'description')
2026-05-07 09:41:26,123 | INFO | LoginPage | Typing 'raghu1' into element: ('id', 'password')
2026-05-07 09:41:26,161 | INFO | NotesPage | Clicking element: ('xpath', "//button[contains(text(),'Create')]")
2026-05-07 09:41:26,409 | INFO | LoginPage | Clicking element: ('xpath', "//button[text()='Login']")
2026-05-07 09:41:26,625 | INFO | conftest | Closing browser
2026-05-07 09:41:26,740 | INFO | conftest | Closing browser
2026-05-07 09:41:26,806 | INFO | LoginPage | Login button clicked
2026-05-07 09:41:26,807 | INFO | conftest | Login fixture completed
2026-05-07 09:41:26,826 | INFO | AuthAPI | POST Request -> https://practice.expandtesting.com/notes/api/users/login
2026-05-07 09:41:26,826 | INFO | AuthAPI | Payload -> {'email': 'raghu1@gmail.com', 'password': 'raghu1'}
2026-05-07 09:41:28,163 | INFO | conftest | Closing browser
2026-05-07 09:41:28,204 | INFO | AuthAPI | Response Status -> 200
2026-05-07 09:41:28,207 | INFO | test_api_to_ui_validation | STARTING E2E TEST: API -> UI
2026-05-07 09:41:28,208 | INFO | test_api_to_ui_validation | Creating note via UI | Title: DELETE-358880f2-9c55-4171-bf03-abfa3f75fac7
2026-05-07 09:41:28,209 | INFO | NotesPage | Creating note | Title: DELETE-358880f2-9c55-4171-bf03-abfa3f75fac7
2026-05-07 09:41:28,209 | INFO | NotesPage | Clicking element: ('xpath', "//button[text()='+ Add Note']")
2026-05-07 09:41:28,378 | INFO | NotesPage | Typing 'DELETE-358880f2-9c55-4171-bf03-abfa3f75fac7' into element: ('id', 'title')
2026-05-07 09:41:28,530 | INFO | NotesPage | Typing 'Delete validation' into element: ('id', 'description')
2026-05-07 09:41:28,793 | INFO | NotesPage | Clicking element: ('xpath', "//button[contains(text(),'Create')]")
2026-05-07 09:41:28,910 | INFO | NotesPage | Note created successfully | Title: DELETE-358880f2-9c55-4171-bf03-abfa3f75fac7
2026-05-07 09:41:28,910 | INFO | NotesPage | Checking if note exists: DELETE-358880f2-9c55-4171-bf03-abfa3f75fac7
2026-05-07 09:41:30,370 | INFO | conftest | Launching Chrome browser
2026-05-07 09:41:30,709 | INFO | conftest | Launching Chrome browser
2026-05-07 09:41:31,204 | INFO | conftest | Launching Chrome browser
2026-05-07 09:41:32,271 | INFO | LoginPage | Attempting login with email: 
2026-05-07 09:41:32,271 | INFO | LoginPage | Typing '' into element: ('id', 'email')
2026-05-07 09:41:32,443 | INFO | conftest | Closing browser
2026-05-07 09:41:32,500 | INFO | LoginPage | Typing 'Password123' into element: ('id', 'password')
2026-05-07 09:41:32,646 | INFO | LoginPage | Clicking element: ('xpath', "//button[text()='Login']")
2026-05-07 09:41:32,896 | INFO | LoginPage | Login button clicked
2026-05-07 09:41:34,943 | INFO | conftest | Performing login fixture setup
2026-05-07 09:41:35,193 | INFO | conftest | Launching Chrome browser
2026-05-07 09:41:38,295 | INFO | conftest | Closing browser
2026-05-07 09:41:59,992 | INFO | LoginPage | Attempting login with email: raghu1@gmail.com
2026-05-07 09:41:59,992 | INFO | LoginPage | Typing 'raghu1@gmail.com' into element: ('id', 'email')
2026-05-07 09:42:00,083 | INFO | LoginPage | Attempting login with email: wrong@test.com
2026-05-07 09:42:00,084 | INFO | LoginPage | Typing 'wrong@test.com' into element: ('id', 'email')
2026-05-07 09:42:01,111 | INFO | LoginPage | Attempting login with email: raghu1@gmail.com
2026-05-07 09:42:01,111 | INFO | LoginPage | Typing 'raghu1@gmail.com' into element: ('id', 'email')
2026-05-07 09:42:02,549 | INFO | LoginPage | Typing 'raghu1' into element: ('id', 'password')
2026-05-07 09:42:02,770 | INFO | LoginPage | Clicking element: ('xpath', "//button[text()='Login']")
2026-05-07 09:42:03,564 | INFO | LoginPage | Login button clicked
2026-05-07 09:42:03,564 | INFO | conftest | Login fixture completed
2026-05-07 09:42:03,567 | INFO | NotesPage | Clicking element: ('xpath', "//button[text()='+ Add Note']")
2026-05-07 09:42:04,002 | INFO | LoginPage | Typing 'raghu1' into element: ('id', 'password')
2026-05-07 09:42:04,331 | INFO | LoginPage | Clicking element: ('xpath', "//button[text()='Login']")
2026-05-07 09:42:04,602 | INFO | LoginPage | Typing 'Password123' into element: ('id', 'password')
2026-05-07 09:42:04,860 | INFO | LoginPage | Login button clicked
2026-05-07 09:42:04,860 | INFO | LoginPage | Validating login success
2026-05-07 09:42:04,923 | INFO | LoginPage | Clicking element: ('xpath', "//button[text()='Login']")
2026-05-07 09:42:05,182 | INFO | NotesPage | Typing 'Negative-a50836cb-9c61-44e3-b3bc-e733819a86de' into element: ('id', 'title')
2026-05-07 09:42:05,243 | INFO | LoginPage | Login button clicked
2026-05-07 09:42:05,499 | INFO | conftest | Closing browser
2026-05-07 09:42:06,123 | INFO | conftest | Closing browser
2026-05-07 09:42:06,561 | INFO | NotesPage | Clicking element: ('xpath', "//button[contains(text(),'Create')]")
2026-05-07 09:42:06,940 | INFO | LoginPage | Attempting login with email: 
2026-05-07 09:42:06,941 | INFO | LoginPage | Typing '' into element: ('id', 'email')
2026-05-07 09:42:07,441 | INFO | conftest | Closing browser
2026-05-07 09:42:07,623 | INFO | LoginPage | Typing '' into element: ('id', 'password')
2026-05-07 09:42:07,733 | INFO | LoginPage | Clicking element: ('xpath', "//button[text()='Login']")
2026-05-07 09:42:07,901 | INFO | LoginPage | Login button clicked
2026-05-07 09:42:13,089 | INFO | conftest | Closing browser
2026-05-07 09:42:32,039 | INFO | AuthAPI | POST Request -> https://practice.expandtesting.com/notes/api/users/login
2026-05-07 09:42:32,039 | INFO | AuthAPI | Payload -> {'email': '', 'password': ''}
2026-05-07 09:42:32,039 | INFO | AuthAPI | POST Request -> https://practice.expandtesting.com/notes/api/users/login
2026-05-07 09:42:32,040 | INFO | AuthAPI | Payload -> {'email': 'raghu1@gmail.com', 'password': 'raghu1'}
2026-05-07 09:42:32,040 | INFO | AuthAPI | POST Request -> https://practice.expandtesting.com/notes/api/users/login
2026-05-07 09:42:32,040 | INFO | AuthAPI | Payload -> {'email': 'raghu1@gmail.com', 'password': 'raghu1'}
2026-05-07 09:42:32,041 | INFO | AuthAPI | POST Request -> https://practice.expandtesting.com/notes/api/users/login
2026-05-07 09:42:32,041 | INFO | AuthAPI | Payload -> {'email': 'raghu1@gmail.com', 'password': 'raghu1'}
2026-05-07 09:42:32,041 | INFO | AuthAPI | POST Request -> https://practice.expandtesting.com/notes/api/users/login
2026-05-07 09:42:32,042 | INFO | AuthAPI | Payload -> {'email': 'raghu1@gmail.com', 'password': 'raghu1'}
2026-05-07 09:42:32,648 | INFO | AuthAPI | Response Status -> 400
2026-05-07 09:42:32,653 | INFO | AuthAPI | POST Request -> https://practice.expandtesting.com/notes/api/users/login
2026-05-07 09:42:32,654 | INFO | AuthAPI | Payload -> {'email': 'raghu1@gmail.com', 'password': 'raghu1'}
2026-05-07 09:42:32,768 | INFO | AuthAPI | Response Status -> 200
2026-05-07 09:42:32,770 | INFO | NotesAPI | GET Request -> https://practice.expandtesting.com/notes/api/notes
2026-05-07 09:42:32,973 | INFO | AuthAPI | Response Status -> 200
2026-05-07 09:42:32,975 | INFO | NotesAPI | POST Request -> https://practice.expandtesting.com/notes/api/notes
2026-05-07 09:42:32,975 | INFO | NotesAPI | Payload -> {'title': 'DELETE-30bd9bfd-1802-4033-a53d-26460e583955', 'description': 'Delete Description', 'category': 'Work'}
2026-05-07 09:42:33,151 | INFO | AuthAPI | Response Status -> 200
2026-05-07 09:42:33,154 | INFO | AuthAPI | POST Request -> https://practice.expandtesting.com/notes/api/users/login
2026-05-07 09:42:33,154 | INFO | AuthAPI | Payload -> {'email': 'wrong@test.com', 'password': 'wrongpass'}
2026-05-07 09:42:33,155 | INFO | AuthAPI | Response Status -> 200
2026-05-07 09:42:33,157 | INFO | NotesAPI | DELETE Request -> https://practice.expandtesting.com/notes/api/notes/123456789
2026-05-07 09:42:33,252 | INFO | AuthAPI | Response Status -> 200
2026-05-07 09:42:33,254 | INFO | NotesAPI | POST Request -> https://practice.expandtesting.com/notes/api/notes
2026-05-07 09:42:33,254 | INFO | NotesAPI | Payload -> {'title': 'API-5d0129fa-cfe6-4a0b-bc59-7d2443aa75ed', 'description': 'API Automation Description', 'category': 'Home'}
2026-05-07 09:42:33,530 | INFO | NotesAPI | Response Status -> 200
2026-05-07 09:42:33,536 | INFO | NotesAPI | GET Request -> https://practice.expandtesting.com/notes/api/notes
2026-05-07 09:42:33,693 | INFO | NotesAPI | Response Status -> 200
2026-05-07 09:42:33,693 | INFO | NotesAPI | DELETE Request -> https://practice.expandtesting.com/notes/api/notes/69fc113381124e02985be2d5
2026-05-07 09:42:33,705 | INFO | AuthAPI | Response Status -> 401
2026-05-07 09:42:33,708 | INFO | conftest | Launching Chrome browser
2026-05-07 09:42:33,799 | INFO | NotesAPI | Response Status -> 400
2026-05-07 09:42:33,799 | INFO | NotesAPI | Response Status -> 200
2026-05-07 09:42:33,803 | INFO | AuthAPI | POST Request -> https://practice.expandtesting.com/notes/api/users/login
2026-05-07 09:42:33,803 | INFO | AuthAPI | Payload -> {'email': 'raghu1@gmail.com', 'password': 'raghu1'}
2026-05-07 09:42:33,803 | INFO | AuthAPI | POST Request -> https://practice.expandtesting.com/notes/api/users/login
2026-05-07 09:42:33,803 | INFO | AuthAPI | Payload -> {'email': 'raghu1@gmail.com', 'password': 'raghu1'}
2026-05-07 09:42:34,076 | INFO | NotesAPI | Response Status -> 401
2026-05-07 09:42:34,079 | INFO | conftest | Launching Chrome browser
2026-05-07 09:42:34,331 | INFO | NotesAPI | Response Status -> 200
2026-05-07 09:42:34,331 | INFO | NotesAPI | GET Request -> https://practice.expandtesting.com/notes/api/notes
2026-05-07 09:42:34,559 | INFO | AuthAPI | Response Status -> 200
2026-05-07 09:42:34,560 | INFO | NotesAPI | POST Request -> https://practice.expandtesting.com/notes/api/notes
2026-05-07 09:42:34,560 | INFO | NotesAPI | Payload -> {'title': 'Title', 'description': '', 'category': 'Home'}
2026-05-07 09:42:34,724 | INFO | AuthAPI | Response Status -> 200
2026-05-07 09:42:34,726 | INFO | NotesAPI | POST Request -> https://practice.expandtesting.com/notes/api/notes
2026-05-07 09:42:34,726 | INFO | NotesAPI | Payload -> {'title': '', 'description': 'Description', 'category': 'Home'}
2026-05-07 09:42:34,854 | INFO | NotesAPI | Response Status -> 200
2026-05-07 09:42:34,859 | INFO | AuthAPI | POST Request -> https://practice.expandtesting.com/notes/api/users/login
2026-05-07 09:42:34,859 | INFO | AuthAPI | Payload -> {'email': 'raghu1@gmail.com', 'password': 'raghu1'}
2026-05-07 09:42:35,052 | INFO | NotesAPI | Response Status -> 400
2026-05-07 09:42:35,054 | INFO | conftest | Launching Chrome browser
2026-05-07 09:42:35,311 | INFO | NotesAPI | Response Status -> 400
2026-05-07 09:42:35,314 | INFO | conftest | Launching Chrome browser
2026-05-07 09:42:35,734 | INFO | AuthAPI | Response Status -> 200
2026-05-07 09:42:35,736 | INFO | test_get_notes | Starting test_get_all_notes
2026-05-07 09:42:35,736 | INFO | NotesAPI | GET Request -> https://practice.expandtesting.com/notes/api/notes
2026-05-07 09:42:36,255 | INFO | NotesAPI | Response Status -> 200
2026-05-07 09:42:36,255 | INFO | test_get_notes | Response received: 200
2026-05-07 09:42:36,255 | INFO | test_get_notes | test_get_all_notes PASSED
2026-05-07 09:42:36,259 | INFO | conftest | Launching Chrome browser
2026-05-07 09:42:37,494 | INFO | conftest | Performing login fixture setup
2026-05-07 09:42:38,266 | INFO | conftest | Performing login fixture setup
2026-05-07 09:42:38,798 | INFO | conftest | Performing login fixture setup
2026-05-07 09:43:00,593 | INFO | LoginPage | Attempting login with email: raghu1@gmail.com
2026-05-07 09:43:00,593 | INFO | LoginPage | Typing 'raghu1@gmail.com' into element: ('id', 'email')
2026-05-07 09:43:01,277 | INFO | LoginPage | Attempting login with email: raghu1@gmail.com
2026-05-07 09:43:01,277 | INFO | LoginPage | Typing 'raghu1@gmail.com' into element: ('id', 'email')
2026-05-07 09:43:01,881 | INFO | LoginPage | Typing 'raghu1' into element: ('id', 'password')
2026-05-07 09:43:02,347 | INFO | LoginPage | Clicking element: ('xpath', "//button[text()='Login']")
2026-05-07 09:43:02,652 | INFO | LoginPage | Login button clicked
2026-05-07 09:43:02,653 | INFO | conftest | Login fixture completed
2026-05-07 09:43:02,659 | INFO | NotesPage | Creating note | Title: Instant-27e9369a-38d6-4b58-b8fe-1b76b1adfffc
2026-05-07 09:43:02,659 | INFO | NotesPage | Clicking element: ('xpath', "//button[text()='+ Add Note']")
2026-05-07 09:43:03,459 | INFO | LoginPage | Typing 'raghu1' into element: ('id', 'password')
2026-05-07 09:43:04,094 | INFO | NotesPage | Typing 'Instant-27e9369a-38d6-4b58-b8fe-1b76b1adfffc' into element: ('id', 'title')
2026-05-07 09:43:04,402 | INFO | LoginPage | Attempting login with email: 
2026-05-07 09:43:04,403 | INFO | LoginPage | Typing '' into element: ('id', 'email')
2026-05-07 09:43:04,419 | INFO | NotesPage | Typing 'DOM validation' into element: ('id', 'description')
2026-05-07 09:43:04,547 | INFO | LoginPage | Typing 'Password123' into element: ('id', 'password')
2026-05-07 09:43:04,547 | INFO | LoginPage | Clicking element: ('xpath', "//button[text()='Login']")
2026-05-07 09:43:04,814 | INFO | LoginPage | Clicking element: ('xpath', "//button[text()='Login']")
2026-05-07 09:43:04,905 | INFO | LoginPage | Login button clicked
2026-05-07 09:43:04,905 | INFO | conftest | Login fixture completed
2026-05-07 09:43:04,908 | INFO | AuthAPI | POST Request -> https://practice.expandtesting.com/notes/api/users/login
2026-05-07 09:43:04,908 | INFO | AuthAPI | Payload -> {'email': 'raghu1@gmail.com', 'password': 'raghu1'}
2026-05-07 09:43:05,087 | INFO | NotesPage | Clicking element: ('xpath', "//button[contains(text(),'Create')]")
2026-05-07 09:43:05,359 | INFO | NotesPage | Note created successfully | Title: Instant-27e9369a-38d6-4b58-b8fe-1b76b1adfffc
2026-05-07 09:43:05,359 | INFO | NotesPage | Checking if note exists: Instant-27e9369a-38d6-4b58-b8fe-1b76b1adfffc
2026-05-07 09:43:05,402 | INFO | LoginPage | Login button clicked
2026-05-07 09:43:06,561 | INFO | AuthAPI | Response Status -> 200
2026-05-07 09:43:06,566 | INFO | test_api_to_ui_validation | STARTING E2E TEST: API -> UI
2026-05-07 09:43:06,566 | INFO | test_api_to_ui_validation | Creating note via UI | Title: DELETE-1a3d4c5c-550e-42c7-a023-032acf558248
2026-05-07 09:43:06,566 | INFO | NotesPage | Creating note | Title: DELETE-1a3d4c5c-550e-42c7-a023-032acf558248
2026-05-07 09:43:06,566 | INFO | NotesPage | Clicking element: ('xpath', "//button[text()='+ Add Note']")
2026-05-07 09:43:06,945 | INFO | NotesPage | Typing 'DELETE-1a3d4c5c-550e-42c7-a023-032acf558248' into element: ('id', 'title')
2026-05-07 09:43:07,638 | INFO | NotesPage | Typing 'Delete validation' into element: ('id', 'description')
2026-05-07 09:43:08,321 | INFO | LoginPage | Attempting login with email: raghu1@gmail.com
2026-05-07 09:43:08,322 | INFO | LoginPage | Typing 'raghu1@gmail.com' into element: ('id', 'email')
2026-05-07 09:43:09,196 | INFO | LoginPage | Attempting login with email: raghu1@gmail.com
2026-05-07 09:43:09,196 | INFO | LoginPage | Typing 'raghu1@gmail.com' into element: ('id', 'email')
2026-05-07 09:43:09,205 | INFO | NotesPage | Clicking element: ('xpath', "//button[contains(text(),'Create')]")
2026-05-07 09:43:09,822 | INFO | NotesPage | Note created successfully | Title: DELETE-1a3d4c5c-550e-42c7-a023-032acf558248
2026-05-07 09:43:09,822 | INFO | NotesPage | Checking if note exists: DELETE-1a3d4c5c-550e-42c7-a023-032acf558248
2026-05-07 09:43:10,649 | INFO | conftest | Closing browser
2026-05-07 09:43:12,239 | INFO | LoginPage | Typing 'raghu1' into element: ('id', 'password')
2026-05-07 09:43:17,092 | INFO | LoginPage | Typing 'raghu1' into element: ('id', 'password')
2026-05-07 09:43:17,293 | INFO | LoginPage | Clicking element: ('xpath', "//button[text()='Login']")
2026-05-07 09:43:17,486 | INFO | LoginPage | Login button clicked
2026-05-07 09:43:17,486 | INFO | LoginPage | Validating login success
2026-05-07 09:43:17,609 | INFO | LoginPage | Clicking element: ('xpath', "//button[text()='Login']")
2026-05-07 09:43:17,926 | INFO | conftest | Closing browser
2026-05-07 09:43:18,022 | INFO | LoginPage | Login button clicked
2026-05-07 09:43:18,022 | INFO | conftest | Login fixture completed
2026-05-07 09:43:18,027 | INFO | AuthAPI | POST Request -> https://practice.expandtesting.com/notes/api/users/login
2026-05-07 09:43:18,027 | INFO | AuthAPI | Payload -> {'email': 'raghu1@gmail.com', 'password': 'raghu1'}
2026-05-07 09:43:18,063 | INFO | conftest | Closing browser
2026-05-07 09:43:19,316 | INFO | AuthAPI | Response Status -> 200
2026-05-07 09:43:19,324 | INFO | test_ui_to_api_validation | STARTING E2E TEST: UI -> API
2026-05-07 09:43:19,325 | INFO | test_ui_to_api_validation | Creating note from UI | Title: E2E-18dece45-dfe2-4e60-8219-c736c557766f
2026-05-07 09:43:19,328 | INFO | NotesPage | Creating note | Title: E2E-18dece45-dfe2-4e60-8219-c736c557766f
2026-05-07 09:43:19,328 | INFO | NotesPage | Clicking element: ('xpath', "//button[text()='+ Add Note']")
2026-05-07 09:43:19,605 | INFO | NotesPage | Typing 'E2E-18dece45-dfe2-4e60-8219-c736c557766f' into element: ('id', 'title')
2026-05-07 09:43:19,801 | INFO | NotesPage | Typing 'Hybrid UI API Validation' into element: ('id', 'description')
2026-05-07 09:43:20,080 | INFO | NotesPage | Clicking element: ('xpath', "//button[contains(text(),'Create')]")
2026-05-07 09:43:20,256 | INFO | NotesPage | Note created successfully | Title: E2E-18dece45-dfe2-4e60-8219-c736c557766f
2026-05-07 09:43:20,256 | INFO | NotesPage | Checking if note exists: E2E-18dece45-dfe2-4e60-8219-c736c557766f
2026-05-07 09:43:21,412 | INFO | conftest | Closing browser
2026-05-07 09:43:22,762 | INFO | conftest | Closing browser
2026-05-07 09:43:25,092 | INFO | conftest | Launching Chrome browser
2026-05-07 09:43:25,268 | INFO | conftest | Launching Chrome browser
2026-05-07 09:43:25,269 | INFO | conftest | Launching Chrome browser
2026-05-07 09:43:25,317 | INFO | conftest | Launching Chrome browser
2026-05-07 09:43:25,407 | INFO | conftest | Launching Chrome browser
2026-05-07 09:43:28,667 | INFO | conftest | Performing login fixture setup
2026-05-07 09:43:28,788 | INFO | conftest | Performing login fixture setup
2026-05-07 09:43:29,429 | INFO | conftest | Performing login fixture setup
2026-05-07 09:43:30,927 | INFO | LoginPage | Attempting login with email: raghu1@gmail.com
2026-05-07 09:43:30,927 | INFO | LoginPage | Typing 'raghu1@gmail.com' into element: ('id', 'email')
2026-05-07 09:43:31,016 | INFO | LoginPage | Attempting login with email: raghu1@gmail.com
2026-05-07 09:43:31,017 | INFO | LoginPage | Typing 'raghu1@gmail.com' into element: ('id', 'email')
2026-05-07 09:43:32,695 | INFO | LoginPage | Typing 'raghu1' into element: ('id', 'password')
2026-05-07 09:43:32,817 | INFO | LoginPage | Clicking element: ('xpath', "//button[text()='Login']")
2026-05-07 09:43:33,066 | INFO | LoginPage | Login button clicked
2026-05-07 09:43:33,066 | INFO | conftest | Login fixture completed
2026-05-07 09:43:33,069 | INFO | NotesPage | Clicking element: ('xpath', "//button[text()='+ Add Note']")
2026-05-07 09:43:33,492 | INFO | LoginPage | Typing 'raghu1' into element: ('id', 'password')
2026-05-07 09:43:33,708 | INFO | LoginPage | Clicking element: ('xpath', "//button[text()='Login']")
2026-05-07 09:43:33,965 | INFO | LoginPage | Login button clicked
2026-05-07 09:43:33,965 | INFO | conftest | Login fixture completed
2026-05-07 09:43:33,967 | INFO | NotesPage | Clicking element: ('xpath', "//button[text()='+ Add Note']")
2026-05-07 09:43:34,383 | INFO | NotesPage | Typing 'Missing title' into element: ('id', 'description')
2026-05-07 09:43:34,975 | INFO | NotesPage | Clicking element: ('xpath', "//button[contains(text(),'Create')]")
2026-05-07 09:43:35,375 | INFO | NotesPage | Typing 'Negative-f77d3e04-0fa0-4ca4-a86f-512b7f56f3a6' into element: ('id', 'title')
2026-05-07 09:43:35,559 | INFO | conftest | Closing browser
2026-05-07 09:43:35,960 | INFO | NotesPage | Clicking element: ('xpath', "//button[contains(text(),'Create')]")
2026-05-07 09:43:36,251 | INFO | conftest | Closing browser
2026-05-07 09:43:52,555 | INFO | LoginPage | Attempting login with email: 
2026-05-07 09:43:52,556 | INFO | LoginPage | Typing '' into element: ('id', 'email')
2026-05-07 09:43:54,508 | INFO | LoginPage | Attempting login with email: wrong@test.com
2026-05-07 09:43:54,508 | INFO | LoginPage | Typing 'wrong@test.com' into element: ('id', 'email')
2026-05-07 09:43:54,633 | INFO | LoginPage | Typing 'Password123' into element: ('id', 'password')
2026-05-07 09:43:54,943 | INFO | LoginPage | Clicking element: ('xpath', "//button[text()='Login']")
2026-05-07 09:43:55,296 | INFO | LoginPage | Attempting login with email: raghu1@gmail.com
2026-05-07 09:43:55,296 | INFO | LoginPage | Typing 'raghu1@gmail.com' into element: ('id', 'email')
2026-05-07 09:43:55,493 | INFO | LoginPage | Typing '' into element: ('id', 'password')
2026-05-07 09:43:55,646 | INFO | LoginPage | Typing 'raghu1' into element: ('id', 'password')
2026-05-07 09:43:55,712 | INFO | LoginPage | Clicking element: ('xpath', "//button[text()='Login']")
2026-05-07 09:43:55,787 | INFO | LoginPage | Clicking element: ('xpath', "//button[text()='Login']")
2026-05-07 09:43:56,326 | INFO | LoginPage | Login button clicked
2026-05-07 09:43:56,326 | INFO | conftest | Login fixture completed
2026-05-07 09:43:56,328 | INFO | NotesPage | Creating note | Title: Automation-4d4b075f-8523-4a80-835f-cddeecba69f6
2026-05-07 09:43:56,329 | INFO | NotesPage | Clicking element: ('xpath', "//button[text()='+ Add Note']")
2026-05-07 09:43:57,537 | INFO | LoginPage | Login button clicked
2026-05-07 09:43:57,606 | INFO | LoginPage | Login button clicked
2026-05-07 09:43:58,046 | INFO | NotesPage | Typing 'Automation-4d4b075f-8523-4a80-835f-cddeecba69f6' into element: ('id', 'title')
2026-05-07 09:43:58,186 | INFO | conftest | Closing browser
2026-05-07 09:43:58,432 | INFO | NotesPage | Typing 'This is automation testing' into element: ('id', 'description')
2026-05-07 09:43:59,123 | INFO | NotesPage | Clicking element: ('xpath', "//button[contains(text(),'Create')]")
2026-05-07 09:43:59,341 | INFO | NotesPage | Note created successfully | Title: Automation-4d4b075f-8523-4a80-835f-cddeecba69f6
2026-05-07 09:43:59,341 | INFO | NotesPage | Checking if note exists: Automation-4d4b075f-8523-4a80-835f-cddeecba69f6
2026-05-07 09:44:02,686 | INFO | conftest | Closing browser
2026-05-07 09:44:03,048 | INFO | conftest | Closing browser
2026-05-07 09:44:47,004 | INFO | AuthAPI | POST Request -> https://practice.expandtesting.com/notes/api/users/login
2026-05-07 09:44:47,004 | INFO | AuthAPI | Payload -> {'email': 'raghu1@gmail.com', 'password': 'raghu1'}
2026-05-07 09:44:47,669 | INFO | AuthAPI | Response Status -> 200
2026-05-07 09:44:47,673 | INFO | AuthAPI | POST Request -> https://practice.expandtesting.com/notes/api/users/login
2026-05-07 09:44:47,673 | INFO | AuthAPI | Payload -> {'email': 'wrong@test.com', 'password': 'wrongpass'}
2026-05-07 09:44:48,177 | INFO | AuthAPI | Response Status -> 401
2026-05-07 09:44:48,181 | INFO | AuthAPI | POST Request -> https://practice.expandtesting.com/notes/api/users/login
2026-05-07 09:44:48,181 | INFO | AuthAPI | Payload -> {'email': '', 'password': ''}
2026-05-07 09:44:48,675 | INFO | AuthAPI | Response Status -> 400
2026-05-07 09:44:48,680 | INFO | AuthAPI | POST Request -> https://practice.expandtesting.com/notes/api/users/login
2026-05-07 09:44:48,680 | INFO | AuthAPI | Payload -> {'email': 'raghu1@gmail.com', 'password': 'raghu1'}
2026-05-07 09:44:49,294 | INFO | AuthAPI | Response Status -> 200
2026-05-07 09:44:49,298 | INFO | NotesAPI | POST Request -> https://practice.expandtesting.com/notes/api/notes
2026-05-07 09:44:49,298 | INFO | NotesAPI | Payload -> {'title': 'API-c70c28dc-9c22-4f71-b7ce-491ff271f8f7', 'description': 'API Automation Description', 'category': 'Home'}
2026-05-07 09:44:49,823 | INFO | NotesAPI | Response Status -> 200
2026-05-07 09:44:49,828 | INFO | AuthAPI | POST Request -> https://practice.expandtesting.com/notes/api/users/login
2026-05-07 09:44:49,828 | INFO | AuthAPI | Payload -> {'email': 'raghu1@gmail.com', 'password': 'raghu1'}
2026-05-07 09:44:50,773 | INFO | AuthAPI | Response Status -> 200
2026-05-07 09:44:50,776 | INFO | NotesAPI | POST Request -> https://practice.expandtesting.com/notes/api/notes
2026-05-07 09:44:50,776 | INFO | NotesAPI | Payload -> {'title': 'DELETE-db7db02a-1493-4930-ad46-ce4eec545f87', 'description': 'Delete Description', 'category': 'Work'}
2026-05-07 09:44:51,391 | INFO | NotesAPI | Response Status -> 200
2026-05-07 09:44:51,391 | INFO | NotesAPI | DELETE Request -> https://practice.expandtesting.com/notes/api/notes/69fc11bc81124e02985be4c9
2026-05-07 09:44:52,158 | INFO | NotesAPI | Response Status -> 200
2026-05-07 09:44:52,159 | INFO | NotesAPI | GET Request -> https://practice.expandtesting.com/notes/api/notes
2026-05-07 09:44:52,882 | INFO | NotesAPI | Response Status -> 200
2026-05-07 09:44:52,889 | INFO | AuthAPI | POST Request -> https://practice.expandtesting.com/notes/api/users/login
2026-05-07 09:44:52,889 | INFO | AuthAPI | Payload -> {'email': 'raghu1@gmail.com', 'password': 'raghu1'}
2026-05-07 09:44:53,583 | INFO | AuthAPI | Response Status -> 200
2026-05-07 09:44:53,586 | INFO | test_get_notes | Starting test_get_all_notes
2026-05-07 09:44:53,586 | INFO | NotesAPI | GET Request -> https://practice.expandtesting.com/notes/api/notes
2026-05-07 09:44:54,102 | INFO | NotesAPI | Response Status -> 200
2026-05-07 09:44:54,102 | INFO | test_get_notes | Response received: 200
2026-05-07 09:44:54,102 | INFO | test_get_notes | test_get_all_notes PASSED
2026-05-07 09:44:54,107 | INFO | AuthAPI | POST Request -> https://practice.expandtesting.com/notes/api/users/login
2026-05-07 09:44:54,108 | INFO | AuthAPI | Payload -> {'email': 'raghu1@gmail.com', 'password': 'raghu1'}
2026-05-07 09:44:54,937 | INFO | AuthAPI | Response Status -> 200
2026-05-07 09:44:54,939 | INFO | NotesAPI | GET Request -> https://practice.expandtesting.com/notes/api/notes
2026-05-07 09:44:55,454 | INFO | NotesAPI | Response Status -> 200
2026-05-07 09:44:55,460 | INFO | NotesAPI | GET Request -> https://practice.expandtesting.com/notes/api/notes
2026-05-07 09:44:55,943 | INFO | NotesAPI | Response Status -> 401
2026-05-07 09:44:55,946 | INFO | AuthAPI | POST Request -> https://practice.expandtesting.com/notes/api/users/login
2026-05-07 09:44:55,946 | INFO | AuthAPI | Payload -> {'email': 'raghu1@gmail.com', 'password': 'raghu1'}
2026-05-07 09:44:56,519 | INFO | AuthAPI | Response Status -> 200
2026-05-07 09:44:56,522 | INFO | NotesAPI | DELETE Request -> https://practice.expandtesting.com/notes/api/notes/123456789
2026-05-07 09:44:57,256 | INFO | NotesAPI | Response Status -> 400
2026-05-07 09:44:57,262 | INFO | AuthAPI | POST Request -> https://practice.expandtesting.com/notes/api/users/login
2026-05-07 09:44:57,262 | INFO | AuthAPI | Payload -> {'email': 'raghu1@gmail.com', 'password': 'raghu1'}
2026-05-07 09:44:57,844 | INFO | AuthAPI | Response Status -> 200
2026-05-07 09:44:57,847 | INFO | NotesAPI | POST Request -> https://practice.expandtesting.com/notes/api/notes
2026-05-07 09:44:57,848 | INFO | NotesAPI | Payload -> {'title': '', 'description': 'Description', 'category': 'Home'}
2026-05-07 09:44:58,333 | INFO | NotesAPI | Response Status -> 400
2026-05-07 09:44:58,339 | INFO | AuthAPI | POST Request -> https://practice.expandtesting.com/notes/api/users/login
2026-05-07 09:44:58,340 | INFO | AuthAPI | Payload -> {'email': 'raghu1@gmail.com', 'password': 'raghu1'}
2026-05-07 09:44:58,918 | INFO | AuthAPI | Response Status -> 200
2026-05-07 09:44:58,921 | INFO | NotesAPI | POST Request -> https://practice.expandtesting.com/notes/api/notes
2026-05-07 09:44:58,922 | INFO | NotesAPI | Payload -> {'title': 'Title', 'description': '', 'category': 'Home'}
2026-05-07 09:44:59,435 | INFO | NotesAPI | Response Status -> 400
2026-05-07 09:44:59,441 | INFO | conftest | Launching Chrome browser
2026-05-07 09:45:06,597 | INFO | conftest | Performing login fixture setup
2026-05-07 09:45:11,025 | INFO | LoginPage | Attempting login with email: raghu1@gmail.com
2026-05-07 09:45:11,026 | INFO | LoginPage | Typing 'raghu1@gmail.com' into element: ('id', 'email')
2026-05-07 09:45:11,090 | INFO | LoginPage | Typing 'raghu1' into element: ('id', 'password')
2026-05-07 09:45:11,136 | INFO | LoginPage | Clicking element: ('xpath', "//button[text()='Login']")
2026-05-07 09:45:11,189 | INFO | LoginPage | Login button clicked
2026-05-07 09:45:11,189 | INFO | conftest | Login fixture completed
2026-05-07 09:45:11,189 | INFO | AuthAPI | POST Request -> https://practice.expandtesting.com/notes/api/users/login
2026-05-07 09:45:11,190 | INFO | AuthAPI | Payload -> {'email': 'raghu1@gmail.com', 'password': 'raghu1'}
2026-05-07 09:45:11,805 | INFO | AuthAPI | Response Status -> 200
2026-05-07 09:45:11,809 | INFO | test_api_to_ui_validation | STARTING E2E TEST: API -> UI
2026-05-07 09:45:11,809 | INFO | test_api_to_ui_validation | Creating note via UI | Title: DELETE-6276d396-9b16-46ff-b467-4c3fe2de107a
2026-05-07 09:45:11,809 | INFO | NotesPage | Creating note | Title: DELETE-6276d396-9b16-46ff-b467-4c3fe2de107a
2026-05-07 09:45:11,809 | INFO | NotesPage | Clicking element: ('xpath', "//button[text()='+ Add Note']")
2026-05-07 09:45:11,941 | INFO | NotesPage | Typing 'DELETE-6276d396-9b16-46ff-b467-4c3fe2de107a' into element: ('id', 'title')
2026-05-07 09:45:12,038 | INFO | NotesPage | Typing 'Delete validation' into element: ('id', 'description')
2026-05-07 09:45:12,241 | INFO | NotesPage | Clicking element: ('xpath', "//button[contains(text(),'Create')]")
2026-05-07 09:45:12,302 | INFO | NotesPage | Note created successfully | Title: DELETE-6276d396-9b16-46ff-b467-4c3fe2de107a
2026-05-07 09:45:12,302 | INFO | NotesPage | Checking if note exists: DELETE-6276d396-9b16-46ff-b467-4c3fe2de107a
2026-05-07 09:45:12,513 | WARNING | NotesPage | Note NOT found: DELETE-6276d396-9b16-46ff-b467-4c3fe2de107a
2026-05-07 09:45:13,014 | INFO | NotesPage | Checking if note exists: DELETE-6276d396-9b16-46ff-b467-4c3fe2de107a
2026-05-07 09:45:14,697 | INFO | NotesPage | Note found: DELETE-6276d396-9b16-46ff-b467-4c3fe2de107a
2026-05-07 09:45:14,697 | INFO | test_api_to_ui_validation | Note created successfully
2026-05-07 09:45:14,697 | INFO | NotesPage | Checking if note exists: DELETE-6276d396-9b16-46ff-b467-4c3fe2de107a
2026-05-07 09:45:14,707 | INFO | NotesPage | Note found: DELETE-6276d396-9b16-46ff-b467-4c3fe2de107a
2026-05-07 09:45:14,707 | INFO | test_api_to_ui_validation | Note created and visible in UI
2026-05-07 09:45:14,707 | INFO | NotesAPI | GET Request -> https://practice.expandtesting.com/notes/api/notes
2026-05-07 09:45:15,237 | INFO | NotesAPI | Response Status -> 200
2026-05-07 09:45:15,237 | INFO | test_api_to_ui_validation | GET Notes Status: 200
2026-05-07 09:45:15,238 | INFO | test_api_to_ui_validation | Located Note ID: 69fc11d181124e02985be4ff
2026-05-07 09:45:15,238 | INFO | test_api_to_ui_validation | Deleting note via API | ID: 69fc11d181124e02985be4ff
2026-05-07 09:45:15,238 | INFO | NotesAPI | DELETE Request -> https://practice.expandtesting.com/notes/api/notes/69fc11d181124e02985be4ff
2026-05-07 09:45:15,742 | INFO | NotesAPI | Response Status -> 200
2026-05-07 09:45:15,742 | INFO | test_api_to_ui_validation | Delete Status: 200
2026-05-07 09:45:15,742 | INFO | test_api_to_ui_validation | Refreshing UI page
2026-05-07 09:45:15,742 | INFO | NotesPage | Refreshing browser page
2026-05-07 09:45:17,460 | INFO | NotesPage | Checking if note exists: DELETE-6276d396-9b16-46ff-b467-4c3fe2de107a
2026-05-07 09:45:17,706 | WARNING | NotesPage | Note NOT found: DELETE-6276d396-9b16-46ff-b467-4c3fe2de107a
2026-05-07 09:45:17,706 | INFO | test_api_to_ui_validation | Deleted note removed from UI successfully
2026-05-07 09:45:17,707 | INFO | test_api_to_ui_validation | E2E API -> UI validation PASSED
2026-05-07 09:45:17,709 | INFO | conftest | Closing browser
2026-05-07 09:45:19,982 | INFO | conftest | Launching Chrome browser
2026-05-07 09:45:22,642 | INFO | conftest | Performing login fixture setup
2026-05-07 09:45:46,534 | INFO | LoginPage | Attempting login with email: raghu1@gmail.com
2026-05-07 09:45:46,535 | INFO | LoginPage | Typing 'raghu1@gmail.com' into element: ('id', 'email')
2026-05-07 09:45:46,657 | INFO | LoginPage | Typing 'raghu1' into element: ('id', 'password')
2026-05-07 09:45:46,721 | INFO | LoginPage | Clicking element: ('xpath', "//button[text()='Login']")
2026-05-07 09:45:46,824 | INFO | LoginPage | Login button clicked
2026-05-07 09:45:46,824 | INFO | conftest | Login fixture completed
2026-05-07 09:45:46,826 | INFO | AuthAPI | POST Request -> https://practice.expandtesting.com/notes/api/users/login
2026-05-07 09:45:46,826 | INFO | AuthAPI | Payload -> {'email': 'raghu1@gmail.com', 'password': 'raghu1'}
2026-05-07 09:45:47,971 | INFO | AuthAPI | Response Status -> 200
2026-05-07 09:45:47,974 | INFO | test_ui_to_api_validation | STARTING E2E TEST: UI -> API
2026-05-07 09:45:47,975 | INFO | test_ui_to_api_validation | Creating note from UI | Title: E2E-c4375a22-6ebf-47d7-9688-9c198cd364aa
2026-05-07 09:45:47,975 | INFO | NotesPage | Creating note | Title: E2E-c4375a22-6ebf-47d7-9688-9c198cd364aa
2026-05-07 09:45:47,975 | INFO | NotesPage | Clicking element: ('xpath', "//button[text()='+ Add Note']")
2026-05-07 09:45:48,302 | INFO | NotesPage | Typing 'E2E-c4375a22-6ebf-47d7-9688-9c198cd364aa' into element: ('id', 'title')
2026-05-07 09:45:48,589 | INFO | NotesPage | Typing 'Hybrid UI API Validation' into element: ('id', 'description')
2026-05-07 09:45:48,781 | INFO | NotesPage | Clicking element: ('xpath', "//button[contains(text(),'Create')]")
2026-05-07 09:45:49,000 | INFO | NotesPage | Note created successfully | Title: E2E-c4375a22-6ebf-47d7-9688-9c198cd364aa
2026-05-07 09:45:49,000 | INFO | NotesPage | Checking if note exists: E2E-c4375a22-6ebf-47d7-9688-9c198cd364aa
2026-05-07 09:45:49,255 | WARNING | NotesPage | Note NOT found: E2E-c4375a22-6ebf-47d7-9688-9c198cd364aa
2026-05-07 09:45:49,756 | INFO | NotesPage | Checking if note exists: E2E-c4375a22-6ebf-47d7-9688-9c198cd364aa
2026-05-07 09:45:51,618 | INFO | NotesPage | Note found: E2E-c4375a22-6ebf-47d7-9688-9c198cd364aa
2026-05-07 09:45:51,618 | INFO | test_ui_to_api_validation | Note creation completed
2026-05-07 09:45:51,619 | INFO | NotesPage | Checking if note exists: E2E-c4375a22-6ebf-47d7-9688-9c198cd364aa
2026-05-07 09:45:51,651 | INFO | NotesPage | Note found: E2E-c4375a22-6ebf-47d7-9688-9c198cd364aa
2026-05-07 09:45:51,651 | INFO | test_ui_to_api_validation | Note visible in UI successfully
2026-05-07 09:45:51,651 | INFO | test_ui_to_api_validation | Calling GET /notes API
2026-05-07 09:45:51,651 | INFO | NotesAPI | GET Request -> https://practice.expandtesting.com/notes/api/notes
2026-05-07 09:45:52,592 | INFO | NotesAPI | Response Status -> 200
2026-05-07 09:45:52,592 | INFO | test_ui_to_api_validation | API Response Status: 200
2026-05-07 09:45:52,593 | INFO | test_ui_to_api_validation | API Response Time: 0.935898
2026-05-07 09:45:52,593 | INFO | test_ui_to_api_validation | Total Notes Returned: 39
2026-05-07 09:45:52,594 | INFO | test_ui_to_api_validation | Matched Note: {'id': '69fc11f681124e02985be592', 'title': 'E2E-c4375a22-6ebf-47d7-9688-9c198cd364aa', 'description': 'Hybrid UI API Validation', 'category': 'Home', 'completed': False, 'created_at': '2026-05-07T04:15:50.634Z', 'updated_at': '2026-05-07T04:15:50.634Z', 'user_id': '69fb505d81124e02985b5b90'}
2026-05-07 09:45:52,594 | INFO | test_ui_to_api_validation | E2E UI -> API validation PASSED
2026-05-07 09:45:52,600 | INFO | conftest | Closing browser
2026-05-07 09:45:54,856 | INFO | conftest | Launching Chrome browser
2026-05-07 09:45:57,583 | INFO | conftest | Performing login fixture setup
2026-05-07 09:46:21,808 | INFO | LoginPage | Attempting login with email: raghu1@gmail.com
2026-05-07 09:46:21,808 | INFO | LoginPage | Typing 'raghu1@gmail.com' into element: ('id', 'email')
2026-05-07 09:46:21,913 | INFO | LoginPage | Typing 'raghu1' into element: ('id', 'password')
2026-05-07 09:46:21,989 | INFO | LoginPage | Clicking element: ('xpath', "//button[text()='Login']")
2026-05-07 09:46:22,112 | INFO | LoginPage | Login button clicked
2026-05-07 09:46:22,112 | INFO | conftest | Login fixture completed
2026-05-07 09:46:22,114 | INFO | NotesPage | Creating note | Title: Automation-d0f4b1b5-6b40-414d-a24b-15df56e20846
2026-05-07 09:46:22,114 | INFO | NotesPage | Clicking element: ('xpath', "//button[text()='+ Add Note']")
2026-05-07 09:46:23,307 | INFO | NotesPage | Typing 'Automation-d0f4b1b5-6b40-414d-a24b-15df56e20846' into element: ('id', 'title')
2026-05-07 09:46:23,437 | INFO | NotesPage | Typing 'This is automation testing' into element: ('id', 'description')
2026-05-07 09:46:23,620 | INFO | NotesPage | Clicking element: ('xpath', "//button[contains(text(),'Create')]")
2026-05-07 09:46:23,760 | INFO | NotesPage | Note created successfully | Title: Automation-d0f4b1b5-6b40-414d-a24b-15df56e20846
2026-05-07 09:46:23,761 | INFO | NotesPage | Checking if note exists: Automation-d0f4b1b5-6b40-414d-a24b-15df56e20846
2026-05-07 09:46:24,019 | WARNING | NotesPage | Note NOT found: Automation-d0f4b1b5-6b40-414d-a24b-15df56e20846
2026-05-07 09:46:24,520 | INFO | NotesPage | Checking if note exists: Automation-d0f4b1b5-6b40-414d-a24b-15df56e20846
2026-05-07 09:46:26,171 | INFO | NotesPage | Note found: Automation-d0f4b1b5-6b40-414d-a24b-15df56e20846
2026-05-07 09:46:26,172 | INFO | NotesPage | Checking if note exists: Automation-d0f4b1b5-6b40-414d-a24b-15df56e20846
2026-05-07 09:46:26,197 | INFO | NotesPage | Note found: Automation-d0f4b1b5-6b40-414d-a24b-15df56e20846
2026-05-07 09:46:26,200 | INFO | conftest | Closing browser
2026-05-07 09:46:28,425 | INFO | conftest | Launching Chrome browser
2026-05-07 09:46:31,040 | INFO | conftest | Performing login fixture setup
2026-05-07 09:46:38,973 | INFO | LoginPage | Attempting login with email: raghu1@gmail.com
2026-05-07 09:46:38,973 | INFO | LoginPage | Typing 'raghu1@gmail.com' into element: ('id', 'email')
2026-05-07 09:46:39,047 | INFO | LoginPage | Typing 'raghu1' into element: ('id', 'password')
2026-05-07 09:46:39,087 | INFO | LoginPage | Clicking element: ('xpath', "//button[text()='Login']")
2026-05-07 09:46:39,142 | INFO | LoginPage | Login button clicked
2026-05-07 09:46:39,143 | INFO | conftest | Login fixture completed
2026-05-07 09:46:39,144 | INFO | NotesPage | Creating note | Title: Instant-04cecdaa-aded-4d96-af6f-443bd5c169b4
2026-05-07 09:46:39,144 | INFO | NotesPage | Clicking element: ('xpath', "//button[text()='+ Add Note']")
2026-05-07 09:46:40,336 | INFO | NotesPage | Typing 'Instant-04cecdaa-aded-4d96-af6f-443bd5c169b4' into element: ('id', 'title')
2026-05-07 09:46:40,457 | INFO | NotesPage | Typing 'DOM validation' into element: ('id', 'description')
2026-05-07 09:46:40,646 | INFO | NotesPage | Clicking element: ('xpath', "//button[contains(text(),'Create')]")
2026-05-07 09:46:40,699 | INFO | NotesPage | Note created successfully | Title: Instant-04cecdaa-aded-4d96-af6f-443bd5c169b4
2026-05-07 09:46:40,699 | INFO | NotesPage | Checking if note exists: Instant-04cecdaa-aded-4d96-af6f-443bd5c169b4
2026-05-07 09:46:43,719 | INFO | conftest | Closing browser
2026-05-07 09:46:46,036 | INFO | conftest | Launching Chrome browser
2026-05-07 09:47:12,557 | INFO | LoginPage | Attempting login with email: raghu1@gmail.com
2026-05-07 09:47:12,557 | INFO | LoginPage | Typing 'raghu1@gmail.com' into element: ('id', 'email')
2026-05-07 09:47:12,668 | INFO | LoginPage | Typing 'raghu1' into element: ('id', 'password')
2026-05-07 09:47:12,738 | INFO | LoginPage | Clicking element: ('xpath', "//button[text()='Login']")
2026-05-07 09:47:12,860 | INFO | LoginPage | Login button clicked
2026-05-07 09:47:12,861 | INFO | LoginPage | Validating login success
2026-05-07 09:47:13,422 | INFO | conftest | Closing browser
2026-05-07 09:47:15,655 | INFO | conftest | Launching Chrome browser
2026-05-07 09:47:50,568 | INFO | LoginPage | Attempting login with email: wrong@test.com
2026-05-07 09:47:50,568 | INFO | LoginPage | Typing 'wrong@test.com' into element: ('id', 'email')
2026-05-07 09:47:50,691 | INFO | LoginPage | Typing 'Password123' into element: ('id', 'password')
2026-05-07 09:47:50,770 | INFO | LoginPage | Clicking element: ('xpath', "//button[text()='Login']")
2026-05-07 09:47:50,872 | INFO | LoginPage | Login button clicked
2026-05-07 09:47:51,430 | INFO | conftest | Closing browser
2026-05-07 09:47:53,627 | INFO | conftest | Launching Chrome browser
2026-05-07 09:48:00,055 | INFO | LoginPage | Attempting login with email: 
2026-05-07 09:48:00,056 | INFO | LoginPage | Typing '' into element: ('id', 'email')
2026-05-07 09:48:00,131 | INFO | LoginPage | Typing 'Password123' into element: ('id', 'password')
2026-05-07 09:48:00,181 | INFO | LoginPage | Clicking element: ('xpath', "//button[text()='Login']")
2026-05-07 09:48:00,275 | INFO | LoginPage | Login button clicked
2026-05-07 09:48:05,612 | INFO | conftest | Closing browser
2026-05-07 09:48:07,841 | INFO | conftest | Launching Chrome browser
2026-05-07 09:48:34,455 | INFO | LoginPage | Attempting login with email: 
2026-05-07 09:48:34,456 | INFO | LoginPage | Typing '' into element: ('id', 'email')
2026-05-07 09:48:34,539 | INFO | LoginPage | Typing '' into element: ('id', 'password')
2026-05-07 09:48:34,679 | INFO | LoginPage | Clicking element: ('xpath', "//button[text()='Login']")
2026-05-07 09:48:34,825 | INFO | LoginPage | Login button clicked
2026-05-07 09:48:40,157 | INFO | conftest | Closing browser
2026-05-07 09:48:42,388 | INFO | conftest | Launching Chrome browser
2026-05-07 09:48:45,256 | INFO | conftest | Performing login fixture setup
2026-05-07 09:49:09,526 | INFO | LoginPage | Attempting login with email: raghu1@gmail.com
2026-05-07 09:49:09,527 | INFO | LoginPage | Typing 'raghu1@gmail.com' into element: ('id', 'email')
2026-05-07 09:49:09,634 | INFO | LoginPage | Typing 'raghu1' into element: ('id', 'password')
2026-05-07 09:49:09,752 | INFO | LoginPage | Clicking element: ('xpath', "//button[text()='Login']")
2026-05-07 09:49:09,910 | INFO | LoginPage | Login button clicked
2026-05-07 09:49:09,911 | INFO | conftest | Login fixture completed
2026-05-07 09:49:09,912 | INFO | NotesPage | Clicking element: ('xpath', "//button[text()='+ Add Note']")
2026-05-07 09:49:11,212 | INFO | NotesPage | Typing 'Missing title' into element: ('id', 'description')
2026-05-07 09:49:11,419 | INFO | NotesPage | Clicking element: ('xpath', "//button[contains(text(),'Create')]")
2026-05-07 09:49:11,565 | INFO | conftest | Closing browser
2026-05-07 09:49:13,852 | INFO | conftest | Launching Chrome browser
2026-05-07 09:49:16,728 | INFO | conftest | Performing login fixture setup
2026-05-07 09:49:18,911 | INFO | LoginPage | Attempting login with email: raghu1@gmail.com
2026-05-07 09:49:18,912 | INFO | LoginPage | Typing 'raghu1@gmail.com' into element: ('id', 'email')
2026-05-07 09:49:21,082 | INFO | LoginPage | Typing 'raghu1' into element: ('id', 'password')
2026-05-07 09:49:21,123 | INFO | LoginPage | Clicking element: ('xpath', "//button[text()='Login']")
2026-05-07 09:49:21,179 | INFO | LoginPage | Login button clicked
2026-05-07 09:49:21,179 | INFO | conftest | Login fixture completed
2026-05-07 09:49:21,180 | INFO | NotesPage | Clicking element: ('xpath', "//button[text()='+ Add Note']")
2026-05-07 09:49:22,467 | INFO | NotesPage | Typing 'Negative-f8c187d9-7027-4a8d-85d9-1cdc65420fea' into element: ('id', 'title')
2026-05-07 09:49:22,886 | INFO | NotesPage | Clicking element: ('xpath', "//button[contains(text(),'Create')]")
2026-05-07 09:49:23,025 | INFO | conftest | Closing browser
2026-05-07 09:50:51,300 | INFO | AuthAPI | POST Request -> https://practice.expandtesting.com/notes/api/users/login
2026-05-07 09:50:51,301 | INFO | AuthAPI | Payload -> {'email': 'raghu1@gmail.com', 'password': 'raghu1'}
2026-05-07 09:50:51,958 | INFO | AuthAPI | Response Status -> 200
2026-05-07 09:50:51,961 | INFO | AuthAPI | POST Request -> https://practice.expandtesting.com/notes/api/users/login
2026-05-07 09:50:51,961 | INFO | AuthAPI | Payload -> {'email': 'wrong@test.com', 'password': 'wrongpass'}
2026-05-07 09:50:52,712 | INFO | AuthAPI | Response Status -> 401
2026-05-07 09:50:52,717 | INFO | AuthAPI | POST Request -> https://practice.expandtesting.com/notes/api/users/login
2026-05-07 09:50:52,717 | INFO | AuthAPI | Payload -> {'email': '', 'password': ''}
2026-05-07 09:50:53,218 | INFO | AuthAPI | Response Status -> 400
2026-05-07 09:50:53,224 | INFO | AuthAPI | POST Request -> https://practice.expandtesting.com/notes/api/users/login
2026-05-07 09:50:53,224 | INFO | AuthAPI | Payload -> {'email': 'raghu1@gmail.com', 'password': 'raghu1'}
2026-05-07 09:50:53,807 | INFO | AuthAPI | Response Status -> 200
2026-05-07 09:50:53,811 | INFO | NotesAPI | POST Request -> https://practice.expandtesting.com/notes/api/notes
2026-05-07 09:50:53,811 | INFO | NotesAPI | Payload -> {'title': 'API-49562a69-c28f-4918-ad1b-04d5a6cfe5dc', 'description': 'API Automation Description', 'category': 'Home'}
2026-05-07 09:50:54,533 | INFO | NotesAPI | Response Status -> 200
2026-05-07 09:50:54,536 | INFO | AuthAPI | POST Request -> https://practice.expandtesting.com/notes/api/users/login
2026-05-07 09:50:54,536 | INFO | AuthAPI | Payload -> {'email': 'raghu1@gmail.com', 'password': 'raghu1'}
2026-05-07 09:50:55,133 | INFO | AuthAPI | Response Status -> 200
2026-05-07 09:50:55,136 | INFO | NotesAPI | POST Request -> https://practice.expandtesting.com/notes/api/notes
2026-05-07 09:50:55,136 | INFO | NotesAPI | Payload -> {'title': 'DELETE-94ed3648-8977-4d74-b84f-6bcc56545018', 'description': 'Delete Description', 'category': 'Work'}
2026-05-07 09:50:55,641 | INFO | NotesAPI | Response Status -> 200
2026-05-07 09:50:55,641 | INFO | NotesAPI | DELETE Request -> https://practice.expandtesting.com/notes/api/notes/69fc132981124e02985be974
2026-05-07 09:50:56,139 | INFO | NotesAPI | Response Status -> 200
2026-05-07 09:50:56,140 | INFO | NotesAPI | GET Request -> https://practice.expandtesting.com/notes/api/notes
2026-05-07 09:50:56,686 | INFO | NotesAPI | Response Status -> 200
2026-05-07 09:50:56,692 | INFO | AuthAPI | POST Request -> https://practice.expandtesting.com/notes/api/users/login
2026-05-07 09:50:56,693 | INFO | AuthAPI | Payload -> {'email': 'raghu1@gmail.com', 'password': 'raghu1'}
2026-05-07 09:50:57,301 | INFO | AuthAPI | Response Status -> 200
2026-05-07 09:50:57,304 | INFO | test_get_notes | Starting test_get_all_notes
2026-05-07 09:50:57,304 | INFO | NotesAPI | GET Request -> https://practice.expandtesting.com/notes/api/notes
2026-05-07 09:50:57,791 | INFO | NotesAPI | Response Status -> 200
2026-05-07 09:50:57,791 | INFO | test_get_notes | Response received: 200
2026-05-07 09:50:57,791 | INFO | test_get_notes | test_get_all_notes PASSED
2026-05-07 09:50:57,795 | INFO | AuthAPI | POST Request -> https://practice.expandtesting.com/notes/api/users/login
2026-05-07 09:50:57,795 | INFO | AuthAPI | Payload -> {'email': 'raghu1@gmail.com', 'password': 'raghu1'}
2026-05-07 09:50:58,427 | INFO | AuthAPI | Response Status -> 200
2026-05-07 09:50:58,430 | INFO | NotesAPI | GET Request -> https://practice.expandtesting.com/notes/api/notes
2026-05-07 09:50:59,039 | INFO | NotesAPI | Response Status -> 200
2026-05-07 09:50:59,045 | INFO | NotesAPI | GET Request -> https://practice.expandtesting.com/notes/api/notes
2026-05-07 09:50:59,553 | INFO | NotesAPI | Response Status -> 401
2026-05-07 09:50:59,558 | INFO | AuthAPI | POST Request -> https://practice.expandtesting.com/notes/api/users/login
2026-05-07 09:50:59,558 | INFO | AuthAPI | Payload -> {'email': 'raghu1@gmail.com', 'password': 'raghu1'}
2026-05-07 09:51:00,134 | INFO | AuthAPI | Response Status -> 200
2026-05-07 09:51:00,138 | INFO | NotesAPI | DELETE Request -> https://practice.expandtesting.com/notes/api/notes/123456789
2026-05-07 09:51:00,645 | INFO | NotesAPI | Response Status -> 400
2026-05-07 09:51:00,649 | INFO | AuthAPI | POST Request -> https://practice.expandtesting.com/notes/api/users/login
2026-05-07 09:51:00,649 | INFO | AuthAPI | Payload -> {'email': 'raghu1@gmail.com', 'password': 'raghu1'}
2026-05-07 09:51:01,246 | INFO | AuthAPI | Response Status -> 200
2026-05-07 09:51:01,250 | INFO | NotesAPI | POST Request -> https://practice.expandtesting.com/notes/api/notes
2026-05-07 09:51:01,250 | INFO | NotesAPI | Payload -> {'title': '', 'description': 'Description', 'category': 'Home'}
2026-05-07 09:51:01,805 | INFO | NotesAPI | Response Status -> 400
2026-05-07 09:51:01,810 | INFO | AuthAPI | POST Request -> https://practice.expandtesting.com/notes/api/users/login
2026-05-07 09:51:01,811 | INFO | AuthAPI | Payload -> {'email': 'raghu1@gmail.com', 'password': 'raghu1'}
2026-05-07 09:51:02,411 | INFO | AuthAPI | Response Status -> 200
2026-05-07 09:51:02,416 | INFO | NotesAPI | POST Request -> https://practice.expandtesting.com/notes/api/notes
2026-05-07 09:51:02,416 | INFO | NotesAPI | Payload -> {'title': 'Title', 'description': '', 'category': 'Home'}
2026-05-07 09:51:02,945 | INFO | NotesAPI | Response Status -> 400
2026-05-07 09:51:02,950 | INFO | conftest | Launching Chrome browser
2026-05-07 09:51:05,623 | INFO | conftest | Performing login fixture setup
2026-05-07 09:51:07,797 | INFO | LoginPage | Attempting login with email: raghu1@gmail.com
2026-05-07 09:51:07,797 | INFO | LoginPage | Typing 'raghu1@gmail.com' into element: ('id', 'email')
2026-05-07 09:51:09,683 | INFO | LoginPage | Typing 'raghu1' into element: ('id', 'password')
2026-05-07 09:51:09,733 | INFO | LoginPage | Clicking element: ('xpath', "//button[text()='Login']")
2026-05-07 09:51:09,886 | INFO | LoginPage | Login button clicked
2026-05-07 09:51:09,886 | INFO | conftest | Login fixture completed
2026-05-07 09:51:09,888 | INFO | AuthAPI | POST Request -> https://practice.expandtesting.com/notes/api/users/login
2026-05-07 09:51:09,888 | INFO | AuthAPI | Payload -> {'email': 'raghu1@gmail.com', 'password': 'raghu1'}
2026-05-07 09:51:11,203 | INFO | AuthAPI | Response Status -> 200
2026-05-07 09:51:11,207 | INFO | test_api_to_ui_validation | STARTING E2E TEST: API -> UI
2026-05-07 09:51:11,207 | INFO | test_api_to_ui_validation | Creating note via UI | Title: DELETE-0fc609ec-0887-421e-8240-63e967d1e60e
2026-05-07 09:51:11,208 | INFO | NotesPage | Creating note | Title: DELETE-0fc609ec-0887-421e-8240-63e967d1e60e
2026-05-07 09:51:11,208 | INFO | NotesPage | Clicking element: ('xpath', "//button[text()='+ Add Note']")
2026-05-07 09:51:11,309 | INFO | NotesPage | Typing 'DELETE-0fc609ec-0887-421e-8240-63e967d1e60e' into element: ('id', 'title')
2026-05-07 09:51:11,415 | INFO | NotesPage | Typing 'Delete validation' into element: ('id', 'description')
2026-05-07 09:51:11,658 | INFO | NotesPage | Clicking element: ('xpath', "//button[contains(text(),'Create')]")
2026-05-07 09:51:11,710 | INFO | NotesPage | Note created successfully | Title: DELETE-0fc609ec-0887-421e-8240-63e967d1e60e
2026-05-07 09:51:11,710 | INFO | NotesPage | Checking if note exists: DELETE-0fc609ec-0887-421e-8240-63e967d1e60e
2026-05-07 09:51:11,912 | WARNING | NotesPage | Note NOT found: DELETE-0fc609ec-0887-421e-8240-63e967d1e60e
2026-05-07 09:51:12,413 | INFO | NotesPage | Checking if note exists: DELETE-0fc609ec-0887-421e-8240-63e967d1e60e
2026-05-07 09:51:14,258 | INFO | NotesPage | Note found: DELETE-0fc609ec-0887-421e-8240-63e967d1e60e
2026-05-07 09:51:14,259 | INFO | test_api_to_ui_validation | Note created successfully
2026-05-07 09:51:14,259 | INFO | NotesPage | Checking if note exists: DELETE-0fc609ec-0887-421e-8240-63e967d1e60e
2026-05-07 09:51:14,291 | INFO | NotesPage | Note found: DELETE-0fc609ec-0887-421e-8240-63e967d1e60e
2026-05-07 09:51:14,291 | INFO | test_api_to_ui_validation | Note created and visible in UI
2026-05-07 09:51:14,291 | INFO | NotesAPI | GET Request -> https://practice.expandtesting.com/notes/api/notes
2026-05-07 09:51:15,460 | INFO | NotesAPI | Response Status -> 200
2026-05-07 09:51:15,461 | INFO | test_api_to_ui_validation | GET Notes Status: 200
2026-05-07 09:51:15,462 | INFO | test_api_to_ui_validation | Located Note ID: 69fc133981124e02985bea0a
2026-05-07 09:51:15,462 | INFO | test_api_to_ui_validation | Deleting note via API | ID: 69fc133981124e02985bea0a
2026-05-07 09:51:15,462 | INFO | NotesAPI | DELETE Request -> https://practice.expandtesting.com/notes/api/notes/69fc133981124e02985bea0a
2026-05-07 09:51:16,428 | INFO | NotesAPI | Response Status -> 200
2026-05-07 09:51:16,429 | INFO | test_api_to_ui_validation | Delete Status: 200
2026-05-07 09:51:16,429 | INFO | test_api_to_ui_validation | Refreshing UI page
2026-05-07 09:51:16,429 | INFO | NotesPage | Refreshing browser page
2026-05-07 09:51:17,892 | INFO | NotesPage | Checking if note exists: DELETE-0fc609ec-0887-421e-8240-63e967d1e60e
2026-05-07 09:51:18,412 | WARNING | NotesPage | Note NOT found: DELETE-0fc609ec-0887-421e-8240-63e967d1e60e
2026-05-07 09:51:18,412 | INFO | test_api_to_ui_validation | Deleted note removed from UI successfully
2026-05-07 09:51:18,413 | INFO | test_api_to_ui_validation | E2E API -> UI validation PASSED
2026-05-07 09:51:18,419 | INFO | conftest | Closing browser
2026-05-07 09:51:20,668 | INFO | conftest | Launching Chrome browser
2026-05-07 09:51:23,457 | INFO | conftest | Performing login fixture setup
2026-05-07 09:51:45,600 | INFO | LoginPage | Attempting login with email: raghu1@gmail.com
2026-05-07 09:51:45,600 | INFO | LoginPage | Typing 'raghu1@gmail.com' into element: ('id', 'email')
2026-05-07 09:51:48,204 | INFO | LoginPage | Typing 'raghu1' into element: ('id', 'password')
2026-05-07 09:51:48,249 | INFO | LoginPage | Clicking element: ('xpath', "//button[text()='Login']")
2026-05-07 09:51:48,320 | INFO | LoginPage | Login button clicked
2026-05-07 09:51:48,320 | INFO | conftest | Login fixture completed
2026-05-07 09:51:48,322 | INFO | AuthAPI | POST Request -> https://practice.expandtesting.com/notes/api/users/login
2026-05-07 09:51:48,322 | INFO | AuthAPI | Payload -> {'email': 'raghu1@gmail.com', 'password': 'raghu1'}
2026-05-07 09:51:49,533 | INFO | AuthAPI | Response Status -> 200
2026-05-07 09:51:49,538 | INFO | test_ui_to_api_validation | STARTING E2E TEST: UI -> API
2026-05-07 09:51:49,538 | INFO | test_ui_to_api_validation | Creating note from UI | Title: E2E-1e86e11f-db3f-4292-b097-74663c7a4fa3
2026-05-07 09:51:49,539 | INFO | NotesPage | Creating note | Title: E2E-1e86e11f-db3f-4292-b097-74663c7a4fa3
2026-05-07 09:51:49,539 | INFO | NotesPage | Clicking element: ('xpath', "//button[text()='+ Add Note']")
2026-05-07 09:51:49,779 | INFO | NotesPage | Typing 'E2E-1e86e11f-db3f-4292-b097-74663c7a4fa3' into element: ('id', 'title')
2026-05-07 09:51:49,899 | INFO | NotesPage | Typing 'Hybrid UI API Validation' into element: ('id', 'description')
2026-05-07 09:51:50,172 | INFO | NotesPage | Clicking element: ('xpath', "//button[contains(text(),'Create')]")
2026-05-07 09:51:50,505 | INFO | NotesPage | Note created successfully | Title: E2E-1e86e11f-db3f-4292-b097-74663c7a4fa3
2026-05-07 09:51:50,505 | INFO | NotesPage | Checking if note exists: E2E-1e86e11f-db3f-4292-b097-74663c7a4fa3
2026-05-07 09:51:53,664 | INFO | conftest | Closing browser
2026-05-07 09:51:56,293 | INFO | conftest | Launching Chrome browser
2026-05-07 09:51:59,039 | INFO | conftest | Performing login fixture setup
2026-05-07 09:52:29,264 | INFO | LoginPage | Attempting login with email: raghu1@gmail.com
2026-05-07 09:52:29,265 | INFO | LoginPage | Typing 'raghu1@gmail.com' into element: ('id', 'email')
2026-05-07 09:52:31,727 | INFO | LoginPage | Typing 'raghu1' into element: ('id', 'password')
2026-05-07 09:52:31,943 | INFO | LoginPage | Clicking element: ('xpath', "//button[text()='Login']")
2026-05-07 09:52:32,158 | INFO | LoginPage | Login button clicked
2026-05-07 09:52:32,158 | INFO | conftest | Login fixture completed
2026-05-07 09:52:32,161 | INFO | NotesPage | Creating note | Title: Automation-432e2dc4-2bba-4907-8b10-e85d83088b03
2026-05-07 09:52:32,161 | INFO | NotesPage | Clicking element: ('xpath', "//button[text()='+ Add Note']")
2026-05-07 09:52:33,518 | INFO | NotesPage | Typing 'Automation-432e2dc4-2bba-4907-8b10-e85d83088b03' into element: ('id', 'title')
2026-05-07 09:52:33,753 | INFO | NotesPage | Typing 'This is automation testing' into element: ('id', 'description')
2026-05-07 09:52:34,153 | INFO | NotesPage | Clicking element: ('xpath', "//button[contains(text(),'Create')]")
2026-05-07 09:52:34,415 | INFO | NotesPage | Note created successfully | Title: Automation-432e2dc4-2bba-4907-8b10-e85d83088b03
2026-05-07 09:52:34,415 | INFO | NotesPage | Checking if note exists: Automation-432e2dc4-2bba-4907-8b10-e85d83088b03
2026-05-07 09:52:38,292 | INFO | conftest | Closing browser
2026-05-07 09:52:40,663 | INFO | conftest | Launching Chrome browser
2026-05-07 09:52:43,258 | INFO | conftest | Performing login fixture setup
2026-05-07 09:52:47,729 | INFO | LoginPage | Attempting login with email: raghu1@gmail.com
2026-05-07 09:52:47,730 | INFO | LoginPage | Typing 'raghu1@gmail.com' into element: ('id', 'email')
2026-05-07 09:52:47,826 | INFO | LoginPage | Typing 'raghu1' into element: ('id', 'password')
2026-05-07 09:52:47,903 | INFO | LoginPage | Clicking element: ('xpath', "//button[text()='Login']")
2026-05-07 09:52:47,986 | INFO | LoginPage | Login button clicked
2026-05-07 09:52:47,986 | INFO | conftest | Login fixture completed
2026-05-07 09:52:47,988 | INFO | NotesPage | Creating note | Title: Instant-6697f65a-89d8-495d-923c-105ed63e6eb6
2026-05-07 09:52:47,989 | INFO | NotesPage | Clicking element: ('xpath', "//button[text()='+ Add Note']")
2026-05-07 09:52:49,235 | INFO | NotesPage | Typing 'Instant-6697f65a-89d8-495d-923c-105ed63e6eb6' into element: ('id', 'title')
2026-05-07 09:52:49,384 | INFO | NotesPage | Typing 'DOM validation' into element: ('id', 'description')
2026-05-07 09:52:49,655 | INFO | NotesPage | Clicking element: ('xpath', "//button[contains(text(),'Create')]")
2026-05-07 09:52:49,760 | INFO | NotesPage | Note created successfully | Title: Instant-6697f65a-89d8-495d-923c-105ed63e6eb6
2026-05-07 09:52:49,760 | INFO | NotesPage | Checking if note exists: Instant-6697f65a-89d8-495d-923c-105ed63e6eb6
2026-05-07 09:52:52,070 | INFO | conftest | Closing browser
2026-05-07 09:52:54,217 | INFO | conftest | Launching Chrome browser
2026-05-07 09:53:20,981 | INFO | LoginPage | Attempting login with email: raghu1@gmail.com
2026-05-07 09:53:20,982 | INFO | LoginPage | Typing 'raghu1@gmail.com' into element: ('id', 'email')
2026-05-07 09:53:21,227 | INFO | LoginPage | Typing 'raghu1' into element: ('id', 'password')
2026-05-07 09:53:21,629 | INFO | LoginPage | Clicking element: ('xpath', "//button[text()='Login']")
2026-05-07 09:53:21,847 | INFO | LoginPage | Login button clicked
2026-05-07 09:53:21,847 | INFO | LoginPage | Validating login success
2026-05-07 09:53:22,468 | INFO | conftest | Closing browser
2026-05-07 09:53:24,737 | INFO | conftest | Launching Chrome browser
2026-05-07 09:53:51,959 | INFO | LoginPage | Attempting login with email: wrong@test.com
2026-05-07 09:53:51,959 | INFO | LoginPage | Typing 'wrong@test.com' into element: ('id', 'email')
2026-05-07 09:53:52,174 | INFO | LoginPage | Typing 'Password123' into element: ('id', 'password')
2026-05-07 09:53:52,388 | INFO | LoginPage | Clicking element: ('xpath', "//button[text()='Login']")
2026-05-07 09:53:52,623 | INFO | LoginPage | Login button clicked
2026-05-07 09:53:53,241 | INFO | conftest | Closing browser
2026-05-07 09:53:55,428 | INFO | conftest | Launching Chrome browser
2026-05-07 09:54:00,156 | INFO | LoginPage | Attempting login with email: 
2026-05-07 09:54:00,157 | INFO | LoginPage | Typing '' into element: ('id', 'email')
2026-05-07 09:54:01,670 | INFO | LoginPage | Typing 'Password123' into element: ('id', 'password')
2026-05-07 09:54:01,725 | INFO | LoginPage | Clicking element: ('xpath', "//button[text()='Login']")
2026-05-07 09:54:01,793 | INFO | LoginPage | Login button clicked
2026-05-07 09:54:07,113 | INFO | conftest | Closing browser
2026-05-07 09:54:09,399 | INFO | conftest | Launching Chrome browser
2026-05-07 09:54:37,962 | INFO | conftest | Closing browser
2026-05-07 09:55:38,352 | INFO | AuthAPI | POST Request -> https://practice.expandtesting.com/notes/api/users/login
2026-05-07 09:55:38,352 | INFO | AuthAPI | Payload -> {'email': 'raghu1@gmail.com', 'password': 'raghu1'}
2026-05-07 09:55:38,955 | INFO | AuthAPI | Response Status -> 200
2026-05-07 09:55:38,963 | INFO | AuthAPI | POST Request -> https://practice.expandtesting.com/notes/api/users/login
2026-05-07 09:55:38,963 | INFO | AuthAPI | Payload -> {'email': 'wrong@test.com', 'password': 'wrongpass'}
2026-05-07 09:55:39,455 | INFO | AuthAPI | Response Status -> 401
2026-05-07 09:55:39,461 | INFO | AuthAPI | POST Request -> https://practice.expandtesting.com/notes/api/users/login
2026-05-07 09:55:39,461 | INFO | AuthAPI | Payload -> {'email': '', 'password': ''}
2026-05-07 09:55:39,951 | INFO | AuthAPI | Response Status -> 400
2026-05-07 09:55:39,954 | INFO | AuthAPI | POST Request -> https://practice.expandtesting.com/notes/api/users/login
2026-05-07 09:55:39,954 | INFO | AuthAPI | Payload -> {'email': 'raghu1@gmail.com', 'password': 'raghu1'}
2026-05-07 09:55:40,536 | INFO | AuthAPI | Response Status -> 200
2026-05-07 09:55:40,539 | INFO | NotesAPI | POST Request -> https://practice.expandtesting.com/notes/api/notes
2026-05-07 09:55:40,539 | INFO | NotesAPI | Payload -> {'title': 'API-b53eb2b5-e852-4343-9d7a-db95fffc67e1', 'description': 'API Automation Description', 'category': 'Home'}
2026-05-07 09:55:41,417 | INFO | NotesAPI | Response Status -> 200
2026-05-07 09:55:41,424 | INFO | AuthAPI | POST Request -> https://practice.expandtesting.com/notes/api/users/login
2026-05-07 09:55:41,424 | INFO | AuthAPI | Payload -> {'email': 'raghu1@gmail.com', 'password': 'raghu1'}
2026-05-07 09:55:42,033 | INFO | AuthAPI | Response Status -> 200
2026-05-07 09:55:42,035 | INFO | NotesAPI | POST Request -> https://practice.expandtesting.com/notes/api/notes
2026-05-07 09:55:42,035 | INFO | NotesAPI | Payload -> {'title': 'DELETE-18815854-346c-46ba-ad5a-7c8767fe7a12', 'description': 'Delete Description', 'category': 'Work'}
2026-05-07 09:55:42,527 | INFO | NotesAPI | Response Status -> 200
2026-05-07 09:55:42,527 | INFO | NotesAPI | DELETE Request -> https://practice.expandtesting.com/notes/api/notes/69fc144781124e02985bedae
2026-05-07 09:55:43,021 | INFO | NotesAPI | Response Status -> 200
2026-05-07 09:55:43,021 | INFO | NotesAPI | GET Request -> https://practice.expandtesting.com/notes/api/notes
2026-05-07 09:55:43,649 | INFO | NotesAPI | Response Status -> 200
2026-05-07 09:55:43,659 | INFO | AuthAPI | POST Request -> https://practice.expandtesting.com/notes/api/users/login
2026-05-07 09:55:43,659 | INFO | AuthAPI | Payload -> {'email': 'raghu1@gmail.com', 'password': 'raghu1'}
2026-05-07 09:55:44,427 | INFO | AuthAPI | Response Status -> 200
2026-05-07 09:55:44,431 | INFO | test_get_notes | Starting test_get_all_notes
2026-05-07 09:55:44,432 | INFO | NotesAPI | GET Request -> https://practice.expandtesting.com/notes/api/notes
2026-05-07 09:55:45,180 | INFO | NotesAPI | Response Status -> 200
2026-05-07 09:55:45,180 | INFO | test_get_notes | Response received: 200
2026-05-07 09:55:45,180 | INFO | test_get_notes | test_get_all_notes PASSED
2026-05-07 09:55:45,185 | INFO | AuthAPI | POST Request -> https://practice.expandtesting.com/notes/api/users/login
2026-05-07 09:55:45,185 | INFO | AuthAPI | Payload -> {'email': 'raghu1@gmail.com', 'password': 'raghu1'}
2026-05-07 09:55:45,813 | INFO | AuthAPI | Response Status -> 200
2026-05-07 09:55:45,817 | INFO | NotesAPI | GET Request -> https://practice.expandtesting.com/notes/api/notes
2026-05-07 09:55:46,392 | INFO | NotesAPI | Response Status -> 200
2026-05-07 09:55:46,396 | INFO | NotesAPI | GET Request -> https://practice.expandtesting.com/notes/api/notes
2026-05-07 09:55:46,913 | INFO | NotesAPI | Response Status -> 401
2026-05-07 09:55:46,919 | INFO | AuthAPI | POST Request -> https://practice.expandtesting.com/notes/api/users/login
2026-05-07 09:55:46,919 | INFO | AuthAPI | Payload -> {'email': 'raghu1@gmail.com', 'password': 'raghu1'}
2026-05-07 09:55:47,600 | INFO | AuthAPI | Response Status -> 200
2026-05-07 09:55:47,604 | INFO | NotesAPI | DELETE Request -> https://practice.expandtesting.com/notes/api/notes/123456789
2026-05-07 09:55:48,129 | INFO | NotesAPI | Response Status -> 400
2026-05-07 09:55:48,134 | INFO | AuthAPI | POST Request -> https://practice.expandtesting.com/notes/api/users/login
2026-05-07 09:55:48,134 | INFO | AuthAPI | Payload -> {'email': 'raghu1@gmail.com', 'password': 'raghu1'}
2026-05-07 09:55:48,784 | INFO | AuthAPI | Response Status -> 200
2026-05-07 09:55:48,788 | INFO | NotesAPI | POST Request -> https://practice.expandtesting.com/notes/api/notes
2026-05-07 09:55:48,788 | INFO | NotesAPI | Payload -> {'title': '', 'description': 'Description', 'category': 'Home'}
2026-05-07 09:55:49,525 | INFO | NotesAPI | Response Status -> 400
2026-05-07 09:55:49,531 | INFO | AuthAPI | POST Request -> https://practice.expandtesting.com/notes/api/users/login
2026-05-07 09:55:49,532 | INFO | AuthAPI | Payload -> {'email': 'raghu1@gmail.com', 'password': 'raghu1'}
2026-05-07 09:55:50,127 | INFO | AuthAPI | Response Status -> 200
2026-05-07 09:55:50,129 | INFO | NotesAPI | POST Request -> https://practice.expandtesting.com/notes/api/notes
2026-05-07 09:55:50,129 | INFO | NotesAPI | Payload -> {'title': 'Title', 'description': '', 'category': 'Home'}
2026-05-07 09:55:50,659 | INFO | NotesAPI | Response Status -> 400
2026-05-07 09:55:50,665 | INFO | conftest | Launching Chrome browser
2026-05-07 09:55:53,417 | INFO | conftest | Performing login fixture setup
2026-05-07 09:55:57,843 | INFO | LoginPage | Attempting login with email: raghu1@gmail.com
2026-05-07 09:55:57,843 | INFO | LoginPage | Typing 'raghu1@gmail.com' into element: ('id', 'email')
2026-05-07 09:55:57,921 | INFO | LoginPage | Typing 'raghu1' into element: ('id', 'password')
2026-05-07 09:55:57,965 | INFO | LoginPage | Clicking element: ('xpath', "//button[text()='Login']")
2026-05-07 09:55:58,033 | INFO | LoginPage | Login button clicked
2026-05-07 09:55:58,033 | INFO | conftest | Login fixture completed
2026-05-07 09:55:58,035 | INFO | AuthAPI | POST Request -> https://practice.expandtesting.com/notes/api/users/login
2026-05-07 09:55:58,035 | INFO | AuthAPI | Payload -> {'email': 'raghu1@gmail.com', 'password': 'raghu1'}
2026-05-07 09:55:59,106 | INFO | AuthAPI | Response Status -> 200
2026-05-07 09:55:59,110 | INFO | test_api_to_ui_validation | STARTING E2E TEST: API -> UI
2026-05-07 09:55:59,110 | INFO | test_api_to_ui_validation | Creating note via UI | Title: DELETE-2510c492-9da4-46b4-889e-5425037a2cdf
2026-05-07 09:55:59,110 | INFO | NotesPage | Creating note | Title: DELETE-2510c492-9da4-46b4-889e-5425037a2cdf
2026-05-07 09:55:59,111 | INFO | NotesPage | Clicking element: ('xpath', "//button[text()='+ Add Note']")
2026-05-07 09:55:59,446 | INFO | NotesPage | Typing 'DELETE-2510c492-9da4-46b4-889e-5425037a2cdf' into element: ('id', 'title')
2026-05-07 09:55:59,685 | INFO | NotesPage | Typing 'Delete validation' into element: ('id', 'description')
2026-05-07 09:55:59,907 | INFO | NotesPage | Clicking element: ('xpath', "//button[contains(text(),'Create')]")
2026-05-07 09:55:59,969 | INFO | NotesPage | Note created successfully | Title: DELETE-2510c492-9da4-46b4-889e-5425037a2cdf
2026-05-07 09:55:59,969 | INFO | NotesPage | Checking if note exists: DELETE-2510c492-9da4-46b4-889e-5425037a2cdf
2026-05-07 09:56:03,234 | INFO | conftest | Closing browser
2026-05-07 09:56:05,643 | INFO | conftest | Launching Chrome browser
2026-05-07 09:56:08,281 | INFO | conftest | Performing login fixture setup
2026-05-07 09:56:32,917 | INFO | LoginPage | Attempting login with email: raghu1@gmail.com
2026-05-07 09:56:32,917 | INFO | LoginPage | Typing 'raghu1@gmail.com' into element: ('id', 'email')
2026-05-07 09:56:33,115 | INFO | LoginPage | Typing 'raghu1' into element: ('id', 'password')
2026-05-07 09:56:33,295 | INFO | LoginPage | Clicking element: ('xpath', "//button[text()='Login']")
2026-05-07 09:56:33,509 | INFO | LoginPage | Login button clicked
2026-05-07 09:56:33,509 | INFO | conftest | Login fixture completed
2026-05-07 09:56:33,510 | INFO | AuthAPI | POST Request -> https://practice.expandtesting.com/notes/api/users/login
2026-05-07 09:56:33,511 | INFO | AuthAPI | Payload -> {'email': 'raghu1@gmail.com', 'password': 'raghu1'}
2026-05-07 09:56:34,159 | INFO | AuthAPI | Response Status -> 200
2026-05-07 09:56:34,160 | INFO | test_ui_to_api_validation | STARTING E2E TEST: UI -> API
2026-05-07 09:56:34,160 | INFO | test_ui_to_api_validation | Creating note from UI | Title: E2E-04c5edc5-58c9-4215-b8a5-a79124532599
2026-05-07 09:56:34,160 | INFO | NotesPage | Creating note | Title: E2E-04c5edc5-58c9-4215-b8a5-a79124532599
2026-05-07 09:56:34,160 | INFO | NotesPage | Clicking element: ('xpath', "//button[text()='+ Add Note']")
2026-05-07 09:56:34,862 | INFO | NotesPage | Typing 'E2E-04c5edc5-58c9-4215-b8a5-a79124532599' into element: ('id', 'title')
2026-05-07 09:56:35,177 | INFO | NotesPage | Typing 'Hybrid UI API Validation' into element: ('id', 'description')
2026-05-07 09:56:35,458 | INFO | NotesPage | Clicking element: ('xpath', "//button[contains(text(),'Create')]")
2026-05-07 09:56:35,586 | INFO | NotesPage | Note created successfully | Title: E2E-04c5edc5-58c9-4215-b8a5-a79124532599
2026-05-07 09:56:35,586 | INFO | NotesPage | Checking if note exists: E2E-04c5edc5-58c9-4215-b8a5-a79124532599
2026-05-07 09:56:38,217 | INFO | conftest | Closing browser
2026-05-07 09:56:40,431 | INFO | conftest | Launching Chrome browser
2026-05-07 09:56:43,176 | INFO | conftest | Performing login fixture setup
2026-05-07 09:57:05,200 | INFO | LoginPage | Attempting login with email: raghu1@gmail.com
2026-05-07 09:57:05,200 | INFO | LoginPage | Typing 'raghu1@gmail.com' into element: ('id', 'email')
2026-05-07 09:57:07,940 | INFO | LoginPage | Typing 'raghu1' into element: ('id', 'password')
2026-05-07 09:57:08,115 | INFO | LoginPage | Clicking element: ('xpath', "//button[text()='Login']")
2026-05-07 09:57:08,280 | INFO | LoginPage | Login button clicked
2026-05-07 09:57:08,280 | INFO | conftest | Login fixture completed
2026-05-07 09:57:08,281 | INFO | NotesPage | Creating note | Title: Automation-3e91bbcf-34f1-4096-84ad-a491bd51e364
2026-05-07 09:57:08,281 | INFO | NotesPage | Clicking element: ('xpath', "//button[text()='+ Add Note']")
2026-05-07 09:57:09,600 | INFO | NotesPage | Typing 'Automation-3e91bbcf-34f1-4096-84ad-a491bd51e364' into element: ('id', 'title')
2026-05-07 09:57:09,887 | INFO | NotesPage | Typing 'This is automation testing' into element: ('id', 'description')
2026-05-07 09:57:10,179 | INFO | NotesPage | Clicking element: ('xpath', "//button[contains(text(),'Create')]")
2026-05-07 09:57:10,344 | INFO | NotesPage | Note created successfully | Title: Automation-3e91bbcf-34f1-4096-84ad-a491bd51e364
2026-05-07 09:57:10,345 | INFO | NotesPage | Checking if note exists: Automation-3e91bbcf-34f1-4096-84ad-a491bd51e364
2026-05-07 09:57:14,433 | INFO | conftest | Closing browser
2026-05-07 09:57:16,689 | INFO | conftest | Launching Chrome browser
2026-05-07 09:57:19,314 | INFO | conftest | Performing login fixture setup
2026-05-07 09:57:23,259 | INFO | LoginPage | Attempting login with email: raghu1@gmail.com
2026-05-07 09:57:23,259 | INFO | LoginPage | Typing 'raghu1@gmail.com' into element: ('id', 'email')
2026-05-07 09:57:23,398 | INFO | LoginPage | Typing 'raghu1' into element: ('id', 'password')
2026-05-07 09:57:23,483 | INFO | LoginPage | Clicking element: ('xpath', "//button[text()='Login']")
2026-05-07 09:57:23,597 | INFO | LoginPage | Login button clicked
2026-05-07 09:57:23,598 | INFO | conftest | Login fixture completed
2026-05-07 09:57:23,600 | INFO | NotesPage | Creating note | Title: Instant-35454afb-7a93-49ef-b133-467e9d991f8a
2026-05-07 09:57:23,601 | INFO | NotesPage | Clicking element: ('xpath', "//button[text()='+ Add Note']")
2026-05-07 09:57:24,864 | INFO | NotesPage | Typing 'Instant-35454afb-7a93-49ef-b133-467e9d991f8a' into element: ('id', 'title')
2026-05-07 09:57:24,987 | INFO | NotesPage | Typing 'DOM validation' into element: ('id', 'description')
2026-05-07 09:57:25,204 | INFO | NotesPage | Clicking element: ('xpath', "//button[contains(text(),'Create')]")
2026-05-07 09:57:25,309 | INFO | NotesPage | Note created successfully | Title: Instant-35454afb-7a93-49ef-b133-467e9d991f8a
2026-05-07 09:57:25,309 | INFO | NotesPage | Checking if note exists: Instant-35454afb-7a93-49ef-b133-467e9d991f8a
2026-05-07 09:57:28,467 | INFO | conftest | Closing browser
2026-05-07 09:57:30,718 | INFO | conftest | Launching Chrome browser
2026-05-07 09:58:04,810 | INFO | LoginPage | Attempting login with email: raghu1@gmail.com
2026-05-07 09:58:04,811 | INFO | LoginPage | Typing 'raghu1@gmail.com' into element: ('id', 'email')
2026-05-07 09:58:04,935 | INFO | LoginPage | Typing 'raghu1' into element: ('id', 'password')
2026-05-07 09:58:05,006 | INFO | LoginPage | Clicking element: ('xpath', "//button[text()='Login']")
2026-05-07 09:58:05,092 | INFO | LoginPage | Login button clicked
2026-05-07 09:58:05,092 | INFO | LoginPage | Validating login success
2026-05-07 09:58:05,674 | INFO | conftest | Closing browser
2026-05-07 09:58:07,915 | INFO | conftest | Launching Chrome browser
2026-05-07 09:58:34,327 | INFO | LoginPage | Attempting login with email: wrong@test.com
2026-05-07 09:58:34,327 | INFO | LoginPage | Typing 'wrong@test.com' into element: ('id', 'email')
2026-05-07 09:58:34,450 | INFO | LoginPage | Typing 'Password123' into element: ('id', 'password')
2026-05-07 09:58:34,630 | INFO | LoginPage | Clicking element: ('xpath', "//button[text()='Login']")
2026-05-07 09:58:34,719 | INFO | LoginPage | Login button clicked
2026-05-07 09:58:35,283 | INFO | conftest | Closing browser
2026-05-07 09:58:37,515 | INFO | conftest | Launching Chrome browser
2026-05-07 09:58:44,632 | INFO | LoginPage | Attempting login with email: 
2026-05-07 09:58:44,632 | INFO | LoginPage | Typing '' into element: ('id', 'email')
2026-05-07 09:58:44,678 | INFO | LoginPage | Typing 'Password123' into element: ('id', 'password')
2026-05-07 09:58:44,724 | INFO | LoginPage | Clicking element: ('xpath', "//button[text()='Login']")
2026-05-07 09:58:44,789 | INFO | LoginPage | Login button clicked
2026-05-07 09:58:50,061 | INFO | conftest | Closing browser
2026-05-07 09:58:52,286 | INFO | conftest | Launching Chrome browser
2026-05-07 09:59:19,398 | INFO | LoginPage | Attempting login with email: 
2026-05-07 09:59:19,398 | INFO | LoginPage | Typing '' into element: ('id', 'email')
2026-05-07 09:59:19,470 | INFO | LoginPage | Typing '' into element: ('id', 'password')
2026-05-07 09:59:19,527 | INFO | LoginPage | Clicking element: ('xpath', "//button[text()='Login']")
2026-05-07 09:59:19,721 | INFO | LoginPage | Login button clicked
2026-05-07 09:59:24,964 | INFO | conftest | Closing browser
2026-05-07 09:59:27,195 | INFO | conftest | Launching Chrome browser
2026-05-07 09:59:29,814 | INFO | conftest | Performing login fixture setup
2026-05-07 09:59:32,165 | INFO | conftest | Closing browser
2026-05-07 10:01:59,910 | INFO | AuthAPI | POST Request -> https://practice.expandtesting.com/notes/api/users/login
2026-05-07 10:01:59,910 | INFO | AuthAPI | Payload -> {'email': 'raghu1@gmail.com', 'password': 'raghu1'}
2026-05-07 10:02:00,714 | INFO | AuthAPI | Response Status -> 200
2026-05-07 10:02:00,718 | INFO | AuthAPI | POST Request -> https://practice.expandtesting.com/notes/api/users/login
2026-05-07 10:02:00,718 | INFO | AuthAPI | Payload -> {'email': 'wrong@test.com', 'password': 'wrongpass'}
2026-05-07 10:02:01,206 | INFO | AuthAPI | Response Status -> 401
2026-05-07 10:02:01,210 | INFO | AuthAPI | POST Request -> https://practice.expandtesting.com/notes/api/users/login
2026-05-07 10:02:01,210 | INFO | AuthAPI | Payload -> {'email': '', 'password': ''}
2026-05-07 10:02:01,724 | INFO | AuthAPI | Response Status -> 400
2026-05-07 10:02:01,729 | INFO | AuthAPI | POST Request -> https://practice.expandtesting.com/notes/api/users/login
2026-05-07 10:02:01,729 | INFO | AuthAPI | Payload -> {'email': 'raghu1@gmail.com', 'password': 'raghu1'}
2026-05-07 10:02:02,390 | INFO | AuthAPI | Response Status -> 200
2026-05-07 10:02:02,393 | INFO | NotesAPI | POST Request -> https://practice.expandtesting.com/notes/api/notes
2026-05-07 10:02:02,393 | INFO | NotesAPI | Payload -> {'title': 'API-3ee9d6e0-6e83-4024-b112-ddac27e0d1a5', 'description': 'API Automation Description', 'category': 'Home'}
2026-05-07 10:02:02,943 | INFO | NotesAPI | Response Status -> 200
2026-05-07 10:02:02,949 | INFO | AuthAPI | POST Request -> https://practice.expandtesting.com/notes/api/users/login
2026-05-07 10:02:02,949 | INFO | AuthAPI | Payload -> {'email': 'raghu1@gmail.com', 'password': 'raghu1'}
2026-05-07 10:02:03,910 | INFO | AuthAPI | Response Status -> 200
2026-05-07 10:02:03,913 | INFO | NotesAPI | POST Request -> https://practice.expandtesting.com/notes/api/notes
2026-05-07 10:02:03,914 | INFO | NotesAPI | Payload -> {'title': 'DELETE-5d27b4d5-f4b0-4326-9150-f84577bef21a', 'description': 'Delete Description', 'category': 'Work'}
2026-05-07 10:02:04,637 | INFO | NotesAPI | Response Status -> 200
2026-05-07 10:02:04,637 | INFO | NotesAPI | DELETE Request -> https://practice.expandtesting.com/notes/api/notes/69fc15c681124e02985bf2f5
2026-05-07 10:02:05,147 | INFO | NotesAPI | Response Status -> 200
2026-05-07 10:02:05,148 | INFO | NotesAPI | GET Request -> https://practice.expandtesting.com/notes/api/notes
2026-05-07 10:02:05,721 | INFO | NotesAPI | Response Status -> 200
2026-05-07 10:02:05,728 | INFO | AuthAPI | POST Request -> https://practice.expandtesting.com/notes/api/users/login
2026-05-07 10:02:05,728 | INFO | AuthAPI | Payload -> {'email': 'raghu1@gmail.com', 'password': 'raghu1'}
2026-05-07 10:02:06,545 | INFO | AuthAPI | Response Status -> 200
2026-05-07 10:02:06,548 | INFO | test_get_notes | Starting test_get_all_notes
2026-05-07 10:02:06,549 | INFO | NotesAPI | GET Request -> https://practice.expandtesting.com/notes/api/notes
2026-05-07 10:02:07,054 | INFO | NotesAPI | Response Status -> 200
2026-05-07 10:02:07,054 | INFO | test_get_notes | Response received: 200
2026-05-07 10:02:07,055 | INFO | test_get_notes | test_get_all_notes PASSED
2026-05-07 10:02:07,060 | INFO | AuthAPI | POST Request -> https://practice.expandtesting.com/notes/api/users/login
2026-05-07 10:02:07,060 | INFO | AuthAPI | Payload -> {'email': 'raghu1@gmail.com', 'password': 'raghu1'}
2026-05-07 10:02:07,658 | INFO | AuthAPI | Response Status -> 200
2026-05-07 10:02:07,662 | INFO | NotesAPI | GET Request -> https://practice.expandtesting.com/notes/api/notes
2026-05-07 10:02:08,217 | INFO | NotesAPI | Response Status -> 200
2026-05-07 10:02:08,223 | INFO | NotesAPI | GET Request -> https://practice.expandtesting.com/notes/api/notes
2026-05-07 10:02:08,733 | INFO | NotesAPI | Response Status -> 401
2026-05-07 10:02:08,739 | INFO | AuthAPI | POST Request -> https://practice.expandtesting.com/notes/api/users/login
2026-05-07 10:02:08,739 | INFO | AuthAPI | Payload -> {'email': 'raghu1@gmail.com', 'password': 'raghu1'}
2026-05-07 10:02:09,346 | INFO | AuthAPI | Response Status -> 200
2026-05-07 10:02:09,350 | INFO | NotesAPI | DELETE Request -> https://practice.expandtesting.com/notes/api/notes/123456789
2026-05-07 10:02:09,844 | INFO | NotesAPI | Response Status -> 400
2026-05-07 10:02:09,850 | INFO | AuthAPI | POST Request -> https://practice.expandtesting.com/notes/api/users/login
2026-05-07 10:02:09,850 | INFO | AuthAPI | Payload -> {'email': 'raghu1@gmail.com', 'password': 'raghu1'}
2026-05-07 10:02:10,688 | INFO | AuthAPI | Response Status -> 200
2026-05-07 10:02:10,690 | INFO | NotesAPI | POST Request -> https://practice.expandtesting.com/notes/api/notes
2026-05-07 10:02:10,690 | INFO | NotesAPI | Payload -> {'title': '', 'description': 'Description', 'category': 'Home'}
2026-05-07 10:02:11,219 | INFO | NotesAPI | Response Status -> 400
2026-05-07 10:02:11,224 | INFO | AuthAPI | POST Request -> https://practice.expandtesting.com/notes/api/users/login
2026-05-07 10:02:11,225 | INFO | AuthAPI | Payload -> {'email': 'raghu1@gmail.com', 'password': 'raghu1'}
2026-05-07 10:02:12,094 | INFO | AuthAPI | Response Status -> 200
2026-05-07 10:02:12,096 | INFO | NotesAPI | POST Request -> https://practice.expandtesting.com/notes/api/notes
2026-05-07 10:02:12,096 | INFO | NotesAPI | Payload -> {'title': 'Title', 'description': '', 'category': 'Home'}
2026-05-07 10:02:12,616 | INFO | NotesAPI | Response Status -> 400
2026-05-07 10:02:12,621 | INFO | conftest | Launching Chrome browser
2026-05-07 10:02:15,414 | INFO | conftest | Performing login fixture setup
2026-05-07 10:02:37,452 | INFO | LoginPage | Attempting login with email: raghu1@gmail.com
2026-05-07 10:02:37,453 | INFO | LoginPage | Typing 'raghu1@gmail.com' into element: ('id', 'email')
2026-05-07 10:02:40,132 | INFO | LoginPage | Typing 'raghu1' into element: ('id', 'password')
2026-05-07 10:02:40,298 | INFO | LoginPage | Clicking element: ('xpath', "//button[text()='Login']")
2026-05-07 10:02:40,529 | INFO | LoginPage | Login button clicked
2026-05-07 10:02:40,529 | INFO | conftest | Login fixture completed
2026-05-07 10:02:40,530 | INFO | AuthAPI | POST Request -> https://practice.expandtesting.com/notes/api/users/login
2026-05-07 10:02:40,530 | INFO | AuthAPI | Payload -> {'email': 'raghu1@gmail.com', 'password': 'raghu1'}
2026-05-07 10:02:41,162 | INFO | AuthAPI | Response Status -> 200
2026-05-07 10:02:41,164 | INFO | test_api_to_ui_validation | STARTING E2E TEST: API -> UI
2026-05-07 10:02:41,164 | INFO | test_api_to_ui_validation | Creating note via UI | Title: DELETE-d093e630-5208-43fe-aa76-4fa86035a4a9
2026-05-07 10:02:41,165 | INFO | NotesPage | Creating note | Title: DELETE-d093e630-5208-43fe-aa76-4fa86035a4a9
2026-05-07 10:02:41,165 | INFO | NotesPage | Clicking element: ('xpath', "//button[text()='+ Add Note']")
2026-05-07 10:02:41,959 | INFO | NotesPage | Typing 'DELETE-d093e630-5208-43fe-aa76-4fa86035a4a9' into element: ('id', 'title')
2026-05-07 10:02:42,166 | INFO | NotesPage | Typing 'Delete validation' into element: ('id', 'description')
2026-05-07 10:02:42,476 | INFO | NotesPage | Clicking element: ('xpath', "//button[contains(text(),'Create')]")
2026-05-07 10:02:42,574 | INFO | NotesPage | Note created successfully | Title: DELETE-d093e630-5208-43fe-aa76-4fa86035a4a9
2026-05-07 10:02:42,574 | INFO | NotesPage | Checking if note exists: DELETE-d093e630-5208-43fe-aa76-4fa86035a4a9
2026-05-07 10:02:45,684 | INFO | conftest | Closing browser
2026-05-07 10:02:47,997 | INFO | conftest | Launching Chrome browser
2026-05-07 10:02:50,836 | INFO | conftest | Performing login fixture setup
2026-05-07 10:02:55,316 | INFO | LoginPage | Attempting login with email: raghu1@gmail.com
2026-05-07 10:02:55,317 | INFO | LoginPage | Typing 'raghu1@gmail.com' into element: ('id', 'email')
2026-05-07 10:02:55,404 | INFO | LoginPage | Typing 'raghu1' into element: ('id', 'password')
2026-05-07 10:02:55,491 | INFO | LoginPage | Clicking element: ('xpath', "//button[text()='Login']")
2026-05-07 10:02:55,624 | INFO | LoginPage | Login button clicked
2026-05-07 10:02:55,624 | INFO | conftest | Login fixture completed
2026-05-07 10:02:55,625 | INFO | AuthAPI | POST Request -> https://practice.expandtesting.com/notes/api/users/login
2026-05-07 10:02:55,625 | INFO | AuthAPI | Payload -> {'email': 'raghu1@gmail.com', 'password': 'raghu1'}
2026-05-07 10:02:56,941 | INFO | AuthAPI | Response Status -> 200
2026-05-07 10:02:56,945 | INFO | test_ui_to_api_validation | STARTING E2E TEST: UI -> API
2026-05-07 10:02:56,945 | INFO | test_ui_to_api_validation | Creating note from UI | Title: E2E-c85d8209-fbf2-4eda-bf3f-26031f38b1d3
2026-05-07 10:02:56,945 | INFO | NotesPage | Creating note | Title: E2E-c85d8209-fbf2-4eda-bf3f-26031f38b1d3
2026-05-07 10:02:56,945 | INFO | NotesPage | Clicking element: ('xpath', "//button[text()='+ Add Note']")
2026-05-07 10:02:57,031 | INFO | NotesPage | Typing 'E2E-c85d8209-fbf2-4eda-bf3f-26031f38b1d3' into element: ('id', 'title')
2026-05-07 10:02:57,119 | INFO | NotesPage | Typing 'Hybrid UI API Validation' into element: ('id', 'description')
2026-05-07 10:02:57,371 | INFO | NotesPage | Clicking element: ('xpath', "//button[contains(text(),'Create')]")
2026-05-07 10:02:57,421 | INFO | NotesPage | Note created successfully | Title: E2E-c85d8209-fbf2-4eda-bf3f-26031f38b1d3
2026-05-07 10:02:57,421 | INFO | NotesPage | Checking if note exists: E2E-c85d8209-fbf2-4eda-bf3f-26031f38b1d3
2026-05-07 10:02:59,844 | INFO | conftest | Closing browser
2026-05-07 10:03:02,073 | INFO | conftest | Launching Chrome browser
2026-05-07 10:03:04,706 | INFO | conftest | Performing login fixture setup
2026-05-07 10:03:26,700 | INFO | LoginPage | Attempting login with email: raghu1@gmail.com
2026-05-07 10:03:26,700 | INFO | LoginPage | Typing 'raghu1@gmail.com' into element: ('id', 'email')
2026-05-07 10:03:29,129 | INFO | LoginPage | Typing 'raghu1' into element: ('id', 'password')
2026-05-07 10:03:29,272 | INFO | LoginPage | Clicking element: ('xpath', "//button[text()='Login']")
2026-05-07 10:03:29,508 | INFO | LoginPage | Login button clicked
2026-05-07 10:03:29,508 | INFO | conftest | Login fixture completed
2026-05-07 10:03:29,510 | INFO | NotesPage | Creating note | Title: Automation-69a6c65a-1697-4855-9c52-0d8edc57d253
2026-05-07 10:03:29,511 | INFO | NotesPage | Clicking element: ('xpath', "//button[text()='+ Add Note']")
2026-05-07 10:03:30,647 | INFO | NotesPage | Typing 'Automation-69a6c65a-1697-4855-9c52-0d8edc57d253' into element: ('id', 'title')
2026-05-07 10:03:30,822 | INFO | NotesPage | Typing 'This is automation testing' into element: ('id', 'description')
2026-05-07 10:03:31,107 | INFO | NotesPage | Clicking element: ('xpath', "//button[contains(text(),'Create')]")
2026-05-07 10:03:31,213 | INFO | NotesPage | Note created successfully | Title: Automation-69a6c65a-1697-4855-9c52-0d8edc57d253
2026-05-07 10:03:31,213 | INFO | NotesPage | Checking if note exists: Automation-69a6c65a-1697-4855-9c52-0d8edc57d253
2026-05-07 10:03:31,550 | WARNING | NotesPage | Note NOT found: Automation-69a6c65a-1697-4855-9c52-0d8edc57d253
2026-05-07 10:03:32,051 | INFO | NotesPage | Checking if note exists: Automation-69a6c65a-1697-4855-9c52-0d8edc57d253
2026-05-07 10:03:33,673 | INFO | NotesPage | Note found: Automation-69a6c65a-1697-4855-9c52-0d8edc57d253
2026-05-07 10:03:33,674 | INFO | NotesPage | Checking if note exists: Automation-69a6c65a-1697-4855-9c52-0d8edc57d253
2026-05-07 10:03:33,686 | INFO | NotesPage | Note found: Automation-69a6c65a-1697-4855-9c52-0d8edc57d253
2026-05-07 10:03:33,687 | INFO | conftest | Closing browser
2026-05-07 10:03:35,922 | INFO | conftest | Launching Chrome browser
2026-05-07 10:03:38,605 | INFO | conftest | Performing login fixture setup
2026-05-07 10:04:04,767 | INFO | LoginPage | Attempting login with email: raghu1@gmail.com
2026-05-07 10:04:04,767 | INFO | LoginPage | Typing 'raghu1@gmail.com' into element: ('id', 'email')
2026-05-07 10:04:04,882 | INFO | LoginPage | Typing 'raghu1' into element: ('id', 'password')
2026-05-07 10:04:04,973 | INFO | LoginPage | Clicking element: ('xpath', "//button[text()='Login']")
2026-05-07 10:04:06,157 | INFO | conftest | Closing browser
2026-05-07 10:04:08,431 | INFO | conftest | Launching Chrome browser
2026-05-07 10:04:15,570 | INFO | LoginPage | Attempting login with email: raghu1@gmail.com
2026-05-07 10:04:15,570 | INFO | LoginPage | Typing 'raghu1@gmail.com' into element: ('id', 'email')
2026-05-07 10:04:15,730 | INFO | LoginPage | Typing 'raghu1' into element: ('id', 'password')
2026-05-07 10:04:15,781 | INFO | LoginPage | Clicking element: ('xpath', "//button[text()='Login']")
2026-05-07 10:04:15,861 | INFO | LoginPage | Login button clicked
2026-05-07 10:04:15,861 | INFO | LoginPage | Validating login success
2026-05-07 10:04:16,408 | INFO | conftest | Closing browser
2026-05-07 10:04:18,611 | INFO | conftest | Launching Chrome browser
2026-05-07 10:04:47,246 | INFO | LoginPage | Attempting login with email: wrong@test.com
2026-05-07 10:04:47,246 | INFO | LoginPage | Typing 'wrong@test.com' into element: ('id', 'email')
2026-05-07 10:04:47,333 | INFO | LoginPage | Typing 'Password123' into element: ('id', 'password')
2026-05-07 10:04:47,409 | INFO | LoginPage | Clicking element: ('xpath', "//button[text()='Login']")
2026-05-07 10:04:47,525 | INFO | LoginPage | Login button clicked
2026-05-07 10:04:48,584 | INFO | conftest | Closing browser
2026-05-07 10:04:50,856 | INFO | conftest | Launching Chrome browser
2026-05-07 10:05:18,653 | INFO | LoginPage | Attempting login with email: 
2026-05-07 10:05:18,653 | INFO | LoginPage | Typing '' into element: ('id', 'email')
2026-05-07 10:05:18,757 | INFO | LoginPage | Typing 'Password123' into element: ('id', 'password')
2026-05-07 10:05:18,859 | INFO | LoginPage | Clicking element: ('xpath', "//button[text()='Login']")
2026-05-07 10:05:18,978 | INFO | LoginPage | Login button clicked
2026-05-07 10:05:24,187 | INFO | conftest | Closing browser
2026-05-07 10:05:26,441 | INFO | conftest | Launching Chrome browser
2026-05-07 10:05:34,403 | INFO | LoginPage | Attempting login with email: 
2026-05-07 10:05:34,403 | INFO | LoginPage | Typing '' into element: ('id', 'email')
2026-05-07 10:05:34,513 | INFO | LoginPage | Typing '' into element: ('id', 'password')
2026-05-07 10:05:34,577 | INFO | LoginPage | Clicking element: ('xpath', "//button[text()='Login']")
2026-05-07 10:05:34,669 | INFO | LoginPage | Login button clicked
2026-05-07 10:05:39,896 | INFO | conftest | Closing browser
2026-05-07 10:05:42,152 | INFO | conftest | Launching Chrome browser
2026-05-07 10:05:44,771 | INFO | conftest | Performing login fixture setup
2026-05-07 10:06:14,912 | INFO | LoginPage | Attempting login with email: raghu1@gmail.com
2026-05-07 10:06:14,912 | INFO | LoginPage | Typing 'raghu1@gmail.com' into element: ('id', 'email')
2026-05-07 10:06:18,295 | INFO | LoginPage | Typing 'raghu1' into element: ('id', 'password')
2026-05-07 10:06:18,540 | INFO | LoginPage | Clicking element: ('xpath', "//button[text()='Login']")
2026-05-07 10:06:19,727 | INFO | conftest | Closing browser
2026-05-07 10:06:21,962 | INFO | conftest | Launching Chrome browser
2026-05-07 10:06:24,706 | INFO | conftest | Performing login fixture setup
2026-05-07 10:06:46,717 | INFO | LoginPage | Attempting login with email: raghu1@gmail.com
2026-05-07 10:06:46,717 | INFO | LoginPage | Typing 'raghu1@gmail.com' into element: ('id', 'email')
2026-05-07 10:06:49,190 | INFO | LoginPage | Typing 'raghu1' into element: ('id', 'password')
2026-05-07 10:06:49,279 | INFO | LoginPage | Clicking element: ('xpath', "//button[text()='Login']")
2026-05-07 10:06:49,371 | INFO | LoginPage | Login button clicked
2026-05-07 10:06:49,371 | INFO | conftest | Login fixture completed
2026-05-07 10:06:49,373 | INFO | NotesPage | Clicking element: ('xpath', "//button[text()='+ Add Note']")
2026-05-07 10:06:50,540 | INFO | NotesPage | Typing 'Negative-7fb7daa4-c3a5-44c5-94d0-9822b633bfc6' into element: ('id', 'title')
2026-05-07 10:06:50,767 | INFO | NotesPage | Clicking element: ('xpath', "//button[contains(text(),'Create')]")
2026-05-07 10:06:50,846 | INFO | conftest | Closing browser
2026-05-07 10:09:44,859 | INFO | AuthAPI | POST Request -> https://practice.expandtesting.com/notes/api/users/login
2026-05-07 10:09:44,860 | INFO | AuthAPI | Payload -> {'email': 'raghu1@gmail.com', 'password': 'raghu1'}
2026-05-07 10:09:45,762 | INFO | AuthAPI | Response Status -> 200
2026-05-07 10:09:45,764 | INFO | AuthAPI | POST Request -> https://practice.expandtesting.com/notes/api/users/login
2026-05-07 10:09:45,765 | INFO | AuthAPI | Payload -> {'email': 'wrong@test.com', 'password': 'wrongpass'}
2026-05-07 10:09:46,255 | INFO | AuthAPI | Response Status -> 401
2026-05-07 10:09:46,261 | INFO | AuthAPI | POST Request -> https://practice.expandtesting.com/notes/api/users/login
2026-05-07 10:09:46,262 | INFO | AuthAPI | Payload -> {'email': '', 'password': ''}
2026-05-07 10:09:47,037 | INFO | AuthAPI | Response Status -> 400
2026-05-07 10:09:47,044 | INFO | AuthAPI | POST Request -> https://practice.expandtesting.com/notes/api/users/login
2026-05-07 10:09:47,044 | INFO | AuthAPI | Payload -> {'email': 'raghu1@gmail.com', 'password': 'raghu1'}
2026-05-07 10:09:47,864 | INFO | AuthAPI | Response Status -> 200
2026-05-07 10:09:47,868 | INFO | NotesAPI | POST Request -> https://practice.expandtesting.com/notes/api/notes
2026-05-07 10:09:47,868 | INFO | NotesAPI | Payload -> {'title': 'API-38806c55-5c7c-4abb-aaaa-f45c9256ffd6', 'description': 'API Automation Description', 'category': 'Home'}
2026-05-07 10:09:48,408 | INFO | NotesAPI | Response Status -> 200
2026-05-07 10:09:48,414 | INFO | AuthAPI | POST Request -> https://practice.expandtesting.com/notes/api/users/login
2026-05-07 10:09:48,414 | INFO | AuthAPI | Payload -> {'email': 'raghu1@gmail.com', 'password': 'raghu1'}
2026-05-07 10:09:49,275 | INFO | AuthAPI | Response Status -> 200
2026-05-07 10:09:49,280 | INFO | NotesAPI | POST Request -> https://practice.expandtesting.com/notes/api/notes
2026-05-07 10:09:49,280 | INFO | NotesAPI | Payload -> {'title': 'DELETE-25a37900-cab3-429a-b174-5d5ff0040e1d', 'description': 'Delete Description', 'category': 'Work'}
2026-05-07 10:09:49,820 | INFO | NotesAPI | Response Status -> 200
2026-05-07 10:09:49,820 | INFO | NotesAPI | DELETE Request -> https://practice.expandtesting.com/notes/api/notes/69fc179781124e02985bf813
2026-05-07 10:09:50,343 | INFO | NotesAPI | Response Status -> 200
2026-05-07 10:09:50,344 | INFO | NotesAPI | GET Request -> https://practice.expandtesting.com/notes/api/notes
2026-05-07 10:09:50,874 | INFO | NotesAPI | Response Status -> 200
2026-05-07 10:09:50,882 | INFO | AuthAPI | POST Request -> https://practice.expandtesting.com/notes/api/users/login
2026-05-07 10:09:50,882 | INFO | AuthAPI | Payload -> {'email': 'raghu1@gmail.com', 'password': 'raghu1'}
2026-05-07 10:09:51,474 | INFO | AuthAPI | Response Status -> 200
2026-05-07 10:09:51,475 | INFO | test_get_notes | Starting test_get_all_notes
2026-05-07 10:09:51,476 | INFO | NotesAPI | GET Request -> https://practice.expandtesting.com/notes/api/notes
2026-05-07 10:09:52,086 | INFO | NotesAPI | Response Status -> 200
2026-05-07 10:09:52,086 | INFO | test_get_notes | Response received: 200
2026-05-07 10:09:52,087 | INFO | test_get_notes | test_get_all_notes PASSED
2026-05-07 10:09:52,091 | INFO | AuthAPI | POST Request -> https://practice.expandtesting.com/notes/api/users/login
2026-05-07 10:09:52,091 | INFO | AuthAPI | Payload -> {'email': 'raghu1@gmail.com', 'password': 'raghu1'}
2026-05-07 10:09:52,707 | INFO | AuthAPI | Response Status -> 200
2026-05-07 10:09:52,710 | INFO | NotesAPI | GET Request -> https://practice.expandtesting.com/notes/api/notes
2026-05-07 10:09:53,520 | INFO | NotesAPI | Response Status -> 200
2026-05-07 10:09:53,525 | INFO | NotesAPI | GET Request -> https://practice.expandtesting.com/notes/api/notes
2026-05-07 10:09:54,273 | INFO | NotesAPI | Response Status -> 401
2026-05-07 10:09:54,276 | INFO | AuthAPI | POST Request -> https://practice.expandtesting.com/notes/api/users/login
2026-05-07 10:09:54,276 | INFO | AuthAPI | Payload -> {'email': 'raghu1@gmail.com', 'password': 'raghu1'}
2026-05-07 10:09:55,099 | INFO | AuthAPI | Response Status -> 200
2026-05-07 10:09:55,103 | INFO | NotesAPI | DELETE Request -> https://practice.expandtesting.com/notes/api/notes/123456789
2026-05-07 10:09:55,581 | INFO | NotesAPI | Response Status -> 400
2026-05-07 10:09:55,587 | INFO | AuthAPI | POST Request -> https://practice.expandtesting.com/notes/api/users/login
2026-05-07 10:09:55,587 | INFO | AuthAPI | Payload -> {'email': 'raghu1@gmail.com', 'password': 'raghu1'}
2026-05-07 10:09:56,170 | INFO | AuthAPI | Response Status -> 200
2026-05-07 10:09:56,174 | INFO | NotesAPI | POST Request -> https://practice.expandtesting.com/notes/api/notes
2026-05-07 10:09:56,174 | INFO | NotesAPI | Payload -> {'title': '', 'description': 'Description', 'category': 'Home'}
2026-05-07 10:09:56,695 | INFO | NotesAPI | Response Status -> 400
2026-05-07 10:09:56,701 | INFO | AuthAPI | POST Request -> https://practice.expandtesting.com/notes/api/users/login
2026-05-07 10:09:56,701 | INFO | AuthAPI | Payload -> {'email': 'raghu1@gmail.com', 'password': 'raghu1'}
2026-05-07 10:09:57,299 | INFO | AuthAPI | Response Status -> 200
2026-05-07 10:09:57,303 | INFO | NotesAPI | POST Request -> https://practice.expandtesting.com/notes/api/notes
2026-05-07 10:09:57,303 | INFO | NotesAPI | Payload -> {'title': 'Title', 'description': '', 'category': 'Home'}
2026-05-07 10:09:57,806 | INFO | NotesAPI | Response Status -> 400
2026-05-07 10:09:57,812 | INFO | conftest | Launching Chrome browser
2026-05-07 10:10:00,450 | INFO | conftest | Performing login fixture setup
2026-05-07 10:10:04,275 | INFO | LoginPage | Attempting login with email: raghu1@gmail.com
2026-05-07 10:10:04,276 | INFO | LoginPage | Typing 'raghu1@gmail.com' into element: ('id', 'email')
2026-05-07 10:10:04,357 | INFO | LoginPage | Typing 'raghu1' into element: ('id', 'password')
2026-05-07 10:10:04,437 | INFO | LoginPage | Login button clicked
2026-05-07 10:10:04,437 | INFO | conftest | Login fixture completed
2026-05-07 10:10:04,438 | INFO | AuthAPI | POST Request -> https://practice.expandtesting.com/notes/api/users/login
2026-05-07 10:10:04,438 | INFO | AuthAPI | Payload -> {'email': 'raghu1@gmail.com', 'password': 'raghu1'}
2026-05-07 10:10:05,420 | INFO | AuthAPI | Response Status -> 200
2026-05-07 10:10:05,424 | INFO | test_api_to_ui_validation | STARTING E2E TEST: API -> UI
2026-05-07 10:10:05,424 | INFO | test_api_to_ui_validation | Creating note via UI | Title: DELETE-053aa497-6033-4e0d-9c3a-ee6dc648a43f
2026-05-07 10:10:05,424 | INFO | NotesPage | Creating note | Title: DELETE-053aa497-6033-4e0d-9c3a-ee6dc648a43f
2026-05-07 10:10:05,515 | INFO | NotesPage | Typing 'DELETE-053aa497-6033-4e0d-9c3a-ee6dc648a43f' into element: ('id', 'title')
2026-05-07 10:10:05,647 | INFO | NotesPage | Typing 'Delete validation' into element: ('id', 'description')
2026-05-07 10:10:05,857 | INFO | NotesPage | Note created successfully | Title: DELETE-053aa497-6033-4e0d-9c3a-ee6dc648a43f
2026-05-07 10:10:05,857 | INFO | NotesPage | Checking if note exists: DELETE-053aa497-6033-4e0d-9c3a-ee6dc648a43f
2026-05-07 10:10:06,121 | WARNING | NotesPage | Note NOT found: DELETE-053aa497-6033-4e0d-9c3a-ee6dc648a43f
2026-05-07 10:10:06,622 | INFO | NotesPage | Checking if note exists: DELETE-053aa497-6033-4e0d-9c3a-ee6dc648a43f
2026-05-07 10:10:08,245 | INFO | NotesPage | Note found: DELETE-053aa497-6033-4e0d-9c3a-ee6dc648a43f
2026-05-07 10:10:08,245 | INFO | test_api_to_ui_validation | Note created successfully
2026-05-07 10:10:08,245 | INFO | NotesPage | Checking if note exists: DELETE-053aa497-6033-4e0d-9c3a-ee6dc648a43f
2026-05-07 10:10:08,271 | INFO | NotesPage | Note found: DELETE-053aa497-6033-4e0d-9c3a-ee6dc648a43f
2026-05-07 10:10:08,271 | INFO | test_api_to_ui_validation | Note created and visible in UI
2026-05-07 10:10:08,271 | INFO | NotesAPI | GET Request -> https://practice.expandtesting.com/notes/api/notes
2026-05-07 10:10:09,182 | INFO | NotesAPI | Response Status -> 200
2026-05-07 10:10:09,182 | INFO | test_api_to_ui_validation | GET Notes Status: 200
2026-05-07 10:10:09,183 | INFO | test_api_to_ui_validation | Located Note ID: 69fc17a781124e02985bf86c
2026-05-07 10:10:09,183 | INFO | test_api_to_ui_validation | Deleting note via API | ID: 69fc17a781124e02985bf86c
2026-05-07 10:10:09,183 | INFO | NotesAPI | DELETE Request -> https://practice.expandtesting.com/notes/api/notes/69fc17a781124e02985bf86c
2026-05-07 10:10:10,365 | INFO | NotesAPI | Response Status -> 200
2026-05-07 10:10:10,365 | INFO | test_api_to_ui_validation | Delete Status: 200
2026-05-07 10:10:10,365 | INFO | test_api_to_ui_validation | Refreshing UI page
2026-05-07 10:10:10,366 | INFO | NotesPage | Refreshing browser page
2026-05-07 10:10:12,190 | INFO | NotesPage | Checking if note exists: DELETE-053aa497-6033-4e0d-9c3a-ee6dc648a43f
2026-05-07 10:10:12,623 | WARNING | NotesPage | Note NOT found: DELETE-053aa497-6033-4e0d-9c3a-ee6dc648a43f
2026-05-07 10:10:12,624 | INFO | test_api_to_ui_validation | Deleted note removed from UI successfully
2026-05-07 10:10:12,624 | INFO | test_api_to_ui_validation | E2E API -> UI validation PASSED
2026-05-07 10:10:12,628 | INFO | conftest | Closing browser
2026-05-07 10:10:14,875 | INFO | conftest | Launching Chrome browser
2026-05-07 10:10:17,507 | INFO | conftest | Performing login fixture setup
2026-05-07 10:10:41,736 | INFO | LoginPage | Attempting login with email: raghu1@gmail.com
2026-05-07 10:10:41,736 | INFO | LoginPage | Typing 'raghu1@gmail.com' into element: ('id', 'email')
2026-05-07 10:10:41,847 | INFO | LoginPage | Typing 'raghu1' into element: ('id', 'password')
2026-05-07 10:10:41,974 | INFO | LoginPage | Login button clicked
2026-05-07 10:10:41,974 | INFO | conftest | Login fixture completed
2026-05-07 10:10:41,975 | INFO | AuthAPI | POST Request -> https://practice.expandtesting.com/notes/api/users/login
2026-05-07 10:10:41,975 | INFO | AuthAPI | Payload -> {'email': 'raghu1@gmail.com', 'password': 'raghu1'}
2026-05-07 10:10:44,109 | INFO | AuthAPI | Response Status -> 200
2026-05-07 10:10:44,114 | INFO | test_ui_to_api_validation | STARTING E2E TEST: UI -> API
2026-05-07 10:10:44,114 | INFO | test_ui_to_api_validation | Creating note from UI | Title: E2E-194d1a02-8213-483c-b975-b78d9ff75462
2026-05-07 10:10:44,114 | INFO | NotesPage | Creating note | Title: E2E-194d1a02-8213-483c-b975-b78d9ff75462
2026-05-07 10:10:44,192 | INFO | NotesPage | Typing 'E2E-194d1a02-8213-483c-b975-b78d9ff75462' into element: ('id', 'title')
2026-05-07 10:10:44,297 | INFO | NotesPage | Typing 'Hybrid UI API Validation' into element: ('id', 'description')
2026-05-07 10:10:44,538 | INFO | NotesPage | Note created successfully | Title: E2E-194d1a02-8213-483c-b975-b78d9ff75462
2026-05-07 10:10:44,539 | INFO | NotesPage | Checking if note exists: E2E-194d1a02-8213-483c-b975-b78d9ff75462
2026-05-07 10:10:44,800 | WARNING | NotesPage | Note NOT found: E2E-194d1a02-8213-483c-b975-b78d9ff75462
2026-05-07 10:10:45,300 | INFO | NotesPage | Checking if note exists: E2E-194d1a02-8213-483c-b975-b78d9ff75462
2026-05-07 10:10:47,804 | INFO | NotesPage | Note found: E2E-194d1a02-8213-483c-b975-b78d9ff75462
2026-05-07 10:10:47,804 | INFO | test_ui_to_api_validation | Note creation completed
2026-05-07 10:10:47,804 | INFO | NotesPage | Checking if note exists: E2E-194d1a02-8213-483c-b975-b78d9ff75462
2026-05-07 10:10:47,819 | INFO | NotesPage | Note found: E2E-194d1a02-8213-483c-b975-b78d9ff75462
2026-05-07 10:10:47,819 | INFO | test_ui_to_api_validation | Note visible in UI successfully
2026-05-07 10:10:47,819 | INFO | test_ui_to_api_validation | Calling GET /notes API
2026-05-07 10:10:47,819 | INFO | NotesAPI | GET Request -> https://practice.expandtesting.com/notes/api/notes
2026-05-07 10:10:49,522 | INFO | NotesAPI | Response Status -> 200
2026-05-07 10:10:49,523 | INFO | test_ui_to_api_validation | API Response Status: 200
2026-05-07 10:10:49,524 | INFO | test_ui_to_api_validation | API Response Time: 1.701095
2026-05-07 10:10:49,525 | INFO | test_ui_to_api_validation | Total Notes Returned: 56
2026-05-07 10:10:49,525 | INFO | test_ui_to_api_validation | Matched Note: {'id': '69fc17ce81124e02985bf8dc', 'title': 'E2E-194d1a02-8213-483c-b975-b78d9ff75462', 'description': 'Hybrid UI API Validation', 'category': 'Home', 'completed': False, 'created_at': '2026-05-07T04:40:46.238Z', 'updated_at': '2026-05-07T04:40:46.238Z', 'user_id': '69fb505d81124e02985b5b90'}
2026-05-07 10:10:49,525 | INFO | test_ui_to_api_validation | E2E UI -> API validation PASSED
2026-05-07 10:10:49,530 | INFO | conftest | Closing browser
2026-05-07 10:10:51,787 | INFO | conftest | Launching Chrome browser
2026-05-07 10:10:54,632 | INFO | conftest | Performing login fixture setup
2026-05-07 10:11:21,765 | INFO | LoginPage | Attempting login with email: raghu1@gmail.com
2026-05-07 10:11:21,765 | INFO | LoginPage | Typing 'raghu1@gmail.com' into element: ('id', 'email')
2026-05-07 10:11:21,839 | INFO | LoginPage | Typing 'raghu1' into element: ('id', 'password')
2026-05-07 10:11:21,933 | INFO | LoginPage | Login button clicked
2026-05-07 10:11:21,933 | INFO | conftest | Login fixture completed
2026-05-07 10:11:21,934 | INFO | NotesPage | Creating note | Title: Automation-f6e9eff8-cec4-4594-b1ab-091f1fa3159d
2026-05-07 10:11:23,560 | INFO | NotesPage | Typing 'Automation-f6e9eff8-cec4-4594-b1ab-091f1fa3159d' into element: ('id', 'title')
2026-05-07 10:11:23,686 | INFO | NotesPage | Typing 'This is automation testing' into element: ('id', 'description')
2026-05-07 10:11:23,934 | INFO | NotesPage | Note created successfully | Title: Automation-f6e9eff8-cec4-4594-b1ab-091f1fa3159d
2026-05-07 10:11:23,934 | INFO | NotesPage | Checking if note exists: Automation-f6e9eff8-cec4-4594-b1ab-091f1fa3159d
2026-05-07 10:11:28,870 | INFO | conftest | Closing browser
2026-05-07 10:11:31,453 | INFO | conftest | Launching Chrome browser
2026-05-07 10:11:36,743 | INFO | conftest | Performing login fixture setup
2026-05-07 10:11:43,039 | INFO | LoginPage | Attempting login with email: raghu1@gmail.com
2026-05-07 10:11:43,039 | INFO | LoginPage | Typing 'raghu1@gmail.com' into element: ('id', 'email')
2026-05-07 10:11:43,205 | INFO | LoginPage | Typing 'raghu1' into element: ('id', 'password')
2026-05-07 10:11:43,320 | INFO | LoginPage | Login button clicked
2026-05-07 10:11:43,320 | INFO | conftest | Login fixture completed
2026-05-07 10:11:43,321 | INFO | NotesPage | Creating note | Title: Instant-b5f4106c-8a34-476d-9406-b324f6de9e26
2026-05-07 10:11:44,441 | INFO | NotesPage | Typing 'Instant-b5f4106c-8a34-476d-9406-b324f6de9e26' into element: ('id', 'title')
2026-05-07 10:11:44,598 | INFO | NotesPage | Typing 'DOM validation' into element: ('id', 'description')
2026-05-07 10:11:44,898 | INFO | NotesPage | Note created successfully | Title: Instant-b5f4106c-8a34-476d-9406-b324f6de9e26
2026-05-07 10:11:44,898 | INFO | NotesPage | Checking if note exists: Instant-b5f4106c-8a34-476d-9406-b324f6de9e26
2026-05-07 10:11:45,269 | WARNING | NotesPage | Note NOT found: Instant-b5f4106c-8a34-476d-9406-b324f6de9e26
2026-05-07 10:11:45,769 | INFO | NotesPage | Checking if note exists: Instant-b5f4106c-8a34-476d-9406-b324f6de9e26
2026-05-07 10:11:48,316 | INFO | NotesPage | Note found: Instant-b5f4106c-8a34-476d-9406-b324f6de9e26
2026-05-07 10:11:48,316 | INFO | NotesPage | Checking if note exists: Instant-b5f4106c-8a34-476d-9406-b324f6de9e26
2026-05-07 10:11:48,346 | INFO | NotesPage | Note found: Instant-b5f4106c-8a34-476d-9406-b324f6de9e26
2026-05-07 10:11:48,350 | INFO | conftest | Closing browser
2026-05-07 10:11:50,558 | INFO | conftest | Launching Chrome browser
2026-05-07 10:12:16,861 | INFO | LoginPage | Attempting login with email: raghu1@gmail.com
2026-05-07 10:12:16,862 | INFO | LoginPage | Typing 'raghu1@gmail.com' into element: ('id', 'email')
2026-05-07 10:12:16,999 | INFO | LoginPage | Typing 'raghu1' into element: ('id', 'password')
2026-05-07 10:12:17,285 | INFO | LoginPage | Login button clicked
2026-05-07 10:12:17,286 | INFO | LoginPage | Validating login success
2026-05-07 10:12:17,810 | INFO | conftest | Closing browser
2026-05-07 10:12:20,040 | INFO | conftest | Launching Chrome browser
2026-05-07 10:12:44,769 | INFO | LoginPage | Attempting login with email: wrong@test.com
2026-05-07 10:12:44,769 | INFO | LoginPage | Typing 'wrong@test.com' into element: ('id', 'email')
2026-05-07 10:12:46,482 | INFO | LoginPage | Typing 'Password123' into element: ('id', 'password')
2026-05-07 10:12:46,853 | INFO | LoginPage | Login button clicked
2026-05-07 10:12:47,440 | INFO | conftest | Closing browser
2026-05-07 10:12:49,673 | INFO | conftest | Launching Chrome browser
2026-05-07 10:13:14,561 | INFO | LoginPage | Attempting login with email: 
2026-05-07 10:13:14,561 | INFO | LoginPage | Typing '' into element: ('id', 'email')
2026-05-07 10:13:16,869 | INFO | LoginPage | Typing 'Password123' into element: ('id', 'password')
2026-05-07 10:13:17,135 | INFO | LoginPage | Login button clicked
2026-05-07 10:13:22,432 | INFO | conftest | Closing browser
2026-05-07 10:13:24,686 | INFO | conftest | Launching Chrome browser
2026-05-07 10:13:49,747 | INFO | LoginPage | Attempting login with email: 
2026-05-07 10:13:49,748 | INFO | LoginPage | Typing '' into element: ('id', 'email')
2026-05-07 10:13:52,902 | INFO | LoginPage | Typing '' into element: ('id', 'password')
2026-05-07 10:13:53,049 | INFO | LoginPage | Login button clicked
2026-05-07 10:13:58,257 | INFO | conftest | Closing browser
2026-05-07 10:14:00,386 | INFO | conftest | Launching Chrome browser
2026-05-07 10:14:03,370 | INFO | conftest | Performing login fixture setup
2026-05-07 10:14:07,761 | INFO | LoginPage | Attempting login with email: raghu1@gmail.com
2026-05-07 10:14:07,761 | INFO | LoginPage | Typing 'raghu1@gmail.com' into element: ('id', 'email')
2026-05-07 10:14:07,880 | INFO | LoginPage | Typing 'raghu1' into element: ('id', 'password')
2026-05-07 10:14:08,001 | INFO | LoginPage | Login button clicked
2026-05-07 10:14:08,001 | INFO | conftest | Login fixture completed
2026-05-07 10:14:09,110 | INFO | NotesPage | Typing 'Missing title' into element: ('id', 'description')
2026-05-07 10:14:09,297 | INFO | conftest | Closing browser
2026-05-07 10:14:11,513 | INFO | conftest | Launching Chrome browser
2026-05-07 10:14:14,196 | INFO | conftest | Performing login fixture setup
2026-05-07 10:14:38,215 | INFO | LoginPage | Attempting login with email: raghu1@gmail.com
2026-05-07 10:14:38,215 | INFO | LoginPage | Typing 'raghu1@gmail.com' into element: ('id', 'email')
2026-05-07 10:14:38,323 | INFO | LoginPage | Typing 'raghu1' into element: ('id', 'password')
2026-05-07 10:14:38,444 | INFO | LoginPage | Login button clicked
2026-05-07 10:14:38,444 | INFO | conftest | Login fixture completed
2026-05-07 10:14:39,586 | INFO | NotesPage | Typing 'Negative-4acf83b5-985b-43a4-b199-deec2b1ed1d9' into element: ('id', 'title')
2026-05-07 10:14:39,820 | INFO | conftest | Closing browser
2026-05-07 10:15:14,534 | INFO | AuthAPI | POST Request -> https://practice.expandtesting.com/notes/api/users/login
2026-05-07 10:15:14,534 | INFO | AuthAPI | Payload -> {'email': 'raghu1@gmail.com', 'password': 'raghu1'}
2026-05-07 10:15:14,536 | INFO | AuthAPI | POST Request -> https://practice.expandtesting.com/notes/api/users/login
2026-05-07 10:15:14,536 | INFO | AuthAPI | Payload -> {'email': '', 'password': ''}
2026-05-07 10:15:14,537 | INFO | AuthAPI | POST Request -> https://practice.expandtesting.com/notes/api/users/login
2026-05-07 10:15:14,537 | INFO | AuthAPI | Payload -> {'email': 'raghu1@gmail.com', 'password': 'raghu1'}
2026-05-07 10:15:14,539 | INFO | AuthAPI | POST Request -> https://practice.expandtesting.com/notes/api/users/login
2026-05-07 10:15:14,539 | INFO | AuthAPI | POST Request -> https://practice.expandtesting.com/notes/api/users/login
2026-05-07 10:15:14,539 | INFO | AuthAPI | Payload -> {'email': 'raghu1@gmail.com', 'password': 'raghu1'}
2026-05-07 10:15:14,539 | INFO | AuthAPI | Payload -> {'email': 'raghu1@gmail.com', 'password': 'raghu1'}
2026-05-07 10:15:15,356 | INFO | AuthAPI | Response Status -> 200
2026-05-07 10:15:15,361 | INFO | NotesAPI | DELETE Request -> https://practice.expandtesting.com/notes/api/notes/123456789
2026-05-07 10:15:15,666 | INFO | AuthAPI | Response Status -> 400
2026-05-07 10:15:15,673 | INFO | AuthAPI | POST Request -> https://practice.expandtesting.com/notes/api/users/login
2026-05-07 10:15:15,673 | INFO | AuthAPI | Payload -> {'email': 'raghu1@gmail.com', 'password': 'raghu1'}
2026-05-07 10:15:15,679 | INFO | AuthAPI | Response Status -> 200
2026-05-07 10:15:15,679 | INFO | AuthAPI | Response Status -> 200
2026-05-07 10:15:15,682 | INFO | NotesAPI | GET Request -> https://practice.expandtesting.com/notes/api/notes
2026-05-07 10:15:15,684 | INFO | AuthAPI | POST Request -> https://practice.expandtesting.com/notes/api/users/login
2026-05-07 10:15:15,684 | INFO | AuthAPI | Payload -> {'email': 'wrong@test.com', 'password': 'wrongpass'}
2026-05-07 10:15:15,755 | INFO | AuthAPI | Response Status -> 200
2026-05-07 10:15:15,756 | INFO | NotesAPI | POST Request -> https://practice.expandtesting.com/notes/api/notes
2026-05-07 10:15:15,756 | INFO | NotesAPI | Payload -> {'title': 'DELETE-570bc3c0-536e-4b1f-ae6d-a7cd3cd4fa4e', 'description': 'Delete Description', 'category': 'Work'}
2026-05-07 10:15:16,162 | INFO | NotesAPI | Response Status -> 400
2026-05-07 10:15:16,169 | INFO | AuthAPI | POST Request -> https://practice.expandtesting.com/notes/api/users/login
2026-05-07 10:15:16,169 | INFO | AuthAPI | Payload -> {'email': 'raghu1@gmail.com', 'password': 'raghu1'}
2026-05-07 10:15:16,353 | INFO | AuthAPI | Response Status -> 200
2026-05-07 10:15:16,355 | INFO | NotesAPI | POST Request -> https://practice.expandtesting.com/notes/api/notes
2026-05-07 10:15:16,355 | INFO | NotesAPI | Payload -> {'title': 'API-b6fe27c3-fec8-468d-8166-f8ecbdae066d', 'description': 'API Automation Description', 'category': 'Home'}
2026-05-07 10:15:16,366 | INFO | NotesAPI | Response Status -> 200
2026-05-07 10:15:16,366 | INFO | NotesAPI | DELETE Request -> https://practice.expandtesting.com/notes/api/notes/69fc18dd81124e02985bfb9f
2026-05-07 10:15:16,381 | INFO | NotesAPI | Response Status -> 200
2026-05-07 10:15:16,384 | INFO | NotesAPI | GET Request -> https://practice.expandtesting.com/notes/api/notes
2026-05-07 10:15:16,513 | INFO | AuthAPI | Response Status -> 401
2026-05-07 10:15:16,516 | INFO | conftest | Launching Chrome browser
2026-05-07 10:15:16,782 | INFO | AuthAPI | Response Status -> 200
2026-05-07 10:15:16,784 | INFO | NotesAPI | POST Request -> https://practice.expandtesting.com/notes/api/notes
2026-05-07 10:15:16,784 | INFO | NotesAPI | Payload -> {'title': '', 'description': 'Description', 'category': 'Home'}
2026-05-07 10:15:16,931 | INFO | NotesAPI | Response Status -> 200
2026-05-07 10:15:16,935 | INFO | AuthAPI | POST Request -> https://practice.expandtesting.com/notes/api/users/login
2026-05-07 10:15:16,935 | INFO | AuthAPI | Payload -> {'email': 'raghu1@gmail.com', 'password': 'raghu1'}
2026-05-07 10:15:16,961 | INFO | NotesAPI | Response Status -> 200
2026-05-07 10:15:16,961 | INFO | NotesAPI | GET Request -> https://practice.expandtesting.com/notes/api/notes
2026-05-07 10:15:17,199 | INFO | NotesAPI | Response Status -> 401
2026-05-07 10:15:17,202 | INFO | conftest | Launching Chrome browser
2026-05-07 10:15:17,304 | INFO | NotesAPI | Response Status -> 400
2026-05-07 10:15:17,308 | INFO | conftest | Launching Chrome browser
2026-05-07 10:15:17,592 | INFO | AuthAPI | Response Status -> 200
2026-05-07 10:15:17,593 | INFO | NotesAPI | POST Request -> https://practice.expandtesting.com/notes/api/notes
2026-05-07 10:15:17,593 | INFO | NotesAPI | Payload -> {'title': 'Title', 'description': '', 'category': 'Home'}
2026-05-07 10:15:17,611 | INFO | NotesAPI | Response Status -> 200
2026-05-07 10:15:17,615 | INFO | AuthAPI | POST Request -> https://practice.expandtesting.com/notes/api/users/login
2026-05-07 10:15:17,616 | INFO | AuthAPI | Payload -> {'email': 'raghu1@gmail.com', 'password': 'raghu1'}
2026-05-07 10:15:18,179 | INFO | NotesAPI | Response Status -> 400
2026-05-07 10:15:18,182 | INFO | conftest | Launching Chrome browser
2026-05-07 10:15:18,287 | INFO | AuthAPI | Response Status -> 200
2026-05-07 10:15:18,289 | INFO | test_get_notes | Starting test_get_all_notes
2026-05-07 10:15:18,289 | INFO | NotesAPI | GET Request -> https://practice.expandtesting.com/notes/api/notes
2026-05-07 10:15:18,901 | INFO | NotesAPI | Response Status -> 200
2026-05-07 10:15:18,901 | INFO | test_get_notes | Response received: 200
2026-05-07 10:15:18,901 | INFO | test_get_notes | test_get_all_notes PASSED
2026-05-07 10:15:18,906 | INFO | conftest | Launching Chrome browser
2026-05-07 10:15:19,540 | INFO | conftest | Performing login fixture setup
2026-05-07 10:15:19,932 | INFO | conftest | Performing login fixture setup
2026-05-07 10:15:20,010 | INFO | conftest | Performing login fixture setup
2026-05-07 10:15:23,778 | INFO | LoginPage | Attempting login with email: raghu1@gmail.com
2026-05-07 10:15:23,778 | INFO | LoginPage | Typing 'raghu1@gmail.com' into element: ('id', 'email')
2026-05-07 10:15:24,066 | INFO | LoginPage | Typing 'raghu1' into element: ('id', 'password')
2026-05-07 10:15:24,472 | INFO | LoginPage | Login button clicked
2026-05-07 10:15:24,473 | INFO | conftest | Login fixture completed
2026-05-07 10:15:24,476 | INFO | AuthAPI | POST Request -> https://practice.expandtesting.com/notes/api/users/login
2026-05-07 10:15:24,477 | INFO | AuthAPI | Payload -> {'email': 'raghu1@gmail.com', 'password': 'raghu1'}
2026-05-07 10:15:25,644 | INFO | AuthAPI | Response Status -> 200
2026-05-07 10:15:25,649 | INFO | test_api_to_ui_validation | STARTING E2E TEST: API -> UI
2026-05-07 10:15:25,650 | INFO | test_api_to_ui_validation | Creating note via UI | Title: DELETE-fa14eee8-aa4d-4d51-9064-9099561ef8bf
2026-05-07 10:15:25,651 | INFO | NotesPage | Creating note | Title: DELETE-fa14eee8-aa4d-4d51-9064-9099561ef8bf
2026-05-07 10:15:25,796 | INFO | NotesPage | Typing 'DELETE-fa14eee8-aa4d-4d51-9064-9099561ef8bf' into element: ('id', 'title')
2026-05-07 10:15:26,133 | INFO | NotesPage | Typing 'Delete validation' into element: ('id', 'description')
2026-05-07 10:15:26,612 | INFO | NotesPage | Note created successfully | Title: DELETE-fa14eee8-aa4d-4d51-9064-9099561ef8bf
2026-05-07 10:15:26,612 | INFO | NotesPage | Checking if note exists: DELETE-fa14eee8-aa4d-4d51-9064-9099561ef8bf
2026-05-07 10:15:30,636 | INFO | conftest | Closing browser
2026-05-07 10:15:32,992 | INFO | conftest | Launching Chrome browser
2026-05-07 10:15:36,220 | INFO | conftest | Performing login fixture setup
2026-05-07 10:15:42,253 | INFO | LoginPage | Attempting login with email: raghu1@gmail.com
2026-05-07 10:15:42,254 | INFO | LoginPage | Typing 'raghu1@gmail.com' into element: ('id', 'email')
2026-05-07 10:15:42,575 | INFO | LoginPage | Typing 'raghu1' into element: ('id', 'password')
2026-05-07 10:15:42,847 | INFO | LoginPage | Attempting login with email: raghu1@gmail.com
2026-05-07 10:15:42,848 | INFO | LoginPage | Typing 'raghu1@gmail.com' into element: ('id', 'email')
2026-05-07 10:15:43,061 | INFO | LoginPage | Attempting login with email: raghu1@gmail.com
2026-05-07 10:15:43,061 | INFO | LoginPage | Typing 'raghu1@gmail.com' into element: ('id', 'email')
2026-05-07 10:15:43,078 | INFO | LoginPage | Login button clicked
2026-05-07 10:15:43,078 | INFO | conftest | Login fixture completed
2026-05-07 10:15:43,080 | INFO | AuthAPI | POST Request -> https://practice.expandtesting.com/notes/api/users/login
2026-05-07 10:15:43,081 | INFO | AuthAPI | Payload -> {'email': 'raghu1@gmail.com', 'password': 'raghu1'}
2026-05-07 10:15:44,476 | INFO | LoginPage | Attempting login with email: 
2026-05-07 10:15:44,476 | INFO | LoginPage | Typing '' into element: ('id', 'email')
2026-05-07 10:15:44,652 | INFO | AuthAPI | Response Status -> 200
2026-05-07 10:15:44,658 | INFO | test_ui_to_api_validation | STARTING E2E TEST: UI -> API
2026-05-07 10:15:44,658 | INFO | test_ui_to_api_validation | Creating note from UI | Title: E2E-829b24d3-e4e6-4624-a9f2-fc7315ba94e5
2026-05-07 10:15:44,658 | INFO | NotesPage | Creating note | Title: E2E-829b24d3-e4e6-4624-a9f2-fc7315ba94e5
2026-05-07 10:15:44,997 | INFO | NotesPage | Typing 'E2E-829b24d3-e4e6-4624-a9f2-fc7315ba94e5' into element: ('id', 'title')
2026-05-07 10:15:45,991 | INFO | NotesPage | Typing 'Hybrid UI API Validation' into element: ('id', 'description')
2026-05-07 10:15:46,143 | INFO | LoginPage | Typing 'raghu1' into element: ('id', 'password')
2026-05-07 10:15:46,843 | INFO | LoginPage | Typing 'raghu1' into element: ('id', 'password')
2026-05-07 10:15:46,918 | INFO | NotesPage | Note created successfully | Title: E2E-829b24d3-e4e6-4624-a9f2-fc7315ba94e5
2026-05-07 10:15:46,918 | INFO | NotesPage | Checking if note exists: E2E-829b24d3-e4e6-4624-a9f2-fc7315ba94e5
2026-05-07 10:15:47,464 | INFO | LoginPage | Login button clicked
2026-05-07 10:15:47,465 | INFO | LoginPage | Validating login success
2026-05-07 10:15:47,576 | INFO | LoginPage | Login button clicked
2026-05-07 10:15:47,577 | INFO | conftest | Login fixture completed
2026-05-07 10:15:47,590 | INFO | NotesPage | Creating note | Title: Automation-3c59b960-3b70-4bb0-989e-b4c78cc61b0a
2026-05-07 10:15:47,683 | INFO | LoginPage | Typing '' into element: ('id', 'password')
2026-05-07 10:15:48,136 | INFO | conftest | Closing browser
2026-05-07 10:15:48,558 | INFO | LoginPage | Login button clicked
2026-05-07 10:15:49,288 | INFO | NotesPage | Typing 'Automation-3c59b960-3b70-4bb0-989e-b4c78cc61b0a' into element: ('id', 'title')
2026-05-07 10:15:49,762 | INFO | NotesPage | Typing 'This is automation testing' into element: ('id', 'description')
2026-05-07 10:15:50,322 | INFO | NotesPage | Note created successfully | Title: Automation-3c59b960-3b70-4bb0-989e-b4c78cc61b0a
2026-05-07 10:15:50,323 | INFO | NotesPage | Checking if note exists: Automation-3c59b960-3b70-4bb0-989e-b4c78cc61b0a
2026-05-07 10:15:50,998 | INFO | conftest | Closing browser
2026-05-07 10:15:53,689 | INFO | conftest | Closing browser
2026-05-07 10:15:55,114 | INFO | conftest | Closing browser
2026-05-07 10:15:56,714 | INFO | conftest | Launching Chrome browser
2026-05-07 10:15:57,155 | INFO | conftest | Launching Chrome browser
2026-05-07 10:15:57,263 | INFO | conftest | Launching Chrome browser
2026-05-07 10:15:57,641 | INFO | conftest | Launching Chrome browser
2026-05-07 10:16:00,409 | INFO | conftest | Performing login fixture setup
2026-05-07 10:16:01,199 | INFO | LoginPage | Attempting login with email: raghu1@gmail.com
2026-05-07 10:16:01,199 | INFO | LoginPage | Typing 'raghu1@gmail.com' into element: ('id', 'email')
2026-05-07 10:16:01,514 | INFO | LoginPage | Typing 'raghu1' into element: ('id', 'password')
2026-05-07 10:16:01,532 | INFO | conftest | Performing login fixture setup
2026-05-07 10:16:01,847 | INFO | LoginPage | Login button clicked
2026-05-07 10:16:01,847 | INFO | conftest | Login fixture completed
2026-05-07 10:16:01,851 | INFO | NotesPage | Creating note | Title: Instant-1bd21b77-b2ce-43e1-84e6-a5af6a4efbd5
2026-05-07 10:16:03,026 | INFO | NotesPage | Typing 'Instant-1bd21b77-b2ce-43e1-84e6-a5af6a4efbd5' into element: ('id', 'title')
2026-05-07 10:16:03,268 | INFO | NotesPage | Typing 'DOM validation' into element: ('id', 'description')
2026-05-07 10:16:03,742 | INFO | NotesPage | Note created successfully | Title: Instant-1bd21b77-b2ce-43e1-84e6-a5af6a4efbd5
2026-05-07 10:16:03,742 | INFO | NotesPage | Checking if note exists: Instant-1bd21b77-b2ce-43e1-84e6-a5af6a4efbd5
2026-05-07 10:16:06,178 | INFO | conftest | Closing browser
2026-05-07 10:16:22,361 | INFO | LoginPage | Attempting login with email: raghu1@gmail.com
2026-05-07 10:16:22,361 | INFO | LoginPage | Typing 'raghu1@gmail.com' into element: ('id', 'email')
2026-05-07 10:16:23,839 | INFO | LoginPage | Attempting login with email: raghu1@gmail.com
2026-05-07 10:16:23,839 | INFO | LoginPage | Typing 'raghu1@gmail.com' into element: ('id', 'email')
2026-05-07 10:16:24,480 | INFO | LoginPage | Attempting login with email: wrong@test.com
2026-05-07 10:16:24,481 | INFO | LoginPage | Typing 'wrong@test.com' into element: ('id', 'email')
2026-05-07 10:16:26,055 | INFO | LoginPage | Attempting login with email: 
2026-05-07 10:16:26,056 | INFO | LoginPage | Typing '' into element: ('id', 'email')
2026-05-07 10:16:26,452 | INFO | LoginPage | Typing 'Password123' into element: ('id', 'password')
2026-05-07 10:16:26,543 | INFO | LoginPage | Typing 'raghu1' into element: ('id', 'password')
2026-05-07 10:16:26,939 | INFO | LoginPage | Login button clicked
2026-05-07 10:16:27,159 | INFO | LoginPage | Login button clicked
2026-05-07 10:16:27,159 | INFO | conftest | Login fixture completed
2026-05-07 10:16:28,248 | INFO | LoginPage | Typing 'raghu1' into element: ('id', 'password')
2026-05-07 10:16:28,357 | INFO | LoginPage | Typing 'Password123' into element: ('id', 'password')
2026-05-07 10:16:28,592 | INFO | LoginPage | Login button clicked
2026-05-07 10:16:28,592 | INFO | conftest | Login fixture completed
2026-05-07 10:16:28,696 | INFO | LoginPage | Login button clicked
2026-05-07 10:16:28,955 | INFO | NotesPage | Typing 'Negative-d473a698-c2b7-4513-bd1e-c920c0035a9d' into element: ('id', 'title')
2026-05-07 10:16:29,500 | INFO | conftest | Closing browser
2026-05-07 10:16:29,931 | INFO | conftest | Closing browser
2026-05-07 10:16:30,187 | INFO | conftest | Closing browser
2026-05-07 10:16:32,296 | INFO | conftest | Closing browser
2026-05-07 10:16:46,314 | INFO | AuthAPI | POST Request -> https://practice.expandtesting.com/notes/api/users/login
2026-05-07 10:16:46,314 | INFO | AuthAPI | Payload -> {'email': 'raghu1@gmail.com', 'password': 'raghu1'}
2026-05-07 10:16:46,317 | INFO | AuthAPI | POST Request -> https://practice.expandtesting.com/notes/api/users/login
2026-05-07 10:16:46,317 | INFO | AuthAPI | Payload -> {'email': '', 'password': ''}
2026-05-07 10:16:46,317 | INFO | AuthAPI | POST Request -> https://practice.expandtesting.com/notes/api/users/login
2026-05-07 10:16:46,317 | INFO | AuthAPI | Payload -> {'email': 'raghu1@gmail.com', 'password': 'raghu1'}
2026-05-07 10:16:46,927 | INFO | AuthAPI | Response Status -> 400
2026-05-07 10:16:46,934 | INFO | AuthAPI | POST Request -> https://practice.expandtesting.com/notes/api/users/login
2026-05-07 10:16:46,934 | INFO | AuthAPI | Payload -> {'email': 'raghu1@gmail.com', 'password': 'raghu1'}
2026-05-07 10:16:47,018 | INFO | AuthAPI | Response Status -> 200
2026-05-07 10:16:47,020 | INFO | NotesAPI | POST Request -> https://practice.expandtesting.com/notes/api/notes
2026-05-07 10:16:47,020 | INFO | NotesAPI | Payload -> {'title': 'DELETE-671fae24-03d0-4acd-8926-467fd5d66094', 'description': 'Delete Description', 'category': 'Work'}
2026-05-07 10:16:47,252 | INFO | AuthAPI | Response Status -> 200
2026-05-07 10:16:47,256 | INFO | AuthAPI | POST Request -> https://practice.expandtesting.com/notes/api/users/login
2026-05-07 10:16:47,256 | INFO | AuthAPI | Payload -> {'email': 'wrong@test.com', 'password': 'wrongpass'}
2026-05-07 10:16:47,555 | INFO | AuthAPI | Response Status -> 200
2026-05-07 10:16:47,560 | INFO | NotesAPI | POST Request -> https://practice.expandtesting.com/notes/api/notes
2026-05-07 10:16:47,561 | INFO | NotesAPI | Payload -> {'title': 'API-839de8bd-e9af-400d-9442-b9f7a551a2e8', 'description': 'API Automation Description', 'category': 'Home'}
2026-05-07 10:16:47,585 | INFO | NotesAPI | Response Status -> 200
2026-05-07 10:16:47,585 | INFO | NotesAPI | DELETE Request -> https://practice.expandtesting.com/notes/api/notes/69fc193881124e02985bfd8f
2026-05-07 10:16:47,733 | INFO | AuthAPI | Response Status -> 401
2026-05-07 10:16:47,737 | INFO | NotesAPI | GET Request -> https://practice.expandtesting.com/notes/api/notes
2026-05-07 10:16:48,140 | INFO | NotesAPI | Response Status -> 200
2026-05-07 10:16:48,147 | INFO | AuthAPI | POST Request -> https://practice.expandtesting.com/notes/api/users/login
2026-05-07 10:16:48,147 | INFO | AuthAPI | Payload -> {'email': 'raghu1@gmail.com', 'password': 'raghu1'}
2026-05-07 10:16:48,151 | INFO | NotesAPI | Response Status -> 200
2026-05-07 10:16:48,152 | INFO | NotesAPI | GET Request -> https://practice.expandtesting.com/notes/api/notes
2026-05-07 10:16:48,403 | INFO | NotesAPI | Response Status -> 401
2026-05-07 10:16:48,405 | INFO | AuthAPI | POST Request -> https://practice.expandtesting.com/notes/api/users/login
2026-05-07 10:16:48,405 | INFO | AuthAPI | Payload -> {'email': 'raghu1@gmail.com', 'password': 'raghu1'}
2026-05-07 10:16:48,776 | INFO | AuthAPI | Response Status -> 200
2026-05-07 10:16:48,779 | INFO | NotesAPI | GET Request -> https://practice.expandtesting.com/notes/api/notes
2026-05-07 10:16:48,970 | INFO | NotesAPI | Response Status -> 200
2026-05-07 10:16:48,975 | INFO | AuthAPI | POST Request -> https://practice.expandtesting.com/notes/api/users/login
2026-05-07 10:16:48,975 | INFO | AuthAPI | Payload -> {'email': 'raghu1@gmail.com', 'password': 'raghu1'}
2026-05-07 10:16:49,118 | INFO | AuthAPI | Response Status -> 200
2026-05-07 10:16:49,120 | INFO | NotesAPI | DELETE Request -> https://practice.expandtesting.com/notes/api/notes/123456789
2026-05-07 10:16:49,446 | INFO | NotesAPI | Response Status -> 200
2026-05-07 10:16:49,451 | INFO | AuthAPI | POST Request -> https://practice.expandtesting.com/notes/api/users/login
2026-05-07 10:16:49,452 | INFO | AuthAPI | Payload -> {'email': 'raghu1@gmail.com', 'password': 'raghu1'}
2026-05-07 10:16:49,593 | INFO | AuthAPI | Response Status -> 200
2026-05-07 10:16:49,594 | INFO | test_get_notes | Starting test_get_all_notes
2026-05-07 10:16:49,595 | INFO | NotesAPI | GET Request -> https://practice.expandtesting.com/notes/api/notes
2026-05-07 10:16:49,706 | INFO | NotesAPI | Response Status -> 400
2026-05-07 10:16:49,709 | INFO | AuthAPI | POST Request -> https://practice.expandtesting.com/notes/api/users/login
2026-05-07 10:16:49,709 | INFO | AuthAPI | Payload -> {'email': 'raghu1@gmail.com', 'password': 'raghu1'}
2026-05-07 10:16:50,031 | INFO | AuthAPI | Response Status -> 200
2026-05-07 10:16:50,036 | INFO | NotesAPI | POST Request -> https://practice.expandtesting.com/notes/api/notes
2026-05-07 10:16:50,036 | INFO | NotesAPI | Payload -> {'title': '', 'description': 'Description', 'category': 'Home'}
2026-05-07 10:16:50,188 | INFO | NotesAPI | Response Status -> 200
2026-05-07 10:16:50,188 | INFO | test_get_notes | Response received: 200
2026-05-07 10:16:50,188 | INFO | test_get_notes | test_get_all_notes PASSED
2026-05-07 10:16:50,191 | INFO | conftest | Launching Chrome browser
2026-05-07 10:16:50,310 | INFO | AuthAPI | Response Status -> 200
2026-05-07 10:16:50,312 | INFO | NotesAPI | POST Request -> https://practice.expandtesting.com/notes/api/notes
2026-05-07 10:16:50,312 | INFO | NotesAPI | Payload -> {'title': 'Title', 'description': '', 'category': 'Home'}
2026-05-07 10:16:50,514 | INFO | NotesAPI | Response Status -> 400
2026-05-07 10:16:50,518 | INFO | conftest | Launching Chrome browser
2026-05-07 10:16:50,819 | INFO | NotesAPI | Response Status -> 400
2026-05-07 10:16:50,822 | INFO | conftest | Launching Chrome browser
2026-05-07 10:16:53,326 | INFO | conftest | Performing login fixture setup
2026-05-07 10:16:53,423 | INFO | conftest | Performing login fixture setup
2026-05-07 10:16:53,553 | INFO | conftest | Performing login fixture setup
2026-05-07 10:16:58,272 | INFO | LoginPage | Attempting login with email: raghu1@gmail.com
2026-05-07 10:16:58,272 | INFO | LoginPage | Typing 'raghu1@gmail.com' into element: ('id', 'email')
2026-05-07 10:16:58,609 | INFO | LoginPage | Typing 'raghu1' into element: ('id', 'password')
2026-05-07 10:16:59,081 | INFO | LoginPage | Login button clicked
2026-05-07 10:16:59,081 | INFO | conftest | Login fixture completed
2026-05-07 10:16:59,084 | INFO | AuthAPI | POST Request -> https://practice.expandtesting.com/notes/api/users/login
2026-05-07 10:16:59,085 | INFO | AuthAPI | Payload -> {'email': 'raghu1@gmail.com', 'password': 'raghu1'}
2026-05-07 10:17:00,177 | INFO | AuthAPI | Response Status -> 200
2026-05-07 10:17:00,183 | INFO | test_ui_to_api_validation | STARTING E2E TEST: UI -> API
2026-05-07 10:17:00,184 | INFO | test_ui_to_api_validation | Creating note from UI | Title: E2E-7cf61732-079f-45cd-8483-0c9c619ec5f3
2026-05-07 10:17:00,184 | INFO | NotesPage | Creating note | Title: E2E-7cf61732-079f-45cd-8483-0c9c619ec5f3
2026-05-07 10:17:00,356 | INFO | NotesPage | Typing 'E2E-7cf61732-079f-45cd-8483-0c9c619ec5f3' into element: ('id', 'title')
2026-05-07 10:17:00,673 | INFO | NotesPage | Typing 'Hybrid UI API Validation' into element: ('id', 'description')
2026-05-07 10:17:01,137 | INFO | NotesPage | Note created successfully | Title: E2E-7cf61732-079f-45cd-8483-0c9c619ec5f3
2026-05-07 10:17:01,138 | INFO | NotesPage | Checking if note exists: E2E-7cf61732-079f-45cd-8483-0c9c619ec5f3
2026-05-07 10:17:03,947 | INFO | conftest | Closing browser
2026-05-07 10:17:06,474 | INFO | conftest | Launching Chrome browser
2026-05-07 10:17:16,415 | INFO | LoginPage | Attempting login with email: raghu1@gmail.com
2026-05-07 10:17:16,415 | INFO | LoginPage | Typing 'raghu1@gmail.com' into element: ('id', 'email')
2026-05-07 10:17:18,683 | INFO | LoginPage | Attempting login with email: raghu1@gmail.com
2026-05-07 10:17:18,683 | INFO | LoginPage | Typing 'raghu1@gmail.com' into element: ('id', 'email')
2026-05-07 10:17:18,867 | INFO | LoginPage | Typing 'raghu1' into element: ('id', 'password')
2026-05-07 10:17:19,255 | INFO | LoginPage | Login button clicked
2026-05-07 10:17:19,256 | INFO | conftest | Login fixture completed
2026-05-07 10:17:19,258 | INFO | AuthAPI | POST Request -> https://practice.expandtesting.com/notes/api/users/login
2026-05-07 10:17:19,258 | INFO | AuthAPI | Payload -> {'email': 'raghu1@gmail.com', 'password': 'raghu1'}
2026-05-07 10:17:20,497 | INFO | AuthAPI | Response Status -> 200
2026-05-07 10:17:20,501 | INFO | test_api_to_ui_validation | STARTING E2E TEST: API -> UI
2026-05-07 10:17:20,502 | INFO | test_api_to_ui_validation | Creating note via UI | Title: DELETE-54dbdd8a-80dc-463f-8992-0fcb6e42a6ad
2026-05-07 10:17:20,502 | INFO | NotesPage | Creating note | Title: DELETE-54dbdd8a-80dc-463f-8992-0fcb6e42a6ad
2026-05-07 10:17:20,662 | INFO | NotesPage | Typing 'DELETE-54dbdd8a-80dc-463f-8992-0fcb6e42a6ad' into element: ('id', 'title')
2026-05-07 10:17:20,951 | INFO | NotesPage | Typing 'Delete validation' into element: ('id', 'description')
2026-05-07 10:17:21,302 | INFO | LoginPage | Typing 'raghu1' into element: ('id', 'password')
2026-05-07 10:17:21,562 | INFO | NotesPage | Note created successfully | Title: DELETE-54dbdd8a-80dc-463f-8992-0fcb6e42a6ad
2026-05-07 10:17:21,563 | INFO | NotesPage | Checking if note exists: DELETE-54dbdd8a-80dc-463f-8992-0fcb6e42a6ad
2026-05-07 10:17:21,563 | INFO | LoginPage | Login button clicked
2026-05-07 10:17:21,563 | INFO | conftest | Login fixture completed
2026-05-07 10:17:21,567 | INFO | NotesPage | Creating note | Title: Automation-f6e41fd5-cd87-4db8-a3df-13306b8ed976
2026-05-07 10:17:22,826 | INFO | NotesPage | Typing 'Automation-f6e41fd5-cd87-4db8-a3df-13306b8ed976' into element: ('id', 'title')
2026-05-07 10:17:23,191 | INFO | NotesPage | Typing 'This is automation testing' into element: ('id', 'description')
2026-05-07 10:17:23,812 | INFO | NotesPage | Note created successfully | Title: Automation-f6e41fd5-cd87-4db8-a3df-13306b8ed976
2026-05-07 10:17:23,812 | INFO | NotesPage | Checking if note exists: Automation-f6e41fd5-cd87-4db8-a3df-13306b8ed976
2026-05-07 10:17:24,872 | INFO | conftest | Closing browser
2026-05-07 10:17:27,086 | INFO | conftest | Closing browser
2026-05-07 10:17:27,198 | INFO | conftest | Launching Chrome browser
2026-05-07 10:17:29,399 | INFO | conftest | Launching Chrome browser
2026-05-07 10:17:30,012 | INFO | conftest | Performing login fixture setup
2026-05-07 10:17:34,627 | INFO | LoginPage | Attempting login with email: raghu1@gmail.com
2026-05-07 10:17:34,628 | INFO | LoginPage | Typing 'raghu1@gmail.com' into element: ('id', 'email')
2026-05-07 10:17:34,860 | INFO | LoginPage | Typing 'raghu1' into element: ('id', 'password')
2026-05-07 10:17:35,143 | INFO | LoginPage | Login button clicked
2026-05-07 10:17:35,144 | INFO | LoginPage | Validating login success
2026-05-07 10:17:35,910 | INFO | conftest | Closing browser
2026-05-07 10:17:38,355 | INFO | conftest | Launching Chrome browser
2026-05-07 10:17:54,485 | INFO | LoginPage | Attempting login with email: raghu1@gmail.com
2026-05-07 10:17:54,485 | INFO | LoginPage | Typing 'raghu1@gmail.com' into element: ('id', 'email')
2026-05-07 10:17:54,720 | INFO | LoginPage | Typing 'raghu1' into element: ('id', 'password')
2026-05-07 10:17:54,928 | INFO | LoginPage | Attempting login with email: wrong@test.com
2026-05-07 10:17:54,929 | INFO | LoginPage | Typing 'wrong@test.com' into element: ('id', 'email')
2026-05-07 10:17:55,012 | INFO | LoginPage | Login button clicked
2026-05-07 10:17:55,012 | INFO | conftest | Login fixture completed
2026-05-07 10:17:55,013 | INFO | NotesPage | Creating note | Title: Instant-8ff24778-81e3-40af-ad09-84f64a186814
2026-05-07 10:17:56,202 | INFO | NotesPage | Typing 'Instant-8ff24778-81e3-40af-ad09-84f64a186814' into element: ('id', 'title')
2026-05-07 10:17:56,483 | INFO | NotesPage | Typing 'DOM validation' into element: ('id', 'description')
2026-05-07 10:17:56,994 | INFO | NotesPage | Note created successfully | Title: Instant-8ff24778-81e3-40af-ad09-84f64a186814
2026-05-07 10:17:56,994 | INFO | NotesPage | Checking if note exists: Instant-8ff24778-81e3-40af-ad09-84f64a186814
2026-05-07 10:17:58,099 | INFO | LoginPage | Attempting login with email: 
2026-05-07 10:17:58,099 | INFO | LoginPage | Typing '' into element: ('id', 'email')
2026-05-07 10:17:58,143 | INFO | conftest | Closing browser
2026-05-07 10:17:58,346 | INFO | LoginPage | Typing 'Password123' into element: ('id', 'password')
2026-05-07 10:17:58,724 | INFO | LoginPage | Login button clicked
2026-05-07 10:17:59,319 | INFO | conftest | Closing browser
2026-05-07 10:18:00,243 | INFO | conftest | Closing browser
2026-05-07 10:18:01,606 | INFO | conftest | Launching Chrome browser
2026-05-07 10:18:02,513 | INFO | conftest | Launching Chrome browser
2026-05-07 10:18:27,860 | INFO | AuthAPI | POST Request -> https://practice.expandtesting.com/notes/api/users/login
2026-05-07 10:18:27,861 | INFO | AuthAPI | Payload -> {'email': 'raghu1@gmail.com', 'password': 'raghu1'}
2026-05-07 10:18:28,603 | INFO | AuthAPI | Response Status -> 200
2026-05-07 10:18:28,605 | INFO | AuthAPI | POST Request -> https://practice.expandtesting.com/notes/api/users/login
2026-05-07 10:18:28,606 | INFO | AuthAPI | Payload -> {'email': 'wrong@test.com', 'password': 'wrongpass'}
2026-05-07 10:18:29,485 | INFO | AuthAPI | Response Status -> 401
2026-05-07 10:18:29,491 | INFO | AuthAPI | POST Request -> https://practice.expandtesting.com/notes/api/users/login
2026-05-07 10:18:29,491 | INFO | AuthAPI | Payload -> {'email': '', 'password': ''}
2026-05-07 10:18:30,357 | INFO | AuthAPI | Response Status -> 400
2026-05-07 10:18:30,361 | INFO | AuthAPI | POST Request -> https://practice.expandtesting.com/notes/api/users/login
2026-05-07 10:18:30,361 | INFO | AuthAPI | Payload -> {'email': 'raghu1@gmail.com', 'password': 'raghu1'}
2026-05-07 10:18:31,054 | INFO | AuthAPI | Response Status -> 200
2026-05-07 10:18:31,058 | INFO | NotesAPI | POST Request -> https://practice.expandtesting.com/notes/api/notes
2026-05-07 10:18:31,059 | INFO | NotesAPI | Payload -> {'title': 'API-d91aabde-45e7-4924-b122-47259ff95f59', 'description': 'API Automation Description', 'category': 'Home'}
2026-05-07 10:18:31,625 | INFO | NotesAPI | Response Status -> 200
2026-05-07 10:18:31,628 | INFO | AuthAPI | POST Request -> https://practice.expandtesting.com/notes/api/users/login
2026-05-07 10:18:31,629 | INFO | AuthAPI | Payload -> {'email': 'raghu1@gmail.com', 'password': 'raghu1'}
2026-05-07 10:18:32,290 | INFO | AuthAPI | Response Status -> 200
2026-05-07 10:18:32,294 | INFO | NotesAPI | POST Request -> https://practice.expandtesting.com/notes/api/notes
2026-05-07 10:18:32,294 | INFO | NotesAPI | Payload -> {'title': 'DELETE-6f1d7007-1846-49f8-a824-6086aaacef5d', 'description': 'Delete Description', 'category': 'Work'}
2026-05-07 10:18:32,869 | INFO | NotesAPI | Response Status -> 200
2026-05-07 10:18:32,869 | INFO | NotesAPI | DELETE Request -> https://practice.expandtesting.com/notes/api/notes/69fc19a281124e02985bfeda
2026-05-07 10:18:33,474 | INFO | NotesAPI | Response Status -> 200
2026-05-07 10:18:33,475 | INFO | NotesAPI | GET Request -> https://practice.expandtesting.com/notes/api/notes
2026-05-07 10:18:34,101 | INFO | NotesAPI | Response Status -> 200
2026-05-07 10:18:34,117 | INFO | AuthAPI | POST Request -> https://practice.expandtesting.com/notes/api/users/login
2026-05-07 10:18:34,118 | INFO | AuthAPI | Payload -> {'email': 'raghu1@gmail.com', 'password': 'raghu1'}
2026-05-07 10:18:34,780 | INFO | AuthAPI | Response Status -> 200
2026-05-07 10:18:34,781 | INFO | test_get_notes | Starting test_get_all_notes
2026-05-07 10:18:34,782 | INFO | NotesAPI | GET Request -> https://practice.expandtesting.com/notes/api/notes
2026-05-07 10:18:35,368 | INFO | NotesAPI | Response Status -> 200
2026-05-07 10:18:35,368 | INFO | test_get_notes | Response received: 200
2026-05-07 10:18:35,369 | INFO | test_get_notes | test_get_all_notes PASSED
2026-05-07 10:18:35,374 | INFO | AuthAPI | POST Request -> https://practice.expandtesting.com/notes/api/users/login
2026-05-07 10:18:35,374 | INFO | AuthAPI | Payload -> {'email': 'raghu1@gmail.com', 'password': 'raghu1'}
2026-05-07 10:18:36,026 | INFO | AuthAPI | Response Status -> 200
2026-05-07 10:18:36,030 | INFO | NotesAPI | GET Request -> https://practice.expandtesting.com/notes/api/notes
2026-05-07 10:18:36,624 | INFO | NotesAPI | Response Status -> 200
2026-05-07 10:18:36,626 | INFO | NotesAPI | GET Request -> https://practice.expandtesting.com/notes/api/notes
2026-05-07 10:18:37,209 | INFO | NotesAPI | Response Status -> 401
2026-05-07 10:18:37,216 | INFO | AuthAPI | POST Request -> https://practice.expandtesting.com/notes/api/users/login
2026-05-07 10:18:37,216 | INFO | AuthAPI | Payload -> {'email': 'raghu1@gmail.com', 'password': 'raghu1'}
2026-05-07 10:18:37,922 | INFO | AuthAPI | Response Status -> 200
2026-05-07 10:18:37,927 | INFO | NotesAPI | DELETE Request -> https://practice.expandtesting.com/notes/api/notes/123456789
2026-05-07 10:18:38,504 | INFO | NotesAPI | Response Status -> 400
2026-05-07 10:18:38,510 | INFO | AuthAPI | POST Request -> https://practice.expandtesting.com/notes/api/users/login
2026-05-07 10:18:38,510 | INFO | AuthAPI | Payload -> {'email': 'raghu1@gmail.com', 'password': 'raghu1'}
2026-05-07 10:18:39,152 | INFO | AuthAPI | Response Status -> 200
2026-05-07 10:18:39,154 | INFO | NotesAPI | POST Request -> https://practice.expandtesting.com/notes/api/notes
2026-05-07 10:18:39,154 | INFO | NotesAPI | Payload -> {'title': '', 'description': 'Description', 'category': 'Home'}
2026-05-07 10:18:39,715 | INFO | NotesAPI | Response Status -> 400
2026-05-07 10:18:39,721 | INFO | AuthAPI | POST Request -> https://practice.expandtesting.com/notes/api/users/login
2026-05-07 10:18:39,722 | INFO | AuthAPI | Payload -> {'email': 'raghu1@gmail.com', 'password': 'raghu1'}
2026-05-07 10:18:40,392 | INFO | AuthAPI | Response Status -> 200
2026-05-07 10:18:40,396 | INFO | NotesAPI | POST Request -> https://practice.expandtesting.com/notes/api/notes
2026-05-07 10:18:40,397 | INFO | NotesAPI | Payload -> {'title': 'Title', 'description': '', 'category': 'Home'}
2026-05-07 10:18:40,990 | INFO | NotesAPI | Response Status -> 400
2026-05-07 10:18:40,992 | INFO | conftest | Launching Chrome browser
2026-05-07 10:18:43,737 | INFO | conftest | Performing login fixture setup
2026-05-07 10:18:45,914 | INFO | LoginPage | Attempting login with email: raghu1@gmail.com
2026-05-07 10:18:45,914 | INFO | LoginPage | Typing 'raghu1@gmail.com' into element: ('id', 'email')
2026-05-07 10:18:47,996 | INFO | LoginPage | Typing 'raghu1' into element: ('id', 'password')
2026-05-07 10:18:48,074 | INFO | LoginPage | Login button clicked
2026-05-07 10:18:48,074 | INFO | conftest | Login fixture completed
2026-05-07 10:18:48,075 | INFO | AuthAPI | POST Request -> https://practice.expandtesting.com/notes/api/users/login
2026-05-07 10:18:48,075 | INFO | AuthAPI | Payload -> {'email': 'raghu1@gmail.com', 'password': 'raghu1'}
2026-05-07 10:18:49,437 | INFO | AuthAPI | Response Status -> 200
2026-05-07 10:18:49,442 | INFO | test_api_to_ui_validation | STARTING E2E TEST: API -> UI
2026-05-07 10:18:49,443 | INFO | test_api_to_ui_validation | Creating note via UI | Title: DELETE-3092ac4f-fa6f-4120-9e09-d705a274542a
2026-05-07 10:18:49,443 | INFO | NotesPage | Creating note | Title: DELETE-3092ac4f-fa6f-4120-9e09-d705a274542a
2026-05-07 10:18:49,501 | INFO | NotesPage | Typing 'DELETE-3092ac4f-fa6f-4120-9e09-d705a274542a' into element: ('id', 'title')
2026-05-07 10:18:49,594 | INFO | NotesPage | Typing 'Delete validation' into element: ('id', 'description')
2026-05-07 10:18:49,853 | INFO | NotesPage | Note created successfully | Title: DELETE-3092ac4f-fa6f-4120-9e09-d705a274542a
2026-05-07 10:18:49,853 | INFO | NotesPage | Checking if note exists: DELETE-3092ac4f-fa6f-4120-9e09-d705a274542a
2026-05-07 10:18:53,028 | INFO | conftest | Closing browser
2026-05-07 10:18:55,256 | INFO | conftest | Launching Chrome browser
2026-05-07 10:18:57,918 | INFO | conftest | Performing login fixture setup
2026-05-07 10:19:21,950 | INFO | LoginPage | Attempting login with email: raghu1@gmail.com
2026-05-07 10:19:21,950 | INFO | LoginPage | Typing 'raghu1@gmail.com' into element: ('id', 'email')
2026-05-07 10:19:22,044 | INFO | LoginPage | Typing 'raghu1' into element: ('id', 'password')
2026-05-07 10:19:22,160 | INFO | LoginPage | Login button clicked
2026-05-07 10:19:22,160 | INFO | conftest | Login fixture completed
2026-05-07 10:19:22,162 | INFO | AuthAPI | POST Request -> https://practice.expandtesting.com/notes/api/users/login
2026-05-07 10:19:22,162 | INFO | AuthAPI | Payload -> {'email': 'raghu1@gmail.com', 'password': 'raghu1'}
2026-05-07 10:19:23,470 | INFO | AuthAPI | Response Status -> 200
2026-05-07 10:19:23,473 | INFO | test_ui_to_api_validation | STARTING E2E TEST: UI -> API
2026-05-07 10:19:23,474 | INFO | test_ui_to_api_validation | Creating note from UI | Title: E2E-121bd822-0f25-4fbe-afde-734f2908841b
2026-05-07 10:19:23,474 | INFO | NotesPage | Creating note | Title: E2E-121bd822-0f25-4fbe-afde-734f2908841b
2026-05-07 10:19:23,539 | INFO | NotesPage | Typing 'E2E-121bd822-0f25-4fbe-afde-734f2908841b' into element: ('id', 'title')
2026-05-07 10:19:23,643 | INFO | NotesPage | Typing 'Hybrid UI API Validation' into element: ('id', 'description')
2026-05-07 10:19:23,897 | INFO | NotesPage | Note created successfully | Title: E2E-121bd822-0f25-4fbe-afde-734f2908841b
2026-05-07 10:19:23,898 | INFO | NotesPage | Checking if note exists: E2E-121bd822-0f25-4fbe-afde-734f2908841b
2026-05-07 10:19:26,447 | INFO | conftest | Closing browser
2026-05-07 10:19:28,791 | INFO | conftest | Launching Chrome browser
2026-05-07 10:19:31,454 | INFO | conftest | Performing login fixture setup
2026-05-07 10:19:53,646 | INFO | LoginPage | Attempting login with email: raghu1@gmail.com
2026-05-07 10:19:53,646 | INFO | LoginPage | Typing 'raghu1@gmail.com' into element: ('id', 'email')
2026-05-07 10:19:55,553 | INFO | LoginPage | Typing 'raghu1' into element: ('id', 'password')
2026-05-07 10:19:55,680 | INFO | LoginPage | Login button clicked
2026-05-07 10:19:55,680 | INFO | conftest | Login fixture completed
2026-05-07 10:19:55,682 | INFO | NotesPage | Creating note | Title: Automation-1e81824d-cfaf-44ba-a484-f9b3f4281418
2026-05-07 10:19:56,786 | INFO | NotesPage | Typing 'Automation-1e81824d-cfaf-44ba-a484-f9b3f4281418' into element: ('id', 'title')
2026-05-07 10:19:56,885 | INFO | NotesPage | Typing 'This is automation testing' into element: ('id', 'description')
2026-05-07 10:19:57,159 | INFO | NotesPage | Note created successfully | Title: Automation-1e81824d-cfaf-44ba-a484-f9b3f4281418
2026-05-07 10:19:57,159 | INFO | NotesPage | Checking if note exists: Automation-1e81824d-cfaf-44ba-a484-f9b3f4281418
2026-05-07 10:19:59,999 | INFO | conftest | Closing browser
2026-05-07 10:20:02,229 | INFO | conftest | Launching Chrome browser
2026-05-07 10:20:04,933 | INFO | conftest | Performing login fixture setup
2026-05-07 10:20:09,846 | INFO | LoginPage | Attempting login with email: raghu1@gmail.com
2026-05-07 10:20:09,846 | INFO | LoginPage | Typing 'raghu1@gmail.com' into element: ('id', 'email')
2026-05-07 10:20:09,937 | INFO | LoginPage | Typing 'raghu1' into element: ('id', 'password')
2026-05-07 10:20:10,072 | INFO | LoginPage | Login button clicked
2026-05-07 10:20:10,072 | INFO | conftest | Login fixture completed
2026-05-07 10:20:10,075 | INFO | NotesPage | Creating note | Title: Instant-a663a72c-5c0e-449e-abde-bd28450b7fe8
2026-05-07 10:20:11,201 | INFO | NotesPage | Typing 'Instant-a663a72c-5c0e-449e-abde-bd28450b7fe8' into element: ('id', 'title')
2026-05-07 10:20:11,301 | INFO | NotesPage | Typing 'DOM validation' into element: ('id', 'description')
2026-05-07 10:20:11,538 | INFO | NotesPage | Note created successfully | Title: Instant-a663a72c-5c0e-449e-abde-bd28450b7fe8
2026-05-07 10:20:11,539 | INFO | NotesPage | Checking if note exists: Instant-a663a72c-5c0e-449e-abde-bd28450b7fe8
2026-05-07 10:20:13,778 | INFO | conftest | Closing browser
2026-05-07 10:20:15,915 | INFO | conftest | Launching Chrome browser
2026-05-07 10:20:22,650 | INFO | LoginPage | Attempting login with email: raghu1@gmail.com
2026-05-07 10:20:22,650 | INFO | LoginPage | Typing 'raghu1@gmail.com' into element: ('id', 'email')
2026-05-07 10:20:22,740 | INFO | conftest | Closing browser
2026-05-07 10:22:10,919 | INFO | AuthAPI | POST Request -> https://practice.expandtesting.com/notes/api/users/login
2026-05-07 10:22:10,919 | INFO | AuthAPI | Payload -> {'email': 'raghu1@gmail.com', 'password': 'raghu1'}
2026-05-07 10:22:12,601 | INFO | AuthAPI | Response Status -> 200
2026-05-07 10:22:12,606 | INFO | AuthAPI | POST Request -> https://practice.expandtesting.com/notes/api/users/login
2026-05-07 10:22:12,607 | INFO | AuthAPI | Payload -> {'email': 'wrong@test.com', 'password': 'wrongpass'}
2026-05-07 10:22:13,103 | INFO | AuthAPI | Response Status -> 401
2026-05-07 10:22:13,108 | INFO | AuthAPI | POST Request -> https://practice.expandtesting.com/notes/api/users/login
2026-05-07 10:22:13,109 | INFO | AuthAPI | Payload -> {'email': '', 'password': ''}
2026-05-07 10:22:13,830 | INFO | AuthAPI | Response Status -> 400
2026-05-07 10:22:13,835 | INFO | AuthAPI | POST Request -> https://practice.expandtesting.com/notes/api/users/login
2026-05-07 10:22:13,835 | INFO | AuthAPI | Payload -> {'email': 'raghu1@gmail.com', 'password': 'raghu1'}
2026-05-07 10:22:14,415 | INFO | AuthAPI | Response Status -> 200
2026-05-07 10:22:14,418 | INFO | NotesAPI | POST Request -> https://practice.expandtesting.com/notes/api/notes
2026-05-07 10:22:14,418 | INFO | NotesAPI | Payload -> {'title': 'API-0f2af464-ae6e-4efc-be48-d63a6b061e81', 'description': 'API Automation Description', 'category': 'Home'}
2026-05-07 10:22:15,161 | INFO | NotesAPI | Response Status -> 200
2026-05-07 10:22:15,164 | INFO | AuthAPI | POST Request -> https://practice.expandtesting.com/notes/api/users/login
2026-05-07 10:22:15,164 | INFO | AuthAPI | Payload -> {'email': 'raghu1@gmail.com', 'password': 'raghu1'}
2026-05-07 10:22:16,000 | INFO | AuthAPI | Response Status -> 200
2026-05-07 10:22:16,002 | INFO | NotesAPI | POST Request -> https://practice.expandtesting.com/notes/api/notes
2026-05-07 10:22:16,002 | INFO | NotesAPI | Payload -> {'title': 'DELETE-d5715308-6c77-4845-bb1b-0d59f8f9bfab', 'description': 'Delete Description', 'category': 'Work'}
2026-05-07 10:22:16,490 | INFO | NotesAPI | Response Status -> 200
2026-05-07 10:22:16,491 | INFO | NotesAPI | DELETE Request -> https://practice.expandtesting.com/notes/api/notes/69fc1a8181124e02985c0119
2026-05-07 10:22:17,001 | INFO | NotesAPI | Response Status -> 200
2026-05-07 10:22:17,001 | INFO | NotesAPI | GET Request -> https://practice.expandtesting.com/notes/api/notes
2026-05-07 10:22:17,547 | INFO | NotesAPI | Response Status -> 200
2026-05-07 10:22:17,553 | INFO | AuthAPI | POST Request -> https://practice.expandtesting.com/notes/api/users/login
2026-05-07 10:22:17,553 | INFO | AuthAPI | Payload -> {'email': 'raghu1@gmail.com', 'password': 'raghu1'}
2026-05-07 10:22:18,249 | INFO | AuthAPI | Response Status -> 200
2026-05-07 10:22:18,250 | INFO | test_get_notes | Starting test_get_all_notes
2026-05-07 10:22:18,250 | INFO | NotesAPI | GET Request -> https://practice.expandtesting.com/notes/api/notes
2026-05-07 10:22:18,982 | INFO | NotesAPI | Response Status -> 200
2026-05-07 10:22:18,983 | INFO | test_get_notes | Response received: 200
2026-05-07 10:22:18,983 | INFO | test_get_notes | test_get_all_notes PASSED
2026-05-07 10:22:18,989 | INFO | AuthAPI | POST Request -> https://practice.expandtesting.com/notes/api/users/login
2026-05-07 10:22:18,989 | INFO | AuthAPI | Payload -> {'email': 'raghu1@gmail.com', 'password': 'raghu1'}
2026-05-07 10:22:19,567 | INFO | AuthAPI | Response Status -> 200
2026-05-07 10:22:19,570 | INFO | NotesAPI | GET Request -> https://practice.expandtesting.com/notes/api/notes
2026-05-07 10:22:20,079 | INFO | NotesAPI | Response Status -> 200
2026-05-07 10:22:20,083 | INFO | NotesAPI | GET Request -> https://practice.expandtesting.com/notes/api/notes
2026-05-07 10:22:20,583 | INFO | NotesAPI | Response Status -> 401
2026-05-07 10:22:20,589 | INFO | AuthAPI | POST Request -> https://practice.expandtesting.com/notes/api/users/login
2026-05-07 10:22:20,590 | INFO | AuthAPI | Payload -> {'email': 'raghu1@gmail.com', 'password': 'raghu1'}
2026-05-07 10:22:21,168 | INFO | AuthAPI | Response Status -> 200
2026-05-07 10:22:21,187 | INFO | NotesAPI | DELETE Request -> https://practice.expandtesting.com/notes/api/notes/123456789
2026-05-07 10:22:21,662 | INFO | NotesAPI | Response Status -> 400
2026-05-07 10:22:21,667 | INFO | AuthAPI | POST Request -> https://practice.expandtesting.com/notes/api/users/login
2026-05-07 10:22:21,667 | INFO | AuthAPI | Payload -> {'email': 'raghu1@gmail.com', 'password': 'raghu1'}
2026-05-07 10:22:22,250 | INFO | AuthAPI | Response Status -> 200
2026-05-07 10:22:22,253 | INFO | NotesAPI | POST Request -> https://practice.expandtesting.com/notes/api/notes
2026-05-07 10:22:22,253 | INFO | NotesAPI | Payload -> {'title': '', 'description': 'Description', 'category': 'Home'}
2026-05-07 10:22:22,765 | INFO | NotesAPI | Response Status -> 400
2026-05-07 10:22:22,772 | INFO | AuthAPI | POST Request -> https://practice.expandtesting.com/notes/api/users/login
2026-05-07 10:22:22,773 | INFO | AuthAPI | Payload -> {'email': 'raghu1@gmail.com', 'password': 'raghu1'}
2026-05-07 10:22:23,357 | INFO | AuthAPI | Response Status -> 200
2026-05-07 10:22:23,360 | INFO | NotesAPI | POST Request -> https://practice.expandtesting.com/notes/api/notes
2026-05-07 10:22:23,360 | INFO | NotesAPI | Payload -> {'title': 'Title', 'description': '', 'category': 'Home'}
2026-05-07 10:22:24,107 | INFO | NotesAPI | Response Status -> 400
2026-05-07 10:22:24,110 | INFO | conftest | Launching Chrome browser
2026-05-07 10:22:27,863 | INFO | conftest | Performing login fixture setup
2026-05-07 10:22:59,934 | INFO | LoginPage | Attempting login with email: raghu1@gmail.com
2026-05-07 10:22:59,934 | INFO | LoginPage | Typing 'raghu1@gmail.com' into element: ('id', 'email')
2026-05-07 10:23:00,037 | INFO | LoginPage | Typing 'raghu1' into element: ('id', 'password')
2026-05-07 10:23:00,145 | INFO | LoginPage | Login button clicked
2026-05-07 10:23:00,145 | INFO | conftest | Login fixture completed
2026-05-07 10:23:00,146 | INFO | AuthAPI | POST Request -> https://practice.expandtesting.com/notes/api/users/login
2026-05-07 10:23:00,147 | INFO | AuthAPI | Payload -> {'email': 'raghu1@gmail.com', 'password': 'raghu1'}
2026-05-07 10:23:01,431 | INFO | AuthAPI | Response Status -> 200
2026-05-07 10:23:01,438 | INFO | test_api_to_ui_validation | STARTING E2E TEST: API -> UI
2026-05-07 10:23:01,438 | INFO | test_api_to_ui_validation | Creating note via UI | Title: DELETE-a3ec10ff-da19-47a3-8372-25bb9d677ddf
2026-05-07 10:23:01,438 | INFO | NotesPage | Creating note | Title: DELETE-a3ec10ff-da19-47a3-8372-25bb9d677ddf
2026-05-07 10:23:01,502 | INFO | NotesPage | Typing 'DELETE-a3ec10ff-da19-47a3-8372-25bb9d677ddf' into element: ('id', 'title')
2026-05-07 10:23:01,586 | INFO | NotesPage | Typing 'Delete validation' into element: ('id', 'description')
2026-05-07 10:23:01,744 | INFO | NotesPage | Note created successfully | Title: DELETE-a3ec10ff-da19-47a3-8372-25bb9d677ddf
2026-05-07 10:23:01,744 | INFO | NotesPage | Checking if note exists: DELETE-a3ec10ff-da19-47a3-8372-25bb9d677ddf
2026-05-07 10:23:05,162 | INFO | conftest | Closing browser
2026-05-07 10:23:07,425 | INFO | conftest | Launching Chrome browser
2026-05-07 10:23:10,195 | INFO | conftest | Performing login fixture setup
2026-05-07 10:23:34,744 | INFO | LoginPage | Attempting login with email: raghu1@gmail.com
2026-05-07 10:23:34,745 | INFO | LoginPage | Typing 'raghu1@gmail.com' into element: ('id', 'email')
2026-05-07 10:23:34,816 | INFO | LoginPage | Typing 'raghu1' into element: ('id', 'password')
2026-05-07 10:23:34,898 | INFO | LoginPage | Login button clicked
2026-05-07 10:23:34,898 | INFO | conftest | Login fixture completed
2026-05-07 10:23:34,899 | INFO | AuthAPI | POST Request -> https://practice.expandtesting.com/notes/api/users/login
2026-05-07 10:23:34,899 | INFO | AuthAPI | Payload -> {'email': 'raghu1@gmail.com', 'password': 'raghu1'}
2026-05-07 10:23:35,874 | INFO | AuthAPI | Response Status -> 200
2026-05-07 10:23:35,879 | INFO | test_ui_to_api_validation | STARTING E2E TEST: UI -> API
2026-05-07 10:23:35,880 | INFO | test_ui_to_api_validation | Creating note from UI | Title: E2E-3660e9ff-3895-4e6a-8b93-d90301585044
2026-05-07 10:23:35,880 | INFO | NotesPage | Creating note | Title: E2E-3660e9ff-3895-4e6a-8b93-d90301585044
2026-05-07 10:23:36,010 | INFO | NotesPage | Typing 'E2E-3660e9ff-3895-4e6a-8b93-d90301585044' into element: ('id', 'title')
2026-05-07 10:23:36,094 | INFO | NotesPage | Typing 'Hybrid UI API Validation' into element: ('id', 'description')
2026-05-07 10:23:36,382 | INFO | NotesPage | Note created successfully | Title: E2E-3660e9ff-3895-4e6a-8b93-d90301585044
2026-05-07 10:23:36,382 | INFO | NotesPage | Checking if note exists: E2E-3660e9ff-3895-4e6a-8b93-d90301585044
2026-05-07 10:23:39,911 | INFO | conftest | Closing browser
2026-05-07 10:23:42,238 | INFO | conftest | Launching Chrome browser
2026-05-07 10:23:44,929 | INFO | conftest | Performing login fixture setup
2026-05-07 10:24:09,348 | INFO | LoginPage | Attempting login with email: raghu1@gmail.com
2026-05-07 10:24:09,348 | INFO | LoginPage | Typing 'raghu1@gmail.com' into element: ('id', 'email')
2026-05-07 10:24:09,559 | INFO | LoginPage | Typing 'raghu1' into element: ('id', 'password')
2026-05-07 10:24:09,831 | INFO | LoginPage | Login button clicked
2026-05-07 10:24:09,831 | INFO | conftest | Login fixture completed
2026-05-07 10:24:09,832 | INFO | NotesPage | Creating note | Title: Automation-51281a09-fff3-4b1d-94d8-4d9a0581070c
2026-05-07 10:24:11,009 | INFO | NotesPage | Typing 'Automation-51281a09-fff3-4b1d-94d8-4d9a0581070c' into element: ('id', 'title')
2026-05-07 10:24:11,244 | INFO | NotesPage | Typing 'This is automation testing' into element: ('id', 'description')
2026-05-07 10:24:11,594 | INFO | NotesPage | Note created successfully | Title: Automation-51281a09-fff3-4b1d-94d8-4d9a0581070c
2026-05-07 10:24:11,594 | INFO | NotesPage | Checking if note exists: Automation-51281a09-fff3-4b1d-94d8-4d9a0581070c
2026-05-07 10:24:15,094 | INFO | conftest | Closing browser
2026-05-07 10:24:17,347 | INFO | conftest | Launching Chrome browser
2026-05-07 10:26:03,363 | INFO | AuthAPI | POST Request -> https://practice.expandtesting.com/notes/api/users/login
2026-05-07 10:26:03,363 | INFO | AuthAPI | Payload -> {'email': 'raghu1@gmail.com', 'password': 'raghu1'}
2026-05-07 10:26:04,013 | INFO | AuthAPI | Response Status -> 200
2026-05-07 10:26:04,019 | INFO | AuthAPI | POST Request -> https://practice.expandtesting.com/notes/api/users/login
2026-05-07 10:26:04,019 | INFO | AuthAPI | Payload -> {'email': 'wrong@test.com', 'password': 'wrongpass'}
2026-05-07 10:26:04,515 | INFO | AuthAPI | Response Status -> 401
2026-05-07 10:26:04,524 | INFO | AuthAPI | POST Request -> https://practice.expandtesting.com/notes/api/users/login
2026-05-07 10:26:04,524 | INFO | AuthAPI | Payload -> {'email': '', 'password': ''}
2026-05-07 10:26:05,016 | INFO | AuthAPI | Response Status -> 400
2026-05-07 10:26:05,021 | INFO | AuthAPI | POST Request -> https://practice.expandtesting.com/notes/api/users/login
2026-05-07 10:26:05,022 | INFO | AuthAPI | Payload -> {'email': 'raghu1@gmail.com', 'password': 'raghu1'}
2026-05-07 10:26:05,862 | INFO | AuthAPI | Response Status -> 200
2026-05-07 10:26:05,864 | INFO | NotesAPI | POST Request -> https://practice.expandtesting.com/notes/api/notes
2026-05-07 10:26:05,865 | INFO | NotesAPI | Payload -> {'title': 'API-8f5c7d1a-4618-402d-a60b-6f68e7ac102e', 'description': 'API Automation Description', 'category': 'Home'}
2026-05-07 10:26:06,390 | INFO | NotesAPI | Response Status -> 200
2026-05-07 10:26:06,395 | INFO | AuthAPI | POST Request -> https://practice.expandtesting.com/notes/api/users/login
2026-05-07 10:26:06,395 | INFO | AuthAPI | Payload -> {'email': 'raghu1@gmail.com', 'password': 'raghu1'}
2026-05-07 10:26:06,984 | INFO | AuthAPI | Response Status -> 200
2026-05-07 10:26:06,987 | INFO | NotesAPI | POST Request -> https://practice.expandtesting.com/notes/api/notes
2026-05-07 10:26:06,988 | INFO | NotesAPI | Payload -> {'title': 'DELETE-f85ef68a-e1bb-4f78-9216-8f7e55827db2', 'description': 'Delete Description', 'category': 'Work'}
2026-05-07 10:26:07,548 | INFO | NotesAPI | Response Status -> 200
2026-05-07 10:26:07,548 | INFO | NotesAPI | DELETE Request -> https://practice.expandtesting.com/notes/api/notes/69fc1b6881124e02985c0446
2026-05-07 10:26:08,094 | INFO | NotesAPI | Response Status -> 200
2026-05-07 10:26:08,094 | INFO | NotesAPI | GET Request -> https://practice.expandtesting.com/notes/api/notes
2026-05-07 10:26:08,870 | INFO | NotesAPI | Response Status -> 200
2026-05-07 10:26:08,874 | INFO | AuthAPI | POST Request -> https://practice.expandtesting.com/notes/api/users/login
2026-05-07 10:26:08,874 | INFO | AuthAPI | Payload -> {'email': 'raghu1@gmail.com', 'password': 'raghu1'}
2026-05-07 10:26:09,451 | INFO | AuthAPI | Response Status -> 200
2026-05-07 10:26:09,455 | INFO | test_get_notes | Starting test_get_all_notes
2026-05-07 10:26:09,455 | INFO | NotesAPI | GET Request -> https://practice.expandtesting.com/notes/api/notes
2026-05-07 10:26:09,972 | INFO | NotesAPI | Response Status -> 200
2026-05-07 10:26:09,972 | INFO | test_get_notes | Response received: 200
2026-05-07 10:26:09,972 | INFO | test_get_notes | test_get_all_notes PASSED
2026-05-07 10:26:09,978 | INFO | AuthAPI | POST Request -> https://practice.expandtesting.com/notes/api/users/login
2026-05-07 10:26:09,979 | INFO | AuthAPI | Payload -> {'email': 'raghu1@gmail.com', 'password': 'raghu1'}
2026-05-07 10:26:10,801 | INFO | AuthAPI | Response Status -> 200
2026-05-07 10:26:10,803 | INFO | NotesAPI | GET Request -> https://practice.expandtesting.com/notes/api/notes
2026-05-07 10:26:11,338 | INFO | NotesAPI | Response Status -> 200
2026-05-07 10:26:11,345 | INFO | NotesAPI | GET Request -> https://practice.expandtesting.com/notes/api/notes
2026-05-07 10:26:11,930 | INFO | NotesAPI | Response Status -> 401
2026-05-07 10:26:11,936 | INFO | AuthAPI | POST Request -> https://practice.expandtesting.com/notes/api/users/login
2026-05-07 10:26:11,936 | INFO | AuthAPI | Payload -> {'email': 'raghu1@gmail.com', 'password': 'raghu1'}
2026-05-07 10:26:12,827 | INFO | AuthAPI | Response Status -> 200
2026-05-07 10:26:12,831 | INFO | NotesAPI | DELETE Request -> https://practice.expandtesting.com/notes/api/notes/123456789
2026-05-07 10:26:13,328 | INFO | NotesAPI | Response Status -> 400
2026-05-07 10:26:13,335 | INFO | AuthAPI | POST Request -> https://practice.expandtesting.com/notes/api/users/login
2026-05-07 10:26:13,335 | INFO | AuthAPI | Payload -> {'email': 'raghu1@gmail.com', 'password': 'raghu1'}
2026-05-07 10:26:14,002 | INFO | AuthAPI | Response Status -> 200
2026-05-07 10:26:14,005 | INFO | NotesAPI | POST Request -> https://practice.expandtesting.com/notes/api/notes
2026-05-07 10:26:14,005 | INFO | NotesAPI | Payload -> {'title': '', 'description': 'Description', 'category': 'Home'}
2026-05-07 10:26:14,790 | INFO | NotesAPI | Response Status -> 400
2026-05-07 10:26:14,793 | INFO | AuthAPI | POST Request -> https://practice.expandtesting.com/notes/api/users/login
2026-05-07 10:26:14,793 | INFO | AuthAPI | Payload -> {'email': 'raghu1@gmail.com', 'password': 'raghu1'}
2026-05-07 10:26:15,609 | INFO | AuthAPI | Response Status -> 200
2026-05-07 10:26:15,612 | INFO | NotesAPI | POST Request -> https://practice.expandtesting.com/notes/api/notes
2026-05-07 10:26:15,613 | INFO | NotesAPI | Payload -> {'title': 'Title', 'description': '', 'category': 'Home'}
2026-05-07 10:26:16,098 | INFO | NotesAPI | Response Status -> 400
2026-05-07 10:26:16,103 | INFO | conftest | Launching Chrome browser
2026-05-07 10:26:18,763 | INFO | conftest | Performing login fixture setup
2026-05-07 10:26:42,748 | INFO | LoginPage | Attempting login with email: raghu1@gmail.com
2026-05-07 10:26:42,748 | INFO | LoginPage | Typing 'raghu1@gmail.com' into element: ('id', 'email')
2026-05-07 10:26:42,821 | INFO | LoginPage | Typing 'raghu1' into element: ('id', 'password')
2026-05-07 10:26:42,924 | INFO | LoginPage | Login button clicked
2026-05-07 10:26:42,924 | INFO | conftest | Login fixture completed
2026-05-07 10:26:42,926 | INFO | AuthAPI | POST Request -> https://practice.expandtesting.com/notes/api/users/login
2026-05-07 10:26:42,926 | INFO | AuthAPI | Payload -> {'email': 'raghu1@gmail.com', 'password': 'raghu1'}
2026-05-07 10:26:44,052 | INFO | AuthAPI | Response Status -> 200
2026-05-07 10:26:44,055 | INFO | test_api_to_ui_validation | STARTING E2E TEST: API -> UI
2026-05-07 10:26:44,055 | INFO | test_api_to_ui_validation | Creating note via UI | Title: DELETE-900aa714-3e76-479b-afcb-8a5a340ba20c
2026-05-07 10:26:44,056 | INFO | NotesPage | Creating note | Title: DELETE-900aa714-3e76-479b-afcb-8a5a340ba20c
2026-05-07 10:26:44,056 | INFO | NotesPage | Clicking Add Note button
2026-05-07 10:26:44,147 | INFO | NotesPage | Entering title: DELETE-900aa714-3e76-479b-afcb-8a5a340ba20c
2026-05-07 10:26:44,147 | INFO | NotesPage | Typing 'DELETE-900aa714-3e76-479b-afcb-8a5a340ba20c' into element: ('id', 'title')
2026-05-07 10:26:44,277 | INFO | NotesPage | Entering description
2026-05-07 10:26:44,277 | INFO | NotesPage | Typing 'Delete validation' into element: ('id', 'description')
2026-05-07 10:26:44,365 | INFO | NotesPage | Selecting category: Work
2026-05-07 10:26:44,474 | INFO | NotesPage | Clicking Create button
2026-05-07 10:26:44,503 | INFO | NotesPage | Checking if note exists: DELETE-900aa714-3e76-479b-afcb-8a5a340ba20c
2026-05-07 10:26:47,085 | WARNING | NotesPage | Stale element detected. Retrying...
2026-05-07 10:26:47,705 | INFO | NotesPage | Note created successfully | Title: DELETE-900aa714-3e76-479b-afcb-8a5a340ba20c
2026-05-07 10:26:47,706 | INFO | test_api_to_ui_validation | Note created successfully
2026-05-07 10:26:47,706 | INFO | NotesPage | Checking if note exists: DELETE-900aa714-3e76-479b-afcb-8a5a340ba20c
2026-05-07 10:26:48,121 | INFO | NotesPage | Note found: DELETE-900aa714-3e76-479b-afcb-8a5a340ba20c
2026-05-07 10:26:48,121 | INFO | test_api_to_ui_validation | Note created and visible in UI
2026-05-07 10:26:48,121 | INFO | NotesAPI | GET Request -> https://practice.expandtesting.com/notes/api/notes
2026-05-07 10:26:49,414 | INFO | NotesAPI | Response Status -> 200
2026-05-07 10:26:49,415 | INFO | test_api_to_ui_validation | GET Notes Status: 200
2026-05-07 10:26:49,417 | INFO | test_api_to_ui_validation | Located Note ID: 69fc1b8e81124e02985c0515
2026-05-07 10:26:49,418 | INFO | test_api_to_ui_validation | Deleting note via API | ID: 69fc1b8e81124e02985c0515
2026-05-07 10:26:49,418 | INFO | NotesAPI | DELETE Request -> https://practice.expandtesting.com/notes/api/notes/69fc1b8e81124e02985c0515
2026-05-07 10:26:50,402 | INFO | NotesAPI | Response Status -> 200
2026-05-07 10:26:50,402 | INFO | test_api_to_ui_validation | Delete Status: 200
2026-05-07 10:26:50,402 | INFO | test_api_to_ui_validation | Refreshing UI page
2026-05-07 10:26:50,403 | INFO | NotesPage | Refreshing browser page
2026-05-07 10:26:52,016 | INFO | NotesPage | Checking if note exists: DELETE-900aa714-3e76-479b-afcb-8a5a340ba20c
2026-05-07 10:26:52,879 | WARNING | NotesPage | Note NOT found: DELETE-900aa714-3e76-479b-afcb-8a5a340ba20c
2026-05-07 10:26:52,880 | INFO | test_api_to_ui_validation | Deleted note removed from UI successfully
2026-05-07 10:26:52,880 | INFO | test_api_to_ui_validation | E2E API -> UI validation PASSED
2026-05-07 10:26:52,885 | INFO | conftest | Closing browser
2026-05-07 10:26:55,182 | INFO | conftest | Launching Chrome browser
2026-05-07 10:26:57,825 | INFO | conftest | Performing login fixture setup
2026-05-07 10:27:01,876 | INFO | LoginPage | Attempting login with email: raghu1@gmail.com
2026-05-07 10:27:01,876 | INFO | LoginPage | Typing 'raghu1@gmail.com' into element: ('id', 'email')
2026-05-07 10:27:01,959 | INFO | LoginPage | Typing 'raghu1' into element: ('id', 'password')
2026-05-07 10:27:02,115 | INFO | LoginPage | Login button clicked
2026-05-07 10:27:02,115 | INFO | conftest | Login fixture completed
2026-05-07 10:27:02,115 | INFO | AuthAPI | POST Request -> https://practice.expandtesting.com/notes/api/users/login
2026-05-07 10:27:02,115 | INFO | AuthAPI | Payload -> {'email': 'raghu1@gmail.com', 'password': 'raghu1'}
2026-05-07 10:27:03,102 | INFO | AuthAPI | Response Status -> 200
2026-05-07 10:27:03,106 | INFO | test_ui_to_api_validation | STARTING E2E TEST: UI -> API
2026-05-07 10:27:03,106 | INFO | test_ui_to_api_validation | Creating note from UI | Title: E2E-fa16c166-64ca-45ef-9346-abaf7f1adf2e
2026-05-07 10:27:03,107 | INFO | NotesPage | Creating note | Title: E2E-fa16c166-64ca-45ef-9346-abaf7f1adf2e
2026-05-07 10:27:03,107 | INFO | NotesPage | Clicking Add Note button
2026-05-07 10:27:03,224 | INFO | NotesPage | Entering title: E2E-fa16c166-64ca-45ef-9346-abaf7f1adf2e
2026-05-07 10:27:03,224 | INFO | NotesPage | Typing 'E2E-fa16c166-64ca-45ef-9346-abaf7f1adf2e' into element: ('id', 'title')
2026-05-07 10:27:03,332 | INFO | NotesPage | Entering description
2026-05-07 10:27:03,332 | INFO | NotesPage | Typing 'Hybrid UI API Validation' into element: ('id', 'description')
2026-05-07 10:27:03,438 | INFO | NotesPage | Selecting category: Home
2026-05-07 10:27:03,491 | INFO | NotesPage | Clicking Create button
2026-05-07 10:27:03,590 | INFO | NotesPage | Checking if note exists: E2E-fa16c166-64ca-45ef-9346-abaf7f1adf2e
2026-05-07 10:27:06,633 | WARNING | NotesPage | Stale element detected. Retrying...
2026-05-07 10:27:07,722 | INFO | NotesPage | Note created successfully | Title: E2E-fa16c166-64ca-45ef-9346-abaf7f1adf2e
2026-05-07 10:27:07,722 | INFO | test_ui_to_api_validation | Note creation completed
2026-05-07 10:27:07,722 | INFO | NotesPage | Checking if note exists: E2E-fa16c166-64ca-45ef-9346-abaf7f1adf2e
2026-05-07 10:27:08,280 | INFO | NotesPage | Note found: E2E-fa16c166-64ca-45ef-9346-abaf7f1adf2e
2026-05-07 10:27:08,280 | INFO | test_ui_to_api_validation | Note visible in UI successfully
2026-05-07 10:27:08,280 | INFO | test_ui_to_api_validation | Calling GET /notes API
2026-05-07 10:27:08,280 | INFO | NotesAPI | GET Request -> https://practice.expandtesting.com/notes/api/notes
2026-05-07 10:27:09,251 | INFO | NotesAPI | Response Status -> 200
2026-05-07 10:27:09,251 | INFO | test_ui_to_api_validation | API Response Status: 200
2026-05-07 10:27:09,252 | INFO | test_ui_to_api_validation | API Response Time: 0.968997
2026-05-07 10:27:09,252 | INFO | test_ui_to_api_validation | Total Notes Returned: 79
2026-05-07 10:27:09,252 | INFO | test_ui_to_api_validation | Matched Note: {'id': '69fc1ba181124e02985c0554', 'title': 'E2E-fa16c166-64ca-45ef-9346-abaf7f1adf2e', 'description': 'Hybrid UI API Validation', 'category': 'Home', 'completed': False, 'created_at': '2026-05-07T04:57:05.285Z', 'updated_at': '2026-05-07T04:57:05.285Z', 'user_id': '69fb505d81124e02985b5b90'}
2026-05-07 10:27:09,253 | INFO | test_ui_to_api_validation | E2E UI -> API validation PASSED
2026-05-07 10:27:09,257 | INFO | conftest | Closing browser
2026-05-07 10:27:11,514 | INFO | conftest | Launching Chrome browser
2026-05-07 10:27:14,370 | INFO | conftest | Performing login fixture setup
2026-05-07 10:27:38,596 | INFO | LoginPage | Attempting login with email: raghu1@gmail.com
2026-05-07 10:27:38,596 | INFO | LoginPage | Typing 'raghu1@gmail.com' into element: ('id', 'email')
2026-05-07 10:27:38,745 | INFO | LoginPage | Typing 'raghu1' into element: ('id', 'password')
2026-05-07 10:27:38,871 | INFO | LoginPage | Login button clicked
2026-05-07 10:27:38,871 | INFO | conftest | Login fixture completed
2026-05-07 10:27:38,872 | INFO | NotesPage | Creating note | Title: Automation-7196ddf8-f10b-409b-9a29-0b684756d270
2026-05-07 10:27:38,872 | INFO | NotesPage | Clicking Add Note button
2026-05-07 10:27:39,990 | INFO | NotesPage | Entering title: Automation-7196ddf8-f10b-409b-9a29-0b684756d270
2026-05-07 10:27:39,990 | INFO | NotesPage | Typing 'Automation-7196ddf8-f10b-409b-9a29-0b684756d270' into element: ('id', 'title')
2026-05-07 10:27:40,084 | INFO | NotesPage | Entering description
2026-05-07 10:27:40,085 | INFO | NotesPage | Typing 'This is automation testing' into element: ('id', 'description')
2026-05-07 10:27:40,184 | INFO | NotesPage | Selecting category: Home
2026-05-07 10:27:40,260 | INFO | NotesPage | Clicking Create button
2026-05-07 10:27:40,286 | INFO | NotesPage | Checking if note exists: Automation-7196ddf8-f10b-409b-9a29-0b684756d270
2026-05-07 10:27:41,625 | WARNING | NotesPage | Stale element detected. Retrying...
2026-05-07 10:27:42,137 | INFO | NotesPage | Checking if note exists: Automation-7196ddf8-f10b-409b-9a29-0b684756d270
2026-05-07 10:27:42,702 | INFO | NotesPage | Note found: Automation-7196ddf8-f10b-409b-9a29-0b684756d270
2026-05-07 10:27:42,702 | INFO | NotesPage | Note created successfully | Title: Automation-7196ddf8-f10b-409b-9a29-0b684756d270
2026-05-07 10:27:42,702 | INFO | NotesPage | Checking if note exists: Automation-7196ddf8-f10b-409b-9a29-0b684756d270
2026-05-07 10:27:43,188 | INFO | NotesPage | Note found: Automation-7196ddf8-f10b-409b-9a29-0b684756d270
2026-05-07 10:27:43,190 | INFO | conftest | Closing browser
2026-05-07 10:27:45,467 | INFO | conftest | Launching Chrome browser
2026-05-07 10:27:48,198 | INFO | conftest | Performing login fixture setup
2026-05-07 10:28:12,797 | INFO | LoginPage | Attempting login with email: raghu1@gmail.com
2026-05-07 10:28:12,797 | INFO | LoginPage | Typing 'raghu1@gmail.com' into element: ('id', 'email')
2026-05-07 10:28:12,933 | INFO | LoginPage | Typing 'raghu1' into element: ('id', 'password')
2026-05-07 10:28:13,079 | INFO | LoginPage | Login button clicked
2026-05-07 10:28:13,079 | INFO | conftest | Login fixture completed
2026-05-07 10:28:13,082 | INFO | NotesPage | Creating note | Title: Instant-382c4300-d88c-41cc-be19-291192397e61
2026-05-07 10:28:13,082 | INFO | NotesPage | Clicking Add Note button
2026-05-07 10:28:14,203 | INFO | NotesPage | Entering title: Instant-382c4300-d88c-41cc-be19-291192397e61
2026-05-07 10:28:14,204 | INFO | NotesPage | Typing 'Instant-382c4300-d88c-41cc-be19-291192397e61' into element: ('id', 'title')
2026-05-07 10:28:14,326 | INFO | NotesPage | Entering description
2026-05-07 10:28:14,327 | INFO | NotesPage | Typing 'DOM validation' into element: ('id', 'description')
2026-05-07 10:28:14,407 | INFO | NotesPage | Selecting category: Work
2026-05-07 10:28:14,487 | INFO | NotesPage | Clicking Create button
2026-05-07 10:28:14,514 | INFO | NotesPage | Checking if note exists: Instant-382c4300-d88c-41cc-be19-291192397e61
2026-05-07 10:28:16,934 | WARNING | NotesPage | Stale element detected. Retrying...
2026-05-07 10:28:17,443 | INFO | NotesPage | Note created successfully | Title: Instant-382c4300-d88c-41cc-be19-291192397e61
2026-05-07 10:28:17,443 | INFO | NotesPage | Checking if note exists: Instant-382c4300-d88c-41cc-be19-291192397e61
2026-05-07 10:28:17,985 | INFO | NotesPage | Note found: Instant-382c4300-d88c-41cc-be19-291192397e61
2026-05-07 10:28:17,985 | INFO | conftest | Closing browser
2026-05-07 10:28:20,259 | INFO | conftest | Launching Chrome browser
2026-05-07 10:28:26,900 | INFO | LoginPage | Attempting login with email: raghu1@gmail.com
2026-05-07 10:28:26,901 | INFO | LoginPage | Typing 'raghu1@gmail.com' into element: ('id', 'email')
2026-05-07 10:28:26,977 | INFO | LoginPage | Typing 'raghu1' into element: ('id', 'password')
2026-05-07 10:28:27,050 | INFO | LoginPage | Login button clicked
2026-05-07 10:28:27,051 | INFO | LoginPage | Validating login success
2026-05-07 10:28:27,584 | INFO | conftest | Closing browser
2026-05-07 10:28:29,784 | INFO | conftest | Launching Chrome browser
2026-05-07 10:29:04,509 | INFO | LoginPage | Attempting login with email: wrong@test.com
2026-05-07 10:29:04,509 | INFO | LoginPage | Typing 'wrong@test.com' into element: ('id', 'email')
2026-05-07 10:29:04,627 | INFO | LoginPage | Typing 'Password123' into element: ('id', 'password')
2026-05-07 10:29:04,773 | INFO | LoginPage | Login button clicked
2026-05-07 10:29:05,366 | INFO | conftest | Closing browser
2026-05-07 10:29:07,678 | INFO | conftest | Launching Chrome browser
2026-05-07 10:29:42,557 | INFO | LoginPage | Attempting login with email: 
2026-05-07 10:29:42,557 | INFO | LoginPage | Typing '' into element: ('id', 'email')
2026-05-07 10:29:42,607 | INFO | LoginPage | Typing 'Password123' into element: ('id', 'password')
2026-05-07 10:29:42,713 | INFO | LoginPage | Login button clicked
2026-05-07 10:29:47,911 | INFO | conftest | Closing browser
2026-05-07 10:29:50,197 | INFO | conftest | Launching Chrome browser
2026-05-07 10:30:17,656 | INFO | LoginPage | Attempting login with email: 
2026-05-07 10:30:17,656 | INFO | LoginPage | Typing '' into element: ('id', 'email')
2026-05-07 10:30:17,742 | INFO | LoginPage | Typing '' into element: ('id', 'password')
2026-05-07 10:30:17,822 | INFO | LoginPage | Login button clicked
2026-05-07 10:30:23,081 | INFO | conftest | Closing browser
2026-05-07 10:30:25,379 | INFO | conftest | Launching Chrome browser
2026-05-07 10:30:28,100 | INFO | conftest | Performing login fixture setup
2026-05-07 10:30:52,243 | INFO | LoginPage | Attempting login with email: raghu1@gmail.com
2026-05-07 10:30:52,243 | INFO | LoginPage | Typing 'raghu1@gmail.com' into element: ('id', 'email')
2026-05-07 10:30:52,374 | INFO | LoginPage | Typing 'raghu1' into element: ('id', 'password')
2026-05-07 10:30:52,505 | INFO | LoginPage | Login button clicked
2026-05-07 10:30:52,505 | INFO | conftest | Login fixture completed
2026-05-07 10:30:52,507 | INFO | NotesPage | Clicking Add Note button
2026-05-07 10:30:53,618 | INFO | NotesPage | Entering description
2026-05-07 10:30:53,618 | INFO | NotesPage | Typing 'Missing title' into element: ('id', 'description')
2026-05-07 10:30:53,719 | INFO | NotesPage | Selecting category: Home
2026-05-07 10:30:53,794 | INFO | NotesPage | Clicking Create button
2026-05-07 10:30:53,821 | INFO | NotesPage | Fetching validation errors
2026-05-07 10:30:53,885 | INFO | conftest | Closing browser
2026-05-07 10:30:56,161 | INFO | conftest | Launching Chrome browser
2026-05-07 10:30:58,934 | INFO | conftest | Performing login fixture setup
2026-05-07 10:31:01,149 | INFO | LoginPage | Attempting login with email: raghu1@gmail.com
2026-05-07 10:31:01,149 | INFO | LoginPage | Typing 'raghu1@gmail.com' into element: ('id', 'email')
2026-05-07 10:31:03,157 | INFO | LoginPage | Typing 'raghu1' into element: ('id', 'password')
2026-05-07 10:31:03,237 | INFO | LoginPage | Login button clicked
2026-05-07 10:31:03,238 | INFO | conftest | Login fixture completed
2026-05-07 10:31:03,238 | INFO | NotesPage | Clicking Add Note button
2026-05-07 10:31:04,350 | INFO | NotesPage | Entering title: Negative-53ce21c1-53fb-4834-aa57-e5b0e150eabd
2026-05-07 10:31:04,351 | INFO | NotesPage | Typing 'Negative-53ce21c1-53fb-4834-aa57-e5b0e150eabd' into element: ('id', 'title')
2026-05-07 10:31:04,457 | INFO | NotesPage | Selecting category: Work
2026-05-07 10:31:04,572 | INFO | NotesPage | Clicking Create button
2026-05-07 10:31:04,594 | INFO | NotesPage | Fetching validation errors
2026-05-07 10:31:04,657 | INFO | conftest | Closing browser
2026-05-07 10:34:56,608 | INFO | AuthAPI | POST Request -> https://practice.expandtesting.com/notes/api/users/login
2026-05-07 10:34:56,609 | INFO | AuthAPI | Payload -> {'email': 'raghu1@gmail.com', 'password': 'raghu1'}
2026-05-07 10:34:56,610 | INFO | AuthAPI | POST Request -> https://practice.expandtesting.com/notes/api/users/login
2026-05-07 10:34:56,610 | INFO | AuthAPI | Payload -> {'email': 'raghu1@gmail.com', 'password': 'raghu1'}
2026-05-07 10:34:56,612 | INFO | AuthAPI | POST Request -> https://practice.expandtesting.com/notes/api/users/login
2026-05-07 10:34:56,612 | INFO | AuthAPI | Payload -> {'email': 'raghu1@gmail.com', 'password': 'raghu1'}
2026-05-07 10:34:56,612 | INFO | AuthAPI | POST Request -> https://practice.expandtesting.com/notes/api/users/login
2026-05-07 10:34:56,613 | INFO | AuthAPI | Payload -> {'email': '', 'password': ''}
2026-05-07 10:34:56,613 | INFO | AuthAPI | POST Request -> https://practice.expandtesting.com/notes/api/users/login
2026-05-07 10:34:56,613 | INFO | AuthAPI | Payload -> {'email': 'raghu1@gmail.com', 'password': 'raghu1'}
2026-05-07 10:34:57,355 | INFO | AuthAPI | Response Status -> 400
2026-05-07 10:34:57,358 | INFO | AuthAPI | POST Request -> https://practice.expandtesting.com/notes/api/users/login
2026-05-07 10:34:57,359 | INFO | AuthAPI | Payload -> {'email': 'raghu1@gmail.com', 'password': 'raghu1'}
2026-05-07 10:34:57,514 | INFO | AuthAPI | Response Status -> 200
2026-05-07 10:34:57,516 | INFO | NotesAPI | GET Request -> https://practice.expandtesting.com/notes/api/notes
2026-05-07 10:34:57,528 | INFO | AuthAPI | Response Status -> 200
2026-05-07 10:34:57,531 | INFO | AuthAPI | POST Request -> https://practice.expandtesting.com/notes/api/users/login
2026-05-07 10:34:57,531 | INFO | AuthAPI | Payload -> {'email': 'wrong@test.com', 'password': 'wrongpass'}
2026-05-07 10:34:57,619 | INFO | AuthAPI | Response Status -> 200
2026-05-07 10:34:57,621 | INFO | NotesAPI | POST Request -> https://practice.expandtesting.com/notes/api/notes
2026-05-07 10:34:57,621 | INFO | NotesAPI | Payload -> {'title': 'DELETE-4561ee85-4f5a-4e92-b600-c81637c8a505', 'description': 'Delete Description', 'category': 'Work'}
2026-05-07 10:34:57,710 | INFO | AuthAPI | Response Status -> 200
2026-05-07 10:34:57,712 | INFO | NotesAPI | DELETE Request -> https://practice.expandtesting.com/notes/api/notes/123456789
2026-05-07 10:34:57,978 | INFO | AuthAPI | Response Status -> 200
2026-05-07 10:34:57,982 | INFO | NotesAPI | POST Request -> https://practice.expandtesting.com/notes/api/notes
2026-05-07 10:34:57,983 | INFO | NotesAPI | Payload -> {'title': 'API-bd44dbab-f555-4b68-9624-2cdccfe23b2a', 'description': 'API Automation Description', 'category': 'Home'}
2026-05-07 10:34:58,219 | INFO | NotesAPI | Response Status -> 200
2026-05-07 10:34:58,219 | INFO | NotesAPI | DELETE Request -> https://practice.expandtesting.com/notes/api/notes/69fc1d7b81124e02985c0d19
2026-05-07 10:34:58,225 | INFO | NotesAPI | Response Status -> 200
2026-05-07 10:34:58,228 | INFO | NotesAPI | GET Request -> https://practice.expandtesting.com/notes/api/notes
2026-05-07 10:34:58,309 | INFO | AuthAPI | Response Status -> 401
2026-05-07 10:34:58,312 | INFO | conftest | Launching Chrome browser
2026-05-07 10:34:58,331 | INFO | NotesAPI | Response Status -> 400
2026-05-07 10:34:58,334 | INFO | AuthAPI | POST Request -> https://practice.expandtesting.com/notes/api/users/login
2026-05-07 10:34:58,335 | INFO | AuthAPI | Payload -> {'email': 'raghu1@gmail.com', 'password': 'raghu1'}
2026-05-07 10:34:58,497 | INFO | NotesAPI | Response Status -> 200
2026-05-07 10:34:58,500 | INFO | AuthAPI | POST Request -> https://practice.expandtesting.com/notes/api/users/login
2026-05-07 10:34:58,500 | INFO | AuthAPI | Payload -> {'email': 'raghu1@gmail.com', 'password': 'raghu1'}
2026-05-07 10:34:58,865 | INFO | NotesAPI | Response Status -> 200
2026-05-07 10:34:58,865 | INFO | NotesAPI | GET Request -> https://practice.expandtesting.com/notes/api/notes
2026-05-07 10:34:58,870 | INFO | NotesAPI | Response Status -> 401
2026-05-07 10:34:58,875 | INFO | conftest | Launching Chrome browser
2026-05-07 10:34:58,996 | INFO | AuthAPI | Response Status -> 200
2026-05-07 10:34:58,998 | INFO | NotesAPI | POST Request -> https://practice.expandtesting.com/notes/api/notes
2026-05-07 10:34:58,999 | INFO | NotesAPI | Payload -> {'title': '', 'description': 'Description', 'category': 'Home'}
2026-05-07 10:34:59,163 | INFO | AuthAPI | Response Status -> 200
2026-05-07 10:34:59,165 | INFO | NotesAPI | POST Request -> https://practice.expandtesting.com/notes/api/notes
2026-05-07 10:34:59,165 | INFO | NotesAPI | Payload -> {'title': 'Title', 'description': '', 'category': 'Home'}
2026-05-07 10:34:59,502 | INFO | NotesAPI | Response Status -> 200
2026-05-07 10:34:59,506 | INFO | AuthAPI | POST Request -> https://practice.expandtesting.com/notes/api/users/login
2026-05-07 10:34:59,507 | INFO | AuthAPI | Payload -> {'email': 'raghu1@gmail.com', 'password': 'raghu1'}
2026-05-07 10:34:59,582 | INFO | NotesAPI | Response Status -> 400
2026-05-07 10:34:59,584 | INFO | conftest | Launching Chrome browser
2026-05-07 10:34:59,778 | INFO | NotesAPI | Response Status -> 400
2026-05-07 10:34:59,781 | INFO | conftest | Launching Chrome browser
2026-05-07 10:35:00,212 | INFO | AuthAPI | Response Status -> 200
2026-05-07 10:35:00,214 | INFO | test_get_notes | Starting test_get_all_notes
2026-05-07 10:35:00,215 | INFO | NotesAPI | GET Request -> https://practice.expandtesting.com/notes/api/notes
2026-05-07 10:35:00,619 | INFO | conftest | Performing login fixture setup
2026-05-07 10:35:00,887 | INFO | NotesAPI | Response Status -> 200
2026-05-07 10:35:00,887 | INFO | test_get_notes | Response received: 200
2026-05-07 10:35:00,888 | INFO | test_get_notes | test_get_all_notes PASSED
2026-05-07 10:35:00,923 | INFO | conftest | Launching Chrome browser
2026-05-07 10:35:01,212 | INFO | conftest | Performing login fixture setup
2026-05-07 10:35:02,941 | INFO | conftest | Performing login fixture setup
2026-05-07 10:35:24,619 | INFO | LoginPage | Attempting login with email: raghu1@gmail.com
2026-05-07 10:35:24,619 | INFO | LoginPage | Typing 'raghu1@gmail.com' into element: ('id', 'email')
2026-05-07 10:35:24,866 | INFO | LoginPage | Typing 'raghu1' into element: ('id', 'password')
2026-05-07 10:35:25,177 | INFO | LoginPage | Attempting login with email: raghu1@gmail.com
2026-05-07 10:35:25,177 | INFO | LoginPage | Typing 'raghu1@gmail.com' into element: ('id', 'email')
2026-05-07 10:35:25,551 | INFO | LoginPage | Attempting login with email: raghu1@gmail.com
2026-05-07 10:35:25,551 | INFO | LoginPage | Typing 'raghu1@gmail.com' into element: ('id', 'email')
2026-05-07 10:35:25,566 | INFO | LoginPage | Login button clicked
2026-05-07 10:35:25,567 | INFO | conftest | Login fixture completed
2026-05-07 10:35:25,569 | INFO | AuthAPI | POST Request -> https://practice.expandtesting.com/notes/api/users/login
2026-05-07 10:35:25,571 | INFO | AuthAPI | Payload -> {'email': 'raghu1@gmail.com', 'password': 'raghu1'}
2026-05-07 10:35:25,933 | INFO | LoginPage | Attempting login with email: raghu1@gmail.com
2026-05-07 10:35:25,934 | INFO | LoginPage | Typing 'raghu1@gmail.com' into element: ('id', 'email')
2026-05-07 10:35:26,672 | INFO | LoginPage | Typing 'raghu1' into element: ('id', 'password')
2026-05-07 10:35:26,944 | INFO | LoginPage | Attempting login with email: 
2026-05-07 10:35:26,944 | INFO | LoginPage | Typing '' into element: ('id', 'email')
2026-05-07 10:35:27,549 | INFO | LoginPage | Login button clicked
2026-05-07 10:35:27,549 | INFO | conftest | Login fixture completed
2026-05-07 10:35:27,551 | INFO | AuthAPI | POST Request -> https://practice.expandtesting.com/notes/api/users/login
2026-05-07 10:35:27,551 | INFO | AuthAPI | Payload -> {'email': 'raghu1@gmail.com', 'password': 'raghu1'}
2026-05-07 10:35:27,735 | INFO | AuthAPI | Response Status -> 200
2026-05-07 10:35:27,750 | INFO | test_api_to_ui_validation | STARTING E2E TEST: API -> UI
2026-05-07 10:35:27,751 | INFO | test_api_to_ui_validation | Creating note via UI | Title: DELETE-e5a86e0f-9286-492e-a5a7-d8130abf4ccf
2026-05-07 10:35:27,751 | INFO | NotesPage | Creating note | Title: DELETE-e5a86e0f-9286-492e-a5a7-d8130abf4ccf
2026-05-07 10:35:27,751 | INFO | NotesPage | Clicking Add Note button
2026-05-07 10:35:28,296 | INFO | NotesPage | Entering title: DELETE-e5a86e0f-9286-492e-a5a7-d8130abf4ccf
2026-05-07 10:35:28,297 | INFO | NotesPage | Typing 'DELETE-e5a86e0f-9286-492e-a5a7-d8130abf4ccf' into element: ('id', 'title')
2026-05-07 10:35:29,252 | INFO | NotesPage | Entering description
2026-05-07 10:35:29,252 | INFO | NotesPage | Typing 'Delete validation' into element: ('id', 'description')
2026-05-07 10:35:29,397 | INFO | LoginPage | Typing 'raghu1' into element: ('id', 'password')
2026-05-07 10:35:29,456 | INFO | LoginPage | Typing 'raghu1' into element: ('id', 'password')
2026-05-07 10:35:29,793 | INFO | NotesPage | Selecting category: Work
2026-05-07 10:35:29,969 | INFO | AuthAPI | Response Status -> 200
2026-05-07 10:35:29,972 | INFO | test_ui_to_api_validation | STARTING E2E TEST: UI -> API
2026-05-07 10:35:29,973 | INFO | test_ui_to_api_validation | Creating note from UI | Title: E2E-9ae958bc-c70d-48e4-829e-da783759d127
2026-05-07 10:35:29,973 | INFO | NotesPage | Creating note | Title: E2E-9ae958bc-c70d-48e4-829e-da783759d127
2026-05-07 10:35:29,974 | INFO | NotesPage | Clicking Add Note button
2026-05-07 10:35:30,033 | INFO | NotesPage | Clicking Create button
2026-05-07 10:35:30,136 | INFO | NotesPage | Entering title: E2E-9ae958bc-c70d-48e4-829e-da783759d127
2026-05-07 10:35:30,136 | INFO | NotesPage | Typing 'E2E-9ae958bc-c70d-48e4-829e-da783759d127' into element: ('id', 'title')
2026-05-07 10:35:30,220 | INFO | LoginPage | Typing 'Password123' into element: ('id', 'password')
2026-05-07 10:35:30,246 | INFO | LoginPage | Login button clicked
2026-05-07 10:35:30,246 | INFO | LoginPage | Validating login success
2026-05-07 10:35:30,252 | INFO | NotesPage | Checking if note exists: DELETE-e5a86e0f-9286-492e-a5a7-d8130abf4ccf
2026-05-07 10:35:30,548 | INFO | NotesPage | Entering description
2026-05-07 10:35:30,548 | INFO | NotesPage | Typing 'Hybrid UI API Validation' into element: ('id', 'description')
2026-05-07 10:35:30,897 | INFO | NotesPage | Selecting category: Home
2026-05-07 10:35:30,898 | INFO | conftest | Closing browser
2026-05-07 10:35:31,200 | INFO | NotesPage | Clicking Create button
2026-05-07 10:35:31,217 | INFO | LoginPage | Login button clicked
2026-05-07 10:35:31,218 | INFO | conftest | Login fixture completed
2026-05-07 10:35:31,220 | INFO | NotesPage | Creating note | Title: Instant-71b7ea1a-1b64-4241-a050-4d4b8ee1a2df
2026-05-07 10:35:31,221 | INFO | NotesPage | Clicking Add Note button
2026-05-07 10:35:31,234 | INFO | LoginPage | Login button clicked
2026-05-07 10:35:31,336 | INFO | NotesPage | Checking if note exists: E2E-9ae958bc-c70d-48e4-829e-da783759d127
2026-05-07 10:35:32,837 | WARNING | NotesPage | Stale element detected. Retrying...
2026-05-07 10:35:33,098 | INFO | NotesPage | Entering title: Instant-71b7ea1a-1b64-4241-a050-4d4b8ee1a2df
2026-05-07 10:35:33,099 | INFO | NotesPage | Typing 'Instant-71b7ea1a-1b64-4241-a050-4d4b8ee1a2df' into element: ('id', 'title')
2026-05-07 10:35:33,775 | INFO | NotesPage | Entering description
2026-05-07 10:35:33,776 | INFO | NotesPage | Typing 'DOM validation' into element: ('id', 'description')
2026-05-07 10:35:34,194 | INFO | NotesPage | Selecting category: Work
2026-05-07 10:35:34,566 | INFO | NotesPage | Clicking Create button
2026-05-07 10:35:34,653 | INFO | NotesPage | Checking if note exists: Instant-71b7ea1a-1b64-4241-a050-4d4b8ee1a2df
2026-05-07 10:35:35,474 | INFO | NotesPage | Note created successfully | Title: DELETE-e5a86e0f-9286-492e-a5a7-d8130abf4ccf
2026-05-07 10:35:35,474 | INFO | test_api_to_ui_validation | Note created successfully
2026-05-07 10:35:35,475 | INFO | NotesPage | Checking if note exists: DELETE-e5a86e0f-9286-492e-a5a7-d8130abf4ccf
2026-05-07 10:35:35,751 | WARNING | NotesPage | Stale element detected. Retrying...
2026-05-07 10:35:36,712 | INFO | conftest | Closing browser
2026-05-07 10:35:36,829 | WARNING | NotesPage | Stale element detected. Retrying...
2026-05-07 10:35:37,261 | INFO | NotesPage | Note found: DELETE-e5a86e0f-9286-492e-a5a7-d8130abf4ccf
2026-05-07 10:35:37,261 | INFO | test_api_to_ui_validation | Note created and visible in UI
2026-05-07 10:35:37,261 | INFO | NotesAPI | GET Request -> https://practice.expandtesting.com/notes/api/notes
2026-05-07 10:35:37,701 | INFO | NotesPage | Note created successfully | Title: E2E-9ae958bc-c70d-48e4-829e-da783759d127
2026-05-07 10:35:37,701 | INFO | test_ui_to_api_validation | Note creation completed
2026-05-07 10:35:37,702 | INFO | NotesPage | Checking if note exists: E2E-9ae958bc-c70d-48e4-829e-da783759d127
2026-05-07 10:35:38,553 | INFO | NotesPage | Note created successfully | Title: Instant-71b7ea1a-1b64-4241-a050-4d4b8ee1a2df
2026-05-07 10:35:38,553 | INFO | NotesPage | Checking if note exists: Instant-71b7ea1a-1b64-4241-a050-4d4b8ee1a2df
2026-05-07 10:35:38,567 | INFO | NotesAPI | Response Status -> 200
2026-05-07 10:35:38,567 | INFO | test_api_to_ui_validation | GET Notes Status: 200
2026-05-07 10:35:38,568 | INFO | test_api_to_ui_validation | Located Note ID: 69fc1d9c81124e02985c0dd7
2026-05-07 10:35:38,569 | INFO | test_api_to_ui_validation | Deleting note via API | ID: 69fc1d9c81124e02985c0dd7
2026-05-07 10:35:38,569 | INFO | NotesAPI | DELETE Request -> https://practice.expandtesting.com/notes/api/notes/69fc1d9c81124e02985c0dd7
2026-05-07 10:35:38,838 | INFO | NotesPage | Note found: E2E-9ae958bc-c70d-48e4-829e-da783759d127
2026-05-07 10:35:38,839 | INFO | test_ui_to_api_validation | Note visible in UI successfully
2026-05-07 10:35:38,839 | INFO | test_ui_to_api_validation | Calling GET /notes API
2026-05-07 10:35:38,839 | INFO | NotesAPI | GET Request -> https://practice.expandtesting.com/notes/api/notes
2026-05-07 10:35:39,646 | INFO | NotesPage | Note found: Instant-71b7ea1a-1b64-4241-a050-4d4b8ee1a2df
2026-05-07 10:35:39,646 | INFO | conftest | Closing browser
2026-05-07 10:35:39,858 | INFO | NotesAPI | Response Status -> 200
2026-05-07 10:35:39,858 | INFO | test_api_to_ui_validation | Delete Status: 200
2026-05-07 10:35:39,858 | INFO | test_api_to_ui_validation | Refreshing UI page
2026-05-07 10:35:39,859 | INFO | NotesPage | Refreshing browser page
2026-05-07 10:35:39,891 | INFO | NotesAPI | Response Status -> 200
2026-05-07 10:35:39,892 | INFO | test_ui_to_api_validation | API Response Status: 200
2026-05-07 10:35:39,893 | INFO | test_ui_to_api_validation | API Response Time: 1.043738
2026-05-07 10:35:39,894 | INFO | test_ui_to_api_validation | Total Notes Returned: 85
2026-05-07 10:35:39,894 | INFO | test_ui_to_api_validation | Matched Note: {'id': '69fc1d9d81124e02985c0ddf', 'title': 'E2E-9ae958bc-c70d-48e4-829e-da783759d127', 'description': 'Hybrid UI API Validation', 'category': 'Home', 'completed': False, 'created_at': '2026-05-07T05:05:33.035Z', 'updated_at': '2026-05-07T05:05:33.035Z', 'user_id': '69fb505d81124e02985b5b90'}
2026-05-07 10:35:39,894 | INFO | test_ui_to_api_validation | E2E UI -> API validation PASSED
2026-05-07 10:35:39,898 | INFO | conftest | Closing browser
2026-05-07 10:35:40,439 | INFO | conftest | Launching Chrome browser
2026-05-07 10:35:41,236 | INFO | conftest | Launching Chrome browser
2026-05-07 10:35:41,407 | INFO | NotesPage | Checking if note exists: DELETE-e5a86e0f-9286-492e-a5a7-d8130abf4ccf
2026-05-07 10:35:42,085 | INFO | conftest | Launching Chrome browser
2026-05-07 10:35:42,284 | INFO | conftest | Launching Chrome browser
2026-05-07 10:35:42,383 | WARNING | NotesPage | Note NOT found: DELETE-e5a86e0f-9286-492e-a5a7-d8130abf4ccf
2026-05-07 10:35:42,384 | INFO | test_api_to_ui_validation | Deleted note removed from UI successfully
2026-05-07 10:35:42,384 | INFO | test_api_to_ui_validation | E2E API -> UI validation PASSED
2026-05-07 10:35:42,389 | INFO | conftest | Closing browser
2026-05-07 10:35:43,888 | INFO | conftest | Performing login fixture setup
2026-05-07 10:35:44,172 | INFO | conftest | Performing login fixture setup
2026-05-07 10:35:44,739 | INFO | conftest | Launching Chrome browser
2026-05-07 10:35:46,109 | INFO | LoginPage | Attempting login with email: raghu1@gmail.com
2026-05-07 10:35:46,110 | INFO | LoginPage | Typing 'raghu1@gmail.com' into element: ('id', 'email')
2026-05-07 10:35:49,737 | INFO | LoginPage | Typing 'raghu1' into element: ('id', 'password')
2026-05-07 10:35:50,239 | INFO | LoginPage | Login button clicked
2026-05-07 10:35:50,240 | INFO | conftest | Login fixture completed
2026-05-07 10:35:50,243 | INFO | NotesPage | Clicking Add Note button
2026-05-07 10:35:51,526 | INFO | NotesPage | Entering title: Negative-70b7a822-5015-4a66-ac45-e9efd00e72f2
2026-05-07 10:35:51,527 | INFO | NotesPage | Typing 'Negative-70b7a822-5015-4a66-ac45-e9efd00e72f2' into element: ('id', 'title')
2026-05-07 10:35:51,873 | INFO | NotesPage | Selecting category: Work
2026-05-07 10:35:52,116 | INFO | NotesPage | Clicking Create button
2026-05-07 10:35:52,183 | INFO | NotesPage | Fetching validation errors
2026-05-07 10:35:52,274 | INFO | conftest | Closing browser
2026-05-07 10:35:52,360 | INFO | conftest | Performing login fixture setup
2026-05-07 10:36:06,323 | INFO | LoginPage | Attempting login with email: raghu1@gmail.com
2026-05-07 10:36:06,324 | INFO | LoginPage | Typing 'raghu1@gmail.com' into element: ('id', 'email')
2026-05-07 10:36:09,633 | INFO | LoginPage | Typing 'raghu1' into element: ('id', 'password')
2026-05-07 10:36:10,090 | INFO | LoginPage | Login button clicked
2026-05-07 10:36:10,091 | INFO | conftest | Login fixture completed
2026-05-07 10:36:10,094 | INFO | NotesPage | Clicking Add Note button
2026-05-07 10:36:11,238 | INFO | LoginPage | Attempting login with email: 
2026-05-07 10:36:11,238 | INFO | LoginPage | Typing '' into element: ('id', 'email')
2026-05-07 10:36:11,396 | INFO | LoginPage | Typing '' into element: ('id', 'password')
2026-05-07 10:36:11,714 | INFO | LoginPage | Login button clicked
2026-05-07 10:36:11,933 | INFO | NotesPage | Entering description
2026-05-07 10:36:11,933 | INFO | NotesPage | Typing 'Missing title' into element: ('id', 'description')
2026-05-07 10:36:12,145 | INFO | NotesPage | Selecting category: Home
2026-05-07 10:36:12,306 | INFO | NotesPage | Clicking Create button
2026-05-07 10:36:12,442 | INFO | NotesPage | Fetching validation errors
2026-05-07 10:36:12,572 | INFO | conftest | Closing browser
2026-05-07 10:36:17,074 | INFO | conftest | Closing browser
2026-05-07 10:36:19,245 | INFO | LoginPage | Attempting login with email: raghu1@gmail.com
2026-05-07 10:36:19,246 | INFO | LoginPage | Typing 'raghu1@gmail.com' into element: ('id', 'email')
2026-05-07 10:36:19,375 | INFO | LoginPage | Typing 'raghu1' into element: ('id', 'password')
2026-05-07 10:36:19,489 | INFO | LoginPage | Login button clicked
2026-05-07 10:36:19,489 | INFO | conftest | Login fixture completed
2026-05-07 10:36:19,491 | INFO | NotesPage | Creating note | Title: Automation-4986de8f-3353-4c65-b79f-d62cdcb61750
2026-05-07 10:36:19,492 | INFO | NotesPage | Clicking Add Note button
2026-05-07 10:36:19,823 | INFO | LoginPage | Attempting login with email: wrong@test.com
2026-05-07 10:36:19,823 | INFO | LoginPage | Typing 'wrong@test.com' into element: ('id', 'email')
2026-05-07 10:36:20,021 | INFO | LoginPage | Typing 'Password123' into element: ('id', 'password')
2026-05-07 10:36:20,281 | INFO | LoginPage | Login button clicked
2026-05-07 10:36:20,865 | INFO | conftest | Closing browser
2026-05-07 10:36:21,131 | INFO | NotesPage | Entering title: Automation-4986de8f-3353-4c65-b79f-d62cdcb61750
2026-05-07 10:36:21,131 | INFO | NotesPage | Typing 'Automation-4986de8f-3353-4c65-b79f-d62cdcb61750' into element: ('id', 'title')
2026-05-07 10:36:21,276 | INFO | NotesPage | Entering description
2026-05-07 10:36:21,277 | INFO | NotesPage | Typing 'This is automation testing' into element: ('id', 'description')
2026-05-07 10:36:21,373 | INFO | NotesPage | Selecting category: Home
2026-05-07 10:36:21,446 | INFO | NotesPage | Clicking Create button
2026-05-07 10:36:21,480 | INFO | NotesPage | Checking if note exists: Automation-4986de8f-3353-4c65-b79f-d62cdcb61750
2026-05-07 10:36:24,314 | WARNING | NotesPage | Stale element detected. Retrying...
2026-05-07 10:36:24,893 | INFO | NotesPage | Note created successfully | Title: Automation-4986de8f-3353-4c65-b79f-d62cdcb61750
2026-05-07 10:36:24,893 | INFO | NotesPage | Checking if note exists: Automation-4986de8f-3353-4c65-b79f-d62cdcb61750
2026-05-07 10:36:25,265 | INFO | NotesPage | Note found: Automation-4986de8f-3353-4c65-b79f-d62cdcb61750
2026-05-07 10:36:25,266 | INFO | conftest | Closing browser
2026-05-07 10:52:26,230 | INFO | AuthAPI | POST Request -> https://practice.expandtesting.com/notes/api/users/login
2026-05-07 10:52:26,230 | INFO | AuthAPI | Payload -> {'email': 'raghu1@gmail.com', 'password': 'raghu1'}
2026-05-07 10:52:26,230 | INFO | AuthAPI | POST Request -> https://practice.expandtesting.com/notes/api/users/login
2026-05-07 10:52:26,230 | INFO | AuthAPI | Payload -> {'email': '', 'password': ''}
2026-05-07 10:52:26,854 | INFO | AuthAPI | Response Status -> 400
2026-05-07 10:52:26,861 | INFO | AuthAPI | POST Request -> https://practice.expandtesting.com/notes/api/users/login
2026-05-07 10:52:26,862 | INFO | AuthAPI | Payload -> {'email': 'raghu1@gmail.com', 'password': 'raghu1'}
2026-05-07 10:52:26,948 | INFO | AuthAPI | Response Status -> 200
2026-05-07 10:52:26,952 | INFO | AuthAPI | POST Request -> https://practice.expandtesting.com/notes/api/users/login
2026-05-07 10:52:26,952 | INFO | AuthAPI | Payload -> {'email': 'wrong@test.com', 'password': 'wrongpass'}
2026-05-07 10:52:27,466 | INFO | AuthAPI | Response Status -> 200
2026-05-07 10:52:27,467 | INFO | AuthAPI | Response Status -> 401
2026-05-07 10:52:27,469 | INFO | NotesAPI | POST Request -> https://practice.expandtesting.com/notes/api/notes
2026-05-07 10:52:27,469 | INFO | NotesAPI | Payload -> {'title': 'API-4ffde7dc-12bd-41f5-b85d-8c8bdb6097c2', 'description': 'API Automation Description', 'category': 'Home'}
2026-05-07 10:52:27,470 | INFO | NotesAPI | GET Request -> https://practice.expandtesting.com/notes/api/notes
2026-05-07 10:52:28,024 | INFO | NotesAPI | Response Status -> 401
2026-05-07 10:52:28,030 | INFO | NotesAPI | Response Status -> 200
2026-05-07 10:52:28,030 | INFO | AuthAPI | POST Request -> https://practice.expandtesting.com/notes/api/users/login
2026-05-07 10:52:28,030 | INFO | AuthAPI | Payload -> {'email': 'raghu1@gmail.com', 'password': 'raghu1'}
2026-05-07 10:52:28,035 | INFO | AuthAPI | POST Request -> https://practice.expandtesting.com/notes/api/users/login
2026-05-07 10:52:28,035 | INFO | AuthAPI | Payload -> {'email': 'raghu1@gmail.com', 'password': 'raghu1'}
2026-05-07 10:52:28,690 | INFO | AuthAPI | Response Status -> 200
2026-05-07 10:52:28,693 | INFO | NotesAPI | DELETE Request -> https://practice.expandtesting.com/notes/api/notes/123456789
2026-05-07 10:52:28,756 | INFO | AuthAPI | Response Status -> 200
2026-05-07 10:52:28,758 | INFO | NotesAPI | POST Request -> https://practice.expandtesting.com/notes/api/notes
2026-05-07 10:52:28,758 | INFO | NotesAPI | Payload -> {'title': 'DELETE-ea1bb26c-d077-458f-aa52-4589a9d3400b', 'description': 'Delete Description', 'category': 'Work'}
2026-05-07 10:52:29,276 | INFO | NotesAPI | Response Status -> 400
2026-05-07 10:52:29,282 | INFO | AuthAPI | POST Request -> https://practice.expandtesting.com/notes/api/users/login
2026-05-07 10:52:29,282 | INFO | AuthAPI | Payload -> {'email': 'raghu1@gmail.com', 'password': 'raghu1'}
2026-05-07 10:52:29,324 | INFO | NotesAPI | Response Status -> 200
2026-05-07 10:52:29,325 | INFO | NotesAPI | DELETE Request -> https://practice.expandtesting.com/notes/api/notes/69fc219681124e02985c207f
2026-05-07 10:52:29,923 | INFO | AuthAPI | Response Status -> 200
2026-05-07 10:52:29,927 | INFO | NotesAPI | POST Request -> https://practice.expandtesting.com/notes/api/notes
2026-05-07 10:52:29,927 | INFO | NotesAPI | Payload -> {'title': '', 'description': 'Description', 'category': 'Home'}
2026-05-07 10:52:29,934 | INFO | NotesAPI | Response Status -> 200
2026-05-07 10:52:29,935 | INFO | NotesAPI | GET Request -> https://practice.expandtesting.com/notes/api/notes
2026-05-07 10:52:30,471 | INFO | NotesAPI | Response Status -> 400
2026-05-07 10:52:30,474 | INFO | AuthAPI | POST Request -> https://practice.expandtesting.com/notes/api/users/login
2026-05-07 10:52:30,474 | INFO | AuthAPI | Payload -> {'email': 'raghu1@gmail.com', 'password': 'raghu1'}
2026-05-07 10:52:30,494 | INFO | NotesAPI | Response Status -> 200
2026-05-07 10:52:30,498 | INFO | AuthAPI | POST Request -> https://practice.expandtesting.com/notes/api/users/login
2026-05-07 10:52:30,498 | INFO | AuthAPI | Payload -> {'email': 'raghu1@gmail.com', 'password': 'raghu1'}
2026-05-07 10:52:31,203 | INFO | AuthAPI | Response Status -> 200
2026-05-07 10:52:31,207 | INFO | NotesAPI | POST Request -> https://practice.expandtesting.com/notes/api/notes
2026-05-07 10:52:31,207 | INFO | NotesAPI | Payload -> {'title': 'Title', 'description': '', 'category': 'Home'}
2026-05-07 10:52:31,313 | INFO | AuthAPI | Response Status -> 200
2026-05-07 10:52:31,315 | INFO | test_get_notes | Starting test_get_all_notes
2026-05-07 10:52:31,315 | INFO | NotesAPI | GET Request -> https://practice.expandtesting.com/notes/api/notes
2026-05-07 10:52:31,754 | INFO | NotesAPI | Response Status -> 400
2026-05-07 10:52:31,760 | INFO | conftest | Launching Chrome browser
2026-05-07 10:52:31,915 | INFO | NotesAPI | Response Status -> 200
2026-05-07 10:52:31,915 | INFO | test_get_notes | Response received: 200
2026-05-07 10:52:31,915 | INFO | test_get_notes | test_get_all_notes PASSED
2026-05-07 10:52:31,919 | INFO | AuthAPI | POST Request -> https://practice.expandtesting.com/notes/api/users/login
2026-05-07 10:52:31,919 | INFO | AuthAPI | Payload -> {'email': 'raghu1@gmail.com', 'password': 'raghu1'}
2026-05-07 10:52:32,522 | INFO | AuthAPI | Response Status -> 200
2026-05-07 10:52:32,525 | INFO | NotesAPI | GET Request -> https://practice.expandtesting.com/notes/api/notes
2026-05-07 10:52:33,059 | INFO | NotesAPI | Response Status -> 200
2026-05-07 10:52:33,065 | INFO | conftest | Launching Chrome browser
2026-05-07 10:52:34,300 | INFO | conftest | Performing login fixture setup
2026-05-07 10:52:34,301 | INFO | conftest | Performing login fixture setup
2026-05-07 10:52:38,970 | INFO | LoginPage | Attempting login with email: raghu1@gmail.com
2026-05-07 10:52:38,971 | INFO | LoginPage | Typing 'raghu1@gmail.com' into element: ('id', 'email')
2026-05-07 10:52:38,971 | INFO | LoginPage | Typing 'raghu1@gmail.com' into element: ('id', 'email')
2026-05-07 10:52:39,331 | INFO | LoginPage | Typing 'raghu1' into element: ('id', 'password')
2026-05-07 10:52:39,332 | INFO | LoginPage | Typing 'raghu1' into element: ('id', 'password')
2026-05-07 10:52:39,725 | INFO | LoginPage | Login button clicked
2026-05-07 10:52:39,725 | INFO | conftest | Login fixture completed
2026-05-07 10:52:39,728 | INFO | AuthAPI | POST Request -> https://practice.expandtesting.com/notes/api/users/login
2026-05-07 10:52:39,728 | INFO | AuthAPI | Payload -> {'email': 'raghu1@gmail.com', 'password': 'raghu1'}
2026-05-07 10:52:40,340 | INFO | conftest | Closing browser
2026-05-07 10:52:41,030 | INFO | AuthAPI | Response Status -> 200
2026-05-07 10:52:41,034 | INFO | test_api_to_ui_validation | STARTING E2E TEST: API -> UI
2026-05-07 10:52:41,034 | INFO | test_api_to_ui_validation | Creating note via UI | Title: DELETE-d77273d9-b4ba-495a-815d-345d309632a5
2026-05-07 10:52:41,035 | INFO | NotesPage | Creating note | Title: DELETE-d77273d9-b4ba-495a-815d-345d309632a5
2026-05-07 10:52:41,035 | INFO | NotesPage | Clicking Add Note button
2026-05-07 10:52:42,725 | INFO | conftest | Launching Chrome browser
2026-05-07 10:52:45,348 | INFO | conftest | Launching Chrome browser
2026-05-07 10:52:47,927 | INFO | conftest | Launching Chrome browser
2026-05-07 10:52:50,523 | INFO | conftest | Launching Chrome browser
2026-05-07 10:52:51,625 | INFO | conftest | Closing browser
2026-05-07 10:52:53,007 | INFO | conftest | Launching Chrome browser
2026-05-07 10:52:53,880 | INFO | conftest | Launching Chrome browser
2026-05-07 10:52:56,503 | INFO | conftest | Launching Chrome browser
2026-05-07 10:53:17,876 | INFO | LoginPage | Attempting login with email: 
2026-05-07 10:53:17,876 | INFO | LoginPage | Typing '' into element: ('id', 'email')
2026-05-07 10:53:17,932 | INFO | LoginPage | Typing '' into element: ('id', 'password')
2026-05-07 10:53:18,004 | INFO | LoginPage | Login button clicked
2026-05-07 10:53:23,144 | INFO | conftest | Closing browser
2026-05-07 10:53:25,388 | INFO | conftest | Launching Chrome browser
2026-05-07 10:53:25,908 | INFO | conftest | Performing login fixture setup
2026-05-07 10:53:50,524 | INFO | LoginPage | Attempting login with email: raghu1@gmail.com
2026-05-07 10:53:50,524 | INFO | LoginPage | Typing 'raghu1@gmail.com' into element: ('id', 'email')
2026-05-07 10:53:50,588 | INFO | LoginPage | Typing 'raghu1' into element: ('id', 'password')
2026-05-07 10:53:50,655 | INFO | LoginPage | Login button clicked
2026-05-07 10:53:50,656 | INFO | conftest | Login fixture completed
2026-05-07 10:53:50,657 | INFO | NotesPage | Clicking Add Note button
2026-05-07 10:53:51,749 | INFO | NotesPage | Entering description
2026-05-07 10:53:51,749 | INFO | NotesPage | Typing 'Missing title' into element: ('id', 'description')
2026-05-07 10:53:51,795 | INFO | NotesPage | Selecting category: Home
2026-05-07 10:53:51,835 | INFO | NotesPage | Clicking Create button
2026-05-07 10:53:51,858 | INFO | NotesPage | Fetching validation errors
2026-05-07 10:53:51,885 | INFO | conftest | Closing browser
2026-05-07 10:56:09,581 | INFO | AuthAPI | POST Request -> https://practice.expandtesting.com/notes/api/users/login
2026-05-07 10:56:09,581 | INFO | AuthAPI | POST Request -> https://practice.expandtesting.com/notes/api/users/login
2026-05-07 10:56:09,581 | INFO | AuthAPI | Payload -> {'email': 'raghu1@gmail.com', 'password': 'raghu1'}
2026-05-07 10:56:09,581 | INFO | AuthAPI | Payload -> {'email': '', 'password': ''}
2026-05-07 10:56:10,897 | INFO | AuthAPI | Response Status -> 200
2026-05-07 10:56:10,901 | INFO | AuthAPI | POST Request -> https://practice.expandtesting.com/notes/api/users/login
2026-05-07 10:56:10,901 | INFO | AuthAPI | Payload -> {'email': 'wrong@test.com', 'password': 'wrongpass'}
2026-05-07 10:56:11,359 | INFO | AuthAPI | Response Status -> 400
2026-05-07 10:56:11,365 | INFO | AuthAPI | POST Request -> https://practice.expandtesting.com/notes/api/users/login
2026-05-07 10:56:11,365 | INFO | AuthAPI | Payload -> {'email': 'raghu1@gmail.com', 'password': 'raghu1'}
2026-05-07 10:56:11,939 | INFO | AuthAPI | Response Status -> 401
2026-05-07 10:56:11,944 | INFO | AuthAPI | POST Request -> https://practice.expandtesting.com/notes/api/users/login
2026-05-07 10:56:11,944 | INFO | AuthAPI | Payload -> {'email': 'raghu1@gmail.com', 'password': 'raghu1'}
2026-05-07 10:56:12,405 | INFO | AuthAPI | Response Status -> 200
2026-05-07 10:56:12,409 | INFO | NotesAPI | POST Request -> https://practice.expandtesting.com/notes/api/notes
2026-05-07 10:56:12,410 | INFO | NotesAPI | Payload -> {'title': 'API-d6ff23f9-7ca4-40c1-9630-011de60f5139', 'description': 'API Automation Description', 'category': 'Home'}
2026-05-07 10:56:12,620 | INFO | AuthAPI | Response Status -> 200
2026-05-07 10:56:12,622 | INFO | NotesAPI | POST Request -> https://practice.expandtesting.com/notes/api/notes
2026-05-07 10:56:12,622 | INFO | NotesAPI | Payload -> {'title': 'DELETE-d9fbf5ae-55ee-4d06-8106-9e1c754830d4', 'description': 'Delete Description', 'category': 'Work'}
2026-05-07 10:56:13,295 | INFO | NotesAPI | Response Status -> 200
2026-05-07 10:56:13,301 | INFO | NotesAPI | GET Request -> https://practice.expandtesting.com/notes/api/notes
2026-05-07 10:56:13,449 | INFO | NotesAPI | Response Status -> 200
2026-05-07 10:56:13,449 | INFO | NotesAPI | DELETE Request -> https://practice.expandtesting.com/notes/api/notes/69fc227681124e02985c2740
2026-05-07 10:56:13,828 | INFO | NotesAPI | Response Status -> 401
2026-05-07 10:56:13,834 | INFO | AuthAPI | POST Request -> https://practice.expandtesting.com/notes/api/users/login
2026-05-07 10:56:13,835 | INFO | AuthAPI | Payload -> {'email': 'raghu1@gmail.com', 'password': 'raghu1'}
2026-05-07 10:56:14,061 | INFO | NotesAPI | Response Status -> 200
2026-05-07 10:56:14,061 | INFO | NotesAPI | GET Request -> https://practice.expandtesting.com/notes/api/notes
2026-05-07 10:56:14,776 | INFO | AuthAPI | Response Status -> 200
2026-05-07 10:56:14,780 | INFO | NotesAPI | DELETE Request -> https://practice.expandtesting.com/notes/api/notes/123456789
2026-05-07 10:56:14,806 | INFO | NotesAPI | Response Status -> 200
2026-05-07 10:56:14,813 | INFO | AuthAPI | POST Request -> https://practice.expandtesting.com/notes/api/users/login
2026-05-07 10:56:14,814 | INFO | AuthAPI | Payload -> {'email': 'raghu1@gmail.com', 'password': 'raghu1'}
2026-05-07 10:56:15,544 | INFO | NotesAPI | Response Status -> 400
2026-05-07 10:56:15,550 | INFO | AuthAPI | POST Request -> https://practice.expandtesting.com/notes/api/users/login
2026-05-07 10:56:15,550 | INFO | AuthAPI | Payload -> {'email': 'raghu1@gmail.com', 'password': 'raghu1'}
2026-05-07 10:56:15,633 | INFO | AuthAPI | Response Status -> 200
2026-05-07 10:56:15,638 | INFO | test_get_notes | Starting test_get_all_notes
2026-05-07 10:56:15,638 | INFO | NotesAPI | GET Request -> https://practice.expandtesting.com/notes/api/notes
2026-05-07 10:56:16,294 | INFO | AuthAPI | Response Status -> 200
2026-05-07 10:56:16,297 | INFO | NotesAPI | POST Request -> https://practice.expandtesting.com/notes/api/notes
2026-05-07 10:56:16,297 | INFO | NotesAPI | Payload -> {'title': '', 'description': 'Description', 'category': 'Home'}
2026-05-07 10:56:16,338 | INFO | NotesAPI | Response Status -> 200
2026-05-07 10:56:16,339 | INFO | test_get_notes | Response received: 200
2026-05-07 10:56:16,339 | INFO | test_get_notes | test_get_all_notes PASSED
2026-05-07 10:56:16,341 | INFO | AuthAPI | POST Request -> https://practice.expandtesting.com/notes/api/users/login
2026-05-07 10:56:16,342 | INFO | AuthAPI | Payload -> {'email': 'raghu1@gmail.com', 'password': 'raghu1'}
2026-05-07 10:56:16,860 | INFO | NotesAPI | Response Status -> 400
2026-05-07 10:56:16,865 | INFO | AuthAPI | POST Request -> https://practice.expandtesting.com/notes/api/users/login
2026-05-07 10:56:16,865 | INFO | AuthAPI | Payload -> {'email': 'raghu1@gmail.com', 'password': 'raghu1'}
2026-05-07 10:56:17,229 | INFO | AuthAPI | Response Status -> 200
2026-05-07 10:56:17,233 | INFO | NotesAPI | GET Request -> https://practice.expandtesting.com/notes/api/notes
2026-05-07 10:56:17,553 | INFO | AuthAPI | Response Status -> 200
2026-05-07 10:56:17,556 | INFO | NotesAPI | POST Request -> https://practice.expandtesting.com/notes/api/notes
2026-05-07 10:56:17,556 | INFO | NotesAPI | Payload -> {'title': 'Title', 'description': '', 'category': 'Home'}
2026-05-07 10:56:17,798 | INFO | NotesAPI | Response Status -> 200
2026-05-07 10:56:17,801 | INFO | conftest | Launching Chrome browser
2026-05-07 10:56:18,115 | INFO | NotesAPI | Response Status -> 400
2026-05-07 10:56:18,118 | INFO | conftest | Launching Chrome browser
2026-05-07 10:56:18,282 | INFO | conftest | Performing login fixture setup
2026-05-07 10:56:20,787 | INFO | conftest | Launching Chrome browser
2026-05-07 10:56:23,362 | INFO | conftest | Launching Chrome browser
2026-05-07 10:56:25,548 | INFO | LoginPage | Attempting login with email: raghu1@gmail.com
2026-05-07 10:56:25,549 | INFO | LoginPage | Typing 'raghu1@gmail.com' into element: ('id', 'email')
2026-05-07 10:56:25,638 | INFO | LoginPage | Typing 'raghu1' into element: ('id', 'password')
2026-05-07 10:56:25,723 | INFO | LoginPage | Login button clicked
2026-05-07 10:56:25,723 | INFO | conftest | Login fixture completed
2026-05-07 10:56:25,724 | INFO | AuthAPI | POST Request -> https://practice.expandtesting.com/notes/api/users/login
2026-05-07 10:56:25,724 | INFO | AuthAPI | Payload -> {'email': 'raghu1@gmail.com', 'password': 'raghu1'}
2026-05-07 10:56:25,871 | INFO | conftest | Launching Chrome browser
2026-05-07 10:56:26,543 | INFO | AuthAPI | Response Status -> 200
2026-05-07 10:56:26,547 | INFO | test_api_to_ui_validation | STARTING E2E TEST: API -> UI
2026-05-07 10:56:26,547 | INFO | test_api_to_ui_validation | Creating note via UI | Title: DELETE-6a23e648-3e1a-4c30-b438-f13ce38235c0
2026-05-07 10:56:26,547 | INFO | NotesPage | Creating note | Title: DELETE-6a23e648-3e1a-4c30-b438-f13ce38235c0
2026-05-07 10:56:26,547 | INFO | NotesPage | Clicking Add Note button
2026-05-07 10:56:26,641 | INFO | NotesPage | Entering title: DELETE-6a23e648-3e1a-4c30-b438-f13ce38235c0
2026-05-07 10:56:26,641 | INFO | NotesPage | Typing 'DELETE-6a23e648-3e1a-4c30-b438-f13ce38235c0' into element: ('id', 'title')
2026-05-07 10:56:26,724 | INFO | NotesPage | Entering description
2026-05-07 10:56:26,724 | INFO | NotesPage | Typing 'Delete validation' into element: ('id', 'description')
2026-05-07 10:56:26,776 | INFO | NotesPage | Selecting category: Work
2026-05-07 10:56:26,848 | INFO | NotesPage | Clicking Create button
2026-05-07 10:56:26,876 | INFO | NotesPage | Checking if note exists: DELETE-6a23e648-3e1a-4c30-b438-f13ce38235c0
2026-05-07 10:56:28,401 | WARNING | NotesPage | Stale element detected. Retrying...
2026-05-07 10:56:28,484 | INFO | conftest | Launching Chrome browser
2026-05-07 10:56:28,893 | INFO | NotesPage | Note created successfully | Title: DELETE-6a23e648-3e1a-4c30-b438-f13ce38235c0
2026-05-07 10:56:28,893 | INFO | test_api_to_ui_validation | Note created successfully
2026-05-07 10:56:28,893 | INFO | NotesPage | Checking if note exists: DELETE-6a23e648-3e1a-4c30-b438-f13ce38235c0
2026-05-07 10:56:29,320 | INFO | NotesPage | Note found: DELETE-6a23e648-3e1a-4c30-b438-f13ce38235c0
2026-05-07 10:56:29,320 | INFO | test_api_to_ui_validation | Note created and visible in UI
2026-05-07 10:56:29,320 | INFO | NotesAPI | GET Request -> https://practice.expandtesting.com/notes/api/notes
2026-05-07 10:56:29,837 | INFO | NotesAPI | Response Status -> 200
2026-05-07 10:56:29,838 | INFO | test_api_to_ui_validation | GET Notes Status: 200
2026-05-07 10:56:29,839 | INFO | test_api_to_ui_validation | Located Note ID: 69fc228481124e02985c27cc
2026-05-07 10:56:29,839 | INFO | test_api_to_ui_validation | Deleting note via API | ID: 69fc228481124e02985c27cc
2026-05-07 10:56:29,839 | INFO | NotesAPI | DELETE Request -> https://practice.expandtesting.com/notes/api/notes/69fc228481124e02985c27cc
2026-05-07 10:56:30,683 | INFO | NotesAPI | Response Status -> 200
2026-05-07 10:56:30,683 | INFO | test_api_to_ui_validation | Delete Status: 200
2026-05-07 10:56:30,683 | INFO | test_api_to_ui_validation | Refreshing UI page
2026-05-07 10:56:30,683 | INFO | NotesPage | Refreshing browser page
2026-05-07 10:56:31,095 | INFO | conftest | Launching Chrome browser
2026-05-07 10:56:32,041 | INFO | NotesPage | Checking if note exists: DELETE-6a23e648-3e1a-4c30-b438-f13ce38235c0
2026-05-07 10:56:32,444 | WARNING | NotesPage | Note NOT found: DELETE-6a23e648-3e1a-4c30-b438-f13ce38235c0
2026-05-07 10:56:32,444 | INFO | test_api_to_ui_validation | Deleted note removed from UI successfully
2026-05-07 10:56:32,444 | INFO | test_api_to_ui_validation | E2E API -> UI validation PASSED
2026-05-07 10:56:32,446 | INFO | conftest | Closing browser
2026-05-07 10:56:33,699 | INFO | conftest | Launching Chrome browser
2026-05-07 10:56:34,160 | INFO | conftest | Performing login fixture setup
2026-05-07 10:56:34,690 | INFO | conftest | Launching Chrome browser
2026-05-07 10:56:56,647 | INFO | conftest | Performing login fixture setup
2026-05-07 10:56:59,947 | INFO | LoginPage | Attempting login with email: raghu1@gmail.com
2026-05-07 10:56:59,947 | INFO | LoginPage | Typing 'raghu1@gmail.com' into element: ('id', 'email')
2026-05-07 10:57:01,995 | INFO | LoginPage | Attempting login with email: raghu1@gmail.com
2026-05-07 10:57:01,995 | INFO | LoginPage | Typing 'raghu1@gmail.com' into element: ('id', 'email')
2026-05-07 10:57:02,079 | INFO | LoginPage | Typing 'raghu1' into element: ('id', 'password')
2026-05-07 10:57:02,079 | INFO | LoginPage | Typing 'raghu1' into element: ('id', 'password')
2026-05-07 10:57:02,151 | INFO | LoginPage | Login button clicked
2026-05-07 10:57:02,151 | INFO | conftest | Login fixture completed
2026-05-07 10:57:02,152 | INFO | NotesPage | Creating note | Title: Automation-6eed4cb2-14d9-4880-8684-4e6712ee88d3
2026-05-07 10:57:02,152 | INFO | NotesPage | Clicking Add Note button
2026-05-07 10:57:02,176 | INFO | conftest | Closing browser
2026-05-07 10:57:02,598 | INFO | conftest | Closing browser
2026-05-07 10:57:04,391 | INFO | conftest | Launching Chrome browser
2026-05-07 10:57:04,850 | INFO | conftest | Performing login fixture setup
2026-05-07 11:00:07,800 | INFO | AuthAPI | POST Request -> https://practice.expandtesting.com/notes/api/users/login
2026-05-07 11:00:07,801 | INFO | AuthAPI | Payload -> {'email': 'raghu1@gmail.com', 'password': 'raghu1'}
2026-05-07 11:00:07,803 | INFO | AuthAPI | POST Request -> https://practice.expandtesting.com/notes/api/users/login
2026-05-07 11:00:07,803 | INFO | AuthAPI | POST Request -> https://practice.expandtesting.com/notes/api/users/login
2026-05-07 11:00:07,803 | INFO | AuthAPI | Payload -> {'email': 'raghu1@gmail.com', 'password': 'raghu1'}
2026-05-07 11:00:07,803 | INFO | AuthAPI | Payload -> {'email': 'raghu1@gmail.com', 'password': 'raghu1'}
2026-05-07 11:00:07,804 | INFO | AuthAPI | POST Request -> https://practice.expandtesting.com/notes/api/users/login
2026-05-07 11:00:07,804 | INFO | AuthAPI | Payload -> {'email': 'raghu1@gmail.com', 'password': 'raghu1'}
2026-05-07 11:00:07,805 | INFO | AuthAPI | POST Request -> https://practice.expandtesting.com/notes/api/users/login
2026-05-07 11:00:07,805 | INFO | AuthAPI | Payload -> {'email': '', 'password': ''}
2026-05-07 11:00:08,754 | INFO | AuthAPI | Response Status -> 200
2026-05-07 11:00:08,754 | INFO | AuthAPI | Response Status -> 400
2026-05-07 11:00:08,757 | INFO | NotesAPI | POST Request -> https://practice.expandtesting.com/notes/api/notes
2026-05-07 11:00:08,757 | INFO | NotesAPI | Payload -> {'title': 'DELETE-846a36cb-668e-4f6d-9c3e-20a3c6c10317', 'description': 'Delete Description', 'category': 'Work'}
2026-05-07 11:00:08,759 | INFO | AuthAPI | POST Request -> https://practice.expandtesting.com/notes/api/users/login
2026-05-07 11:00:08,759 | INFO | AuthAPI | Payload -> {'email': 'raghu1@gmail.com', 'password': 'raghu1'}
2026-05-07 11:00:08,875 | INFO | AuthAPI | Response Status -> 200
2026-05-07 11:00:08,879 | INFO | AuthAPI | POST Request -> https://practice.expandtesting.com/notes/api/users/login
2026-05-07 11:00:08,879 | INFO | AuthAPI | Payload -> {'email': 'wrong@test.com', 'password': 'wrongpass'}
2026-05-07 11:00:09,162 | INFO | AuthAPI | Response Status -> 200
2026-05-07 11:00:09,164 | INFO | NotesAPI | GET Request -> https://practice.expandtesting.com/notes/api/notes
2026-05-07 11:00:09,175 | INFO | AuthAPI | Response Status -> 200
2026-05-07 11:00:09,177 | INFO | NotesAPI | DELETE Request -> https://practice.expandtesting.com/notes/api/notes/123456789
2026-05-07 11:00:09,419 | INFO | AuthAPI | Response Status -> 200
2026-05-07 11:00:09,421 | INFO | NotesAPI | POST Request -> https://practice.expandtesting.com/notes/api/notes
2026-05-07 11:00:09,421 | INFO | NotesAPI | Payload -> {'title': 'API-4ea997e2-380e-4379-9711-6065cc51451c', 'description': 'API Automation Description', 'category': 'Home'}
2026-05-07 11:00:09,598 | INFO | NotesAPI | Response Status -> 200
2026-05-07 11:00:09,599 | INFO | NotesAPI | DELETE Request -> https://practice.expandtesting.com/notes/api/notes/69fc236381124e02985c2b47
2026-05-07 11:00:09,677 | INFO | AuthAPI | Response Status -> 401
2026-05-07 11:00:09,680 | INFO | conftest | Launching Chrome browser
2026-05-07 11:00:09,742 | INFO | NotesAPI | Response Status -> 200
2026-05-07 11:00:09,746 | INFO | NotesAPI | GET Request -> https://practice.expandtesting.com/notes/api/notes
2026-05-07 11:00:09,957 | INFO | NotesAPI | Response Status -> 200
2026-05-07 11:00:09,957 | INFO | NotesAPI | Response Status -> 400
2026-05-07 11:00:09,960 | INFO | AuthAPI | POST Request -> https://practice.expandtesting.com/notes/api/users/login
2026-05-07 11:00:09,960 | INFO | AuthAPI | POST Request -> https://practice.expandtesting.com/notes/api/users/login
2026-05-07 11:00:09,960 | INFO | AuthAPI | Payload -> {'email': 'raghu1@gmail.com', 'password': 'raghu1'}
2026-05-07 11:00:09,960 | INFO | AuthAPI | Payload -> {'email': 'raghu1@gmail.com', 'password': 'raghu1'}
2026-05-07 11:00:10,163 | INFO | NotesAPI | Response Status -> 200
2026-05-07 11:00:10,163 | INFO | NotesAPI | GET Request -> https://practice.expandtesting.com/notes/api/notes
2026-05-07 11:00:10,295 | INFO | NotesAPI | Response Status -> 401
2026-05-07 11:00:10,298 | INFO | conftest | Launching Chrome browser
2026-05-07 11:00:10,705 | INFO | AuthAPI | Response Status -> 200
2026-05-07 11:00:10,708 | INFO | NotesAPI | POST Request -> https://practice.expandtesting.com/notes/api/notes
2026-05-07 11:00:10,708 | INFO | NotesAPI | Payload -> {'title': 'Title', 'description': '', 'category': 'Home'}
2026-05-07 11:00:10,758 | INFO | NotesAPI | Response Status -> 200
2026-05-07 11:00:10,766 | INFO | AuthAPI | POST Request -> https://practice.expandtesting.com/notes/api/users/login
2026-05-07 11:00:10,766 | INFO | AuthAPI | Payload -> {'email': 'raghu1@gmail.com', 'password': 'raghu1'}
2026-05-07 11:00:10,936 | INFO | AuthAPI | Response Status -> 200
2026-05-07 11:00:10,938 | INFO | NotesAPI | POST Request -> https://practice.expandtesting.com/notes/api/notes
2026-05-07 11:00:10,938 | INFO | NotesAPI | Payload -> {'title': '', 'description': 'Description', 'category': 'Home'}
2026-05-07 11:00:11,308 | INFO | NotesAPI | Response Status -> 400
2026-05-07 11:00:11,311 | INFO | conftest | Launching Chrome browser
2026-05-07 11:00:11,469 | INFO | NotesAPI | Response Status -> 400
2026-05-07 11:00:11,472 | INFO | conftest | Launching Chrome browser
2026-05-07 11:00:11,554 | INFO | AuthAPI | Response Status -> 200
2026-05-07 11:00:11,556 | INFO | test_get_notes | Starting test_get_all_notes
2026-05-07 11:00:11,557 | INFO | NotesAPI | GET Request -> https://practice.expandtesting.com/notes/api/notes
2026-05-07 11:00:12,139 | INFO | NotesAPI | Response Status -> 200
2026-05-07 11:00:12,139 | INFO | test_get_notes | Response received: 200
2026-05-07 11:00:12,139 | INFO | test_get_notes | test_get_all_notes PASSED
2026-05-07 11:00:12,146 | INFO | conftest | Launching Chrome browser
2026-05-07 11:00:12,309 | INFO | conftest | Launching Chrome browser
2026-05-07 11:00:12,892 | INFO | conftest | Performing login fixture setup
2026-05-07 11:00:13,036 | INFO | conftest | Launching Chrome browser
2026-05-07 11:00:13,934 | INFO | conftest | Launching Chrome browser
2026-05-07 11:00:14,190 | INFO | conftest | Launching Chrome browser
2026-05-07 11:00:14,297 | INFO | LoginPage | Attempting login with email: raghu1@gmail.com
2026-05-07 11:00:14,297 | INFO | LoginPage | Typing 'raghu1@gmail.com' into element: ('id', 'email')
2026-05-07 11:00:14,386 | INFO | LoginPage | Typing 'raghu1' into element: ('id', 'password')
2026-05-07 11:00:14,508 | INFO | LoginPage | Login button clicked
2026-05-07 11:00:14,508 | INFO | conftest | Login fixture completed
2026-05-07 11:00:14,509 | INFO | AuthAPI | POST Request -> https://practice.expandtesting.com/notes/api/users/login
2026-05-07 11:00:14,509 | INFO | AuthAPI | Payload -> {'email': 'raghu1@gmail.com', 'password': 'raghu1'}
2026-05-07 11:00:15,102 | INFO | AuthAPI | Response Status -> 200
2026-05-07 11:00:15,104 | INFO | test_ui_to_api_validation | STARTING E2E TEST: UI -> API
2026-05-07 11:00:15,104 | INFO | test_ui_to_api_validation | Creating note from UI | Title: E2E-4df6583e-7c8a-4ce2-a6b2-bbd9372db5fd
2026-05-07 11:00:15,105 | INFO | NotesPage | Creating note | Title: E2E-4df6583e-7c8a-4ce2-a6b2-bbd9372db5fd
2026-05-07 11:00:15,105 | INFO | NotesPage | Clicking Add Note button
2026-05-07 11:00:15,166 | INFO | conftest | Launching Chrome browser
2026-05-07 11:00:15,378 | INFO | NotesPage | Entering title: E2E-4df6583e-7c8a-4ce2-a6b2-bbd9372db5fd
2026-05-07 11:00:15,378 | INFO | NotesPage | Typing 'E2E-4df6583e-7c8a-4ce2-a6b2-bbd9372db5fd' into element: ('id', 'title')
2026-05-07 11:00:15,457 | INFO | NotesPage | Entering description
2026-05-07 11:00:15,457 | INFO | NotesPage | Typing 'Hybrid UI API Validation' into element: ('id', 'description')
2026-05-07 11:00:15,543 | INFO | NotesPage | Selecting category: Home
2026-05-07 11:00:15,605 | INFO | NotesPage | Clicking Create button
2026-05-07 11:00:15,629 | INFO | NotesPage | Checking if note exists: E2E-4df6583e-7c8a-4ce2-a6b2-bbd9372db5fd
2026-05-07 11:00:17,229 | WARNING | NotesPage | Stale element detected. Retrying...
2026-05-07 11:00:17,612 | INFO | NotesPage | Note created successfully | Title: E2E-4df6583e-7c8a-4ce2-a6b2-bbd9372db5fd
2026-05-07 11:00:17,612 | INFO | test_ui_to_api_validation | Note creation completed
2026-05-07 11:00:17,613 | INFO | NotesPage | Checking if note exists: E2E-4df6583e-7c8a-4ce2-a6b2-bbd9372db5fd
2026-05-07 11:00:18,025 | INFO | NotesPage | Note found: E2E-4df6583e-7c8a-4ce2-a6b2-bbd9372db5fd
2026-05-07 11:00:18,025 | INFO | test_ui_to_api_validation | Note visible in UI successfully
2026-05-07 11:00:18,025 | INFO | test_ui_to_api_validation | Calling GET /notes API
2026-05-07 11:00:18,025 | INFO | NotesAPI | GET Request -> https://practice.expandtesting.com/notes/api/notes
2026-05-07 11:00:18,577 | INFO | NotesAPI | Response Status -> 200
2026-05-07 11:00:18,578 | INFO | test_ui_to_api_validation | API Response Status: 200
2026-05-07 11:00:18,578 | INFO | test_ui_to_api_validation | API Response Time: 0.529315
2026-05-07 11:00:18,579 | INFO | test_ui_to_api_validation | Total Notes Returned: 89
2026-05-07 11:00:18,579 | INFO | test_ui_to_api_validation | Matched Note: {'id': '69fc236981124e02985c2b80', 'title': 'E2E-4df6583e-7c8a-4ce2-a6b2-bbd9372db5fd', 'description': 'Hybrid UI API Validation', 'category': 'Home', 'completed': False, 'created_at': '2026-05-07T05:30:17.379Z', 'updated_at': '2026-05-07T05:30:17.379Z', 'user_id': '69fb505d81124e02985b5b90'}
2026-05-07 11:00:18,579 | INFO | test_ui_to_api_validation | E2E UI -> API validation PASSED
2026-05-07 11:00:18,581 | INFO | conftest | Closing browser
2026-05-07 11:01:46,583 | INFO | AuthAPI | POST Request -> https://practice.expandtesting.com/notes/api/users/login
2026-05-07 11:01:46,583 | INFO | AuthAPI | Payload -> {'email': 'raghu1@gmail.com', 'password': 'raghu1'}
2026-05-07 11:01:46,583 | INFO | AuthAPI | POST Request -> https://practice.expandtesting.com/notes/api/users/login
2026-05-07 11:01:46,583 | INFO | AuthAPI | Payload -> {'email': 'raghu1@gmail.com', 'password': 'raghu1'}
2026-05-07 11:01:46,585 | INFO | AuthAPI | POST Request -> https://practice.expandtesting.com/notes/api/users/login
2026-05-07 11:01:46,585 | INFO | AuthAPI | POST Request -> https://practice.expandtesting.com/notes/api/users/login
2026-05-07 11:01:46,585 | INFO | AuthAPI | Payload -> {'email': 'raghu1@gmail.com', 'password': 'raghu1'}
2026-05-07 11:01:46,585 | INFO | AuthAPI | POST Request -> https://practice.expandtesting.com/notes/api/users/login
2026-05-07 11:01:46,585 | INFO | AuthAPI | Payload -> {'email': 'raghu1@gmail.com', 'password': 'raghu1'}
2026-05-07 11:01:46,585 | INFO | AuthAPI | Payload -> {'email': '', 'password': ''}
2026-05-07 11:01:47,405 | INFO | AuthAPI | Response Status -> 200
2026-05-07 11:01:47,409 | INFO | NotesAPI | POST Request -> https://practice.expandtesting.com/notes/api/notes
2026-05-07 11:01:47,409 | INFO | NotesAPI | Payload -> {'title': 'DELETE-52a1a58a-0462-4570-968e-3390d583c8ef', 'description': 'Delete Description', 'category': 'Work'}
2026-05-07 11:01:47,411 | INFO | AuthAPI | Response Status -> 200
2026-05-07 11:01:47,414 | INFO | NotesAPI | GET Request -> https://practice.expandtesting.com/notes/api/notes
2026-05-07 11:01:47,596 | INFO | AuthAPI | Response Status -> 400
2026-05-07 11:01:47,599 | INFO | AuthAPI | POST Request -> https://practice.expandtesting.com/notes/api/users/login
2026-05-07 11:01:47,599 | INFO | AuthAPI | Payload -> {'email': 'raghu1@gmail.com', 'password': 'raghu1'}
2026-05-07 11:01:47,688 | INFO | AuthAPI | Response Status -> 200
2026-05-07 11:01:47,691 | INFO | AuthAPI | POST Request -> https://practice.expandtesting.com/notes/api/users/login
2026-05-07 11:01:47,691 | INFO | AuthAPI | Payload -> {'email': 'wrong@test.com', 'password': 'wrongpass'}
2026-05-07 11:01:47,692 | INFO | AuthAPI | Response Status -> 200
2026-05-07 11:01:47,693 | INFO | NotesAPI | DELETE Request -> https://practice.expandtesting.com/notes/api/notes/123456789
2026-05-07 11:01:48,001 | INFO | NotesAPI | Response Status -> 200
2026-05-07 11:01:48,001 | INFO | NotesAPI | DELETE Request -> https://practice.expandtesting.com/notes/api/notes/69fc23c581124e02985c2cd6
2026-05-07 11:01:48,047 | INFO | NotesAPI | Response Status -> 200
2026-05-07 11:01:48,058 | INFO | NotesAPI | GET Request -> https://practice.expandtesting.com/notes/api/notes
2026-05-07 11:01:48,318 | INFO | AuthAPI | Response Status -> 401
2026-05-07 11:01:48,320 | INFO | conftest | Launching Chrome browser
2026-05-07 11:01:48,378 | INFO | AuthAPI | Response Status -> 200
2026-05-07 11:01:48,381 | INFO | NotesAPI | POST Request -> https://practice.expandtesting.com/notes/api/notes
2026-05-07 11:01:48,381 | INFO | NotesAPI | Payload -> {'title': 'API-5b8a9c52-022e-4df0-a0f2-b639aa8d8e15', 'description': 'API Automation Description', 'category': 'Home'}
2026-05-07 11:01:48,383 | INFO | NotesAPI | Response Status -> 400
2026-05-07 11:01:48,386 | INFO | AuthAPI | POST Request -> https://practice.expandtesting.com/notes/api/users/login
2026-05-07 11:01:48,387 | INFO | AuthAPI | Payload -> {'email': 'raghu1@gmail.com', 'password': 'raghu1'}
2026-05-07 11:01:48,636 | INFO | NotesAPI | Response Status -> 200
2026-05-07 11:01:48,636 | INFO | NotesAPI | GET Request -> https://practice.expandtesting.com/notes/api/notes
2026-05-07 11:01:48,859 | INFO | NotesAPI | Response Status -> 401
2026-05-07 11:01:48,862 | INFO | conftest | Launching Chrome browser
2026-05-07 11:01:48,940 | INFO | NotesAPI | Response Status -> 200
2026-05-07 11:01:48,946 | INFO | AuthAPI | POST Request -> https://practice.expandtesting.com/notes/api/users/login
2026-05-07 11:01:48,946 | INFO | AuthAPI | Payload -> {'email': 'raghu1@gmail.com', 'password': 'raghu1'}
2026-05-07 11:01:49,034 | INFO | AuthAPI | Response Status -> 200
2026-05-07 11:01:49,036 | INFO | NotesAPI | POST Request -> https://practice.expandtesting.com/notes/api/notes
2026-05-07 11:01:49,036 | INFO | NotesAPI | Payload -> {'title': '', 'description': 'Description', 'category': 'Home'}
2026-05-07 11:01:49,236 | INFO | NotesAPI | Response Status -> 200
2026-05-07 11:01:49,240 | INFO | AuthAPI | POST Request -> https://practice.expandtesting.com/notes/api/users/login
2026-05-07 11:01:49,240 | INFO | AuthAPI | Payload -> {'email': 'raghu1@gmail.com', 'password': 'raghu1'}
2026-05-07 11:01:49,650 | INFO | NotesAPI | Response Status -> 400
2026-05-07 11:01:49,653 | INFO | AuthAPI | Response Status -> 200
2026-05-07 11:01:49,656 | INFO | NotesAPI | POST Request -> https://practice.expandtesting.com/notes/api/notes
2026-05-07 11:01:49,656 | INFO | NotesAPI | Payload -> {'title': 'Title', 'description': '', 'category': 'Home'}
2026-05-07 11:01:49,923 | INFO | AuthAPI | Response Status -> 200
2026-05-07 11:01:49,924 | INFO | test_get_notes | Starting test_get_all_notes
2026-05-07 11:01:49,924 | INFO | NotesAPI | GET Request -> https://practice.expandtesting.com/notes/api/notes
2026-05-07 11:01:50,247 | INFO | NotesAPI | Response Status -> 400
2026-05-07 11:01:50,249 | INFO | conftest | Launching Chrome browser
2026-05-07 11:01:50,506 | INFO | NotesAPI | Response Status -> 200
2026-05-07 11:01:50,506 | INFO | test_get_notes | Response received: 200
2026-05-07 11:01:50,506 | INFO | test_get_notes | test_get_all_notes PASSED
2026-05-07 11:01:50,509 | INFO | conftest | Launching Chrome browser
2026-05-07 11:01:51,853 | INFO | conftest | Performing login fixture setup
2026-05-07 11:01:52,076 | INFO | conftest | Performing login fixture setup
2026-05-07 11:01:52,263 | INFO | conftest | Performing login fixture setup
2026-05-07 11:02:14,279 | INFO | LoginPage | Attempting login with email: raghu1@gmail.com
2026-05-07 11:02:14,280 | INFO | LoginPage | Typing 'raghu1@gmail.com' into element: ('id', 'email')
2026-05-07 11:02:17,939 | INFO | LoginPage | Attempting login with email: 
2026-05-07 11:02:17,939 | INFO | LoginPage | Typing '' into element: ('id', 'email')
2026-05-07 11:02:18,222 | INFO | LoginPage | Typing 'raghu1' into element: ('id', 'password')
2026-05-07 11:02:18,228 | INFO | LoginPage | Typing 'Password123' into element: ('id', 'password')
2026-05-07 11:02:18,403 | INFO | LoginPage | Login button clicked
2026-05-07 11:02:18,472 | INFO | LoginPage | Login button clicked
2026-05-07 11:02:18,473 | INFO | conftest | Login fixture completed
2026-05-07 11:02:18,474 | INFO | AuthAPI | POST Request -> https://practice.expandtesting.com/notes/api/users/login
2026-05-07 11:02:18,475 | INFO | AuthAPI | Payload -> {'email': 'raghu1@gmail.com', 'password': 'raghu1'}
2026-05-07 11:02:19,026 | INFO | LoginPage | Attempting login with email: wrong@test.com
2026-05-07 11:02:19,027 | INFO | LoginPage | Typing 'wrong@test.com' into element: ('id', 'email')
2026-05-07 11:02:19,323 | INFO | LoginPage | Typing 'Password123' into element: ('id', 'password')
2026-05-07 11:02:19,649 | INFO | LoginPage | Login button clicked
2026-05-07 11:02:20,050 | INFO | AuthAPI | Response Status -> 200
2026-05-07 11:02:20,055 | INFO | test_api_to_ui_validation | STARTING E2E TEST: API -> UI
2026-05-07 11:02:20,056 | INFO | test_api_to_ui_validation | Creating note via UI | Title: DELETE-919da619-d70c-4fe9-b516-12d3ff23812f
2026-05-07 11:02:20,056 | INFO | NotesPage | Creating note | Title: DELETE-919da619-d70c-4fe9-b516-12d3ff23812f
2026-05-07 11:02:20,057 | INFO | NotesPage | Clicking Add Note button
2026-05-07 11:02:20,245 | INFO | NotesPage | Entering title: DELETE-919da619-d70c-4fe9-b516-12d3ff23812f
2026-05-07 11:02:20,246 | INFO | NotesPage | Typing 'DELETE-919da619-d70c-4fe9-b516-12d3ff23812f' into element: ('id', 'title')
2026-05-07 11:02:20,288 | INFO | conftest | Closing browser
2026-05-07 11:02:20,533 | INFO | NotesPage | Entering description
2026-05-07 11:02:20,533 | INFO | NotesPage | Typing 'Delete validation' into element: ('id', 'description')
2026-05-07 11:02:20,761 | INFO | NotesPage | Selecting category: Work
2026-05-07 11:02:21,003 | INFO | NotesPage | Clicking Create button
2026-05-07 11:02:21,096 | INFO | NotesPage | Checking if note exists: DELETE-919da619-d70c-4fe9-b516-12d3ff23812f
2026-05-07 11:02:22,484 | INFO | LoginPage | Attempting login with email: raghu1@gmail.com
2026-05-07 11:02:22,484 | INFO | LoginPage | Typing 'raghu1@gmail.com' into element: ('id', 'email')
2026-05-07 11:02:22,963 | INFO | conftest | Launching Chrome browser
2026-05-07 11:02:23,887 | INFO | conftest | Closing browser
2026-05-07 11:02:24,362 | WARNING | NotesPage | Stale element detected. Retrying...
2026-05-07 11:02:25,433 | INFO | LoginPage | Typing 'raghu1' into element: ('id', 'password')
2026-05-07 11:02:25,843 | INFO | LoginPage | Login button clicked
2026-05-07 11:02:25,843 | INFO | conftest | Login fixture completed
2026-05-07 11:02:25,845 | INFO | AuthAPI | POST Request -> https://practice.expandtesting.com/notes/api/users/login
2026-05-07 11:02:25,845 | INFO | AuthAPI | Payload -> {'email': 'raghu1@gmail.com', 'password': 'raghu1'}
2026-05-07 11:02:25,935 | INFO | LoginPage | Attempting login with email: raghu1@gmail.com
2026-05-07 11:02:25,935 | INFO | LoginPage | Typing 'raghu1@gmail.com' into element: ('id', 'email')
2026-05-07 11:02:26,247 | INFO | LoginPage | Typing 'raghu1' into element: ('id', 'password')
2026-05-07 11:02:26,550 | INFO | LoginPage | Login button clicked
2026-05-07 11:02:26,551 | INFO | conftest | Login fixture completed
2026-05-07 11:02:26,554 | INFO | NotesPage | Creating note | Title: Instant-d9953293-50ee-4a48-8960-6bfff308344c
2026-05-07 11:02:26,554 | INFO | NotesPage | Clicking Add Note button
2026-05-07 11:02:27,067 | INFO | NotesPage | Note created successfully | Title: DELETE-919da619-d70c-4fe9-b516-12d3ff23812f
2026-05-07 11:02:27,067 | INFO | test_api_to_ui_validation | Note created successfully
2026-05-07 11:02:27,067 | INFO | NotesPage | Checking if note exists: DELETE-919da619-d70c-4fe9-b516-12d3ff23812f
2026-05-07 11:02:27,411 | INFO | AuthAPI | Response Status -> 200
2026-05-07 11:02:27,420 | INFO | test_ui_to_api_validation | STARTING E2E TEST: UI -> API
2026-05-07 11:02:27,420 | INFO | test_ui_to_api_validation | Creating note from UI | Title: E2E-e5fbff8f-7cbf-48f8-9b32-dadc8e3bd21b
2026-05-07 11:02:27,421 | INFO | NotesPage | Creating note | Title: E2E-e5fbff8f-7cbf-48f8-9b32-dadc8e3bd21b
2026-05-07 11:02:27,426 | INFO | NotesPage | Clicking Add Note button
2026-05-07 11:02:27,679 | INFO | NotesPage | Entering title: E2E-e5fbff8f-7cbf-48f8-9b32-dadc8e3bd21b
2026-05-07 11:02:27,679 | INFO | NotesPage | Typing 'E2E-e5fbff8f-7cbf-48f8-9b32-dadc8e3bd21b' into element: ('id', 'title')
2026-05-07 11:02:27,776 | INFO | NotesPage | Entering title: Instant-d9953293-50ee-4a48-8960-6bfff308344c
2026-05-07 11:02:27,776 | INFO | NotesPage | Typing 'Instant-d9953293-50ee-4a48-8960-6bfff308344c' into element: ('id', 'title')
2026-05-07 11:02:28,027 | INFO | NotesPage | Entering description
2026-05-07 11:02:28,028 | INFO | NotesPage | Typing 'Hybrid UI API Validation' into element: ('id', 'description')
2026-05-07 11:02:28,102 | INFO | NotesPage | Entering description
2026-05-07 11:02:28,102 | INFO | NotesPage | Typing 'DOM validation' into element: ('id', 'description')
2026-05-07 11:02:28,317 | INFO | NotesPage | Selecting category: Home
2026-05-07 11:02:28,350 | INFO | NotesPage | Selecting category: Work
2026-05-07 11:02:28,495 | INFO | NotesPage | Clicking Create button
2026-05-07 11:02:28,600 | INFO | NotesPage | Checking if note exists: E2E-e5fbff8f-7cbf-48f8-9b32-dadc8e3bd21b
2026-05-07 11:02:28,635 | INFO | NotesPage | Clicking Create button
2026-05-07 11:02:28,729 | INFO | NotesPage | Checking if note exists: Instant-d9953293-50ee-4a48-8960-6bfff308344c
2026-05-07 11:02:29,356 | INFO | NotesPage | Note found: DELETE-919da619-d70c-4fe9-b516-12d3ff23812f
2026-05-07 11:02:29,357 | INFO | test_api_to_ui_validation | Note created and visible in UI
2026-05-07 11:02:29,357 | INFO | NotesAPI | GET Request -> https://practice.expandtesting.com/notes/api/notes
2026-05-07 11:02:30,556 | INFO | conftest | Performing login fixture setup
2026-05-07 11:02:31,034 | INFO | NotesAPI | Response Status -> 200
2026-05-07 11:02:31,034 | INFO | test_api_to_ui_validation | GET Notes Status: 200
2026-05-07 11:02:31,036 | INFO | test_api_to_ui_validation | Located Note ID: 69fc23e681124e02985c2d5c
2026-05-07 11:02:31,039 | INFO | test_api_to_ui_validation | Deleting note via API | ID: 69fc23e681124e02985c2d5c
2026-05-07 11:02:31,040 | INFO | NotesAPI | DELETE Request -> https://practice.expandtesting.com/notes/api/notes/69fc23e681124e02985c2d5c
2026-05-07 11:02:31,607 | WARNING | NotesPage | Stale element detected. Retrying...
2026-05-07 11:02:33,050 | INFO | conftest | Launching Chrome browser
2026-05-07 11:02:33,313 | INFO | NotesAPI | Response Status -> 200
2026-05-07 11:02:33,313 | INFO | test_api_to_ui_validation | Delete Status: 200
2026-05-07 11:02:33,313 | INFO | test_api_to_ui_validation | Refreshing UI page
2026-05-07 11:02:33,314 | INFO | NotesPage | Refreshing browser page
2026-05-07 11:02:33,417 | WARNING | NotesPage | Stale element detected. Retrying...
2026-05-07 11:02:33,929 | INFO | NotesPage | Note created successfully | Title: Instant-d9953293-50ee-4a48-8960-6bfff308344c
2026-05-07 11:02:33,930 | INFO | NotesPage | Checking if note exists: Instant-d9953293-50ee-4a48-8960-6bfff308344c
2026-05-07 11:02:35,680 | INFO | NotesPage | Note created successfully | Title: E2E-e5fbff8f-7cbf-48f8-9b32-dadc8e3bd21b
2026-05-07 11:02:35,680 | INFO | test_ui_to_api_validation | Note creation completed
2026-05-07 11:02:35,680 | INFO | NotesPage | Checking if note exists: E2E-e5fbff8f-7cbf-48f8-9b32-dadc8e3bd21b
2026-05-07 11:02:36,048 | INFO | NotesPage | Note found: Instant-d9953293-50ee-4a48-8960-6bfff308344c
2026-05-07 11:02:36,050 | INFO | conftest | Closing browser
2026-05-07 11:02:36,167 | INFO | NotesPage | Checking if note exists: DELETE-919da619-d70c-4fe9-b516-12d3ff23812f
2026-05-07 11:02:37,352 | INFO | NotesPage | Note found: E2E-e5fbff8f-7cbf-48f8-9b32-dadc8e3bd21b
2026-05-07 11:02:37,352 | INFO | test_ui_to_api_validation | Note visible in UI successfully
2026-05-07 11:02:37,353 | INFO | test_ui_to_api_validation | Calling GET /notes API
2026-05-07 11:02:37,353 | INFO | NotesAPI | GET Request -> https://practice.expandtesting.com/notes/api/notes
2026-05-07 11:02:37,514 | INFO | conftest | Performing login fixture setup
2026-05-07 11:02:37,726 | WARNING | NotesPage | Note NOT found: DELETE-919da619-d70c-4fe9-b516-12d3ff23812f
2026-05-07 11:02:37,727 | INFO | test_api_to_ui_validation | Deleted note removed from UI successfully
2026-05-07 11:02:37,727 | INFO | test_api_to_ui_validation | E2E API -> UI validation PASSED
2026-05-07 11:02:37,732 | INFO | conftest | Closing browser
2026-05-07 11:02:38,398 | INFO | NotesAPI | Response Status -> 200
2026-05-07 11:02:38,399 | INFO | test_ui_to_api_validation | API Response Status: 200
2026-05-07 11:02:38,399 | INFO | test_ui_to_api_validation | API Response Time: 1.022744
2026-05-07 11:02:38,399 | INFO | test_ui_to_api_validation | Total Notes Returned: 92
2026-05-07 11:02:38,399 | INFO | test_ui_to_api_validation | Matched Note: {'id': '69fc23ee81124e02985c2d9c', 'title': 'E2E-e5fbff8f-7cbf-48f8-9b32-dadc8e3bd21b', 'description': 'Hybrid UI API Validation', 'category': 'Home', 'completed': False, 'created_at': '2026-05-07T05:32:30.356Z', 'updated_at': '2026-05-07T05:32:30.356Z', 'user_id': '69fb505d81124e02985b5b90'}
2026-05-07 11:02:38,399 | INFO | test_ui_to_api_validation | E2E UI -> API validation PASSED
2026-05-07 11:02:38,401 | INFO | conftest | Closing browser
2026-05-07 11:02:39,563 | INFO | conftest | Launching Chrome browser
2026-05-07 11:02:40,137 | INFO | conftest | Launching Chrome browser
2026-05-07 11:02:40,865 | INFO | conftest | Launching Chrome browser
2026-05-07 11:02:42,104 | INFO | LoginPage | Attempting login with email: raghu1@gmail.com
2026-05-07 11:02:42,105 | INFO | LoginPage | Typing 'raghu1@gmail.com' into element: ('id', 'email')
2026-05-07 11:02:42,243 | INFO | LoginPage | Typing 'raghu1' into element: ('id', 'password')
2026-05-07 11:02:42,388 | INFO | LoginPage | Login button clicked
2026-05-07 11:02:42,388 | INFO | conftest | Login fixture completed
2026-05-07 11:02:42,390 | INFO | NotesPage | Clicking Add Note button
2026-05-07 11:02:43,647 | INFO | NotesPage | Entering title: Negative-15bb6d76-aecc-4453-9d16-20c2f708ab7d
2026-05-07 11:02:43,648 | INFO | NotesPage | Typing 'Negative-15bb6d76-aecc-4453-9d16-20c2f708ab7d' into element: ('id', 'title')
2026-05-07 11:02:43,693 | INFO | conftest | Performing login fixture setup
2026-05-07 11:02:43,909 | INFO | NotesPage | Selecting category: Work
2026-05-07 11:02:44,166 | INFO | NotesPage | Clicking Create button
2026-05-07 11:02:44,286 | INFO | NotesPage | Fetching validation errors
2026-05-07 11:02:44,372 | INFO | conftest | Closing browser
2026-05-07 11:02:54,112 | INFO | LoginPage | Attempting login with email: raghu1@gmail.com
2026-05-07 11:02:54,112 | INFO | LoginPage | Typing 'raghu1@gmail.com' into element: ('id', 'email')
2026-05-07 11:02:58,171 | INFO | LoginPage | Typing 'raghu1' into element: ('id', 'password')
2026-05-07 11:02:58,506 | INFO | LoginPage | Login button clicked
2026-05-07 11:02:58,507 | INFO | conftest | Login fixture completed
2026-05-07 11:02:58,510 | INFO | NotesPage | Clicking Add Note button
2026-05-07 11:02:59,729 | INFO | NotesPage | Entering description
2026-05-07 11:02:59,729 | INFO | NotesPage | Typing 'Missing title' into element: ('id', 'description')
2026-05-07 11:02:59,932 | INFO | NotesPage | Selecting category: Home
2026-05-07 11:03:00,109 | INFO | NotesPage | Clicking Create button
2026-05-07 11:03:00,188 | INFO | NotesPage | Fetching validation errors
2026-05-07 11:03:00,298 | INFO | conftest | Closing browser
2026-05-07 11:03:06,220 | INFO | LoginPage | Attempting login with email: raghu1@gmail.com
2026-05-07 11:03:06,221 | INFO | LoginPage | Typing 'raghu1@gmail.com' into element: ('id', 'email')
2026-05-07 11:03:08,555 | INFO | LoginPage | Attempting login with email: 
2026-05-07 11:03:08,556 | INFO | LoginPage | Typing '' into element: ('id', 'email')
2026-05-07 11:03:08,662 | INFO | LoginPage | Typing '' into element: ('id', 'password')
2026-05-07 11:03:08,907 | INFO | LoginPage | Login button clicked
2026-05-07 11:03:09,630 | INFO | LoginPage | Typing 'raghu1' into element: ('id', 'password')
2026-05-07 11:03:09,903 | INFO | LoginPage | Login button clicked
2026-05-07 11:03:09,904 | INFO | conftest | Login fixture completed
2026-05-07 11:03:09,906 | INFO | NotesPage | Creating note | Title: Automation-60cf9a8a-110f-4b9a-b97f-262f1e5b266d
2026-05-07 11:03:09,906 | INFO | NotesPage | Clicking Add Note button
2026-05-07 11:03:10,159 | INFO | LoginPage | Attempting login with email: raghu1@gmail.com
2026-05-07 11:03:10,159 | INFO | LoginPage | Typing 'raghu1@gmail.com' into element: ('id', 'email')
2026-05-07 11:03:10,303 | INFO | LoginPage | Typing 'raghu1' into element: ('id', 'password')
2026-05-07 11:03:10,470 | INFO | LoginPage | Login button clicked
2026-05-07 11:03:10,471 | INFO | LoginPage | Validating login success
2026-05-07 11:03:11,013 | INFO | conftest | Closing browser
2026-05-07 11:03:11,117 | INFO | NotesPage | Entering title: Automation-60cf9a8a-110f-4b9a-b97f-262f1e5b266d
2026-05-07 11:03:11,117 | INFO | NotesPage | Typing 'Automation-60cf9a8a-110f-4b9a-b97f-262f1e5b266d' into element: ('id', 'title')
2026-05-07 11:03:11,254 | INFO | NotesPage | Entering description
2026-05-07 11:03:11,255 | INFO | NotesPage | Typing 'This is automation testing' into element: ('id', 'description')
2026-05-07 11:03:11,350 | INFO | NotesPage | Selecting category: Home
2026-05-07 11:03:11,442 | INFO | NotesPage | Clicking Create button
2026-05-07 11:03:11,505 | INFO | NotesPage | Checking if note exists: Automation-60cf9a8a-110f-4b9a-b97f-262f1e5b266d
2026-05-07 11:03:14,023 | WARNING | NotesPage | Stale element detected. Retrying...
2026-05-07 11:03:14,172 | INFO | conftest | Closing browser
2026-05-07 11:03:14,915 | INFO | NotesPage | Note created successfully | Title: Automation-60cf9a8a-110f-4b9a-b97f-262f1e5b266d
2026-05-07 11:03:14,916 | INFO | NotesPage | Checking if note exists: Automation-60cf9a8a-110f-4b9a-b97f-262f1e5b266d
2026-05-07 11:03:15,374 | INFO | NotesPage | Note found: Automation-60cf9a8a-110f-4b9a-b97f-262f1e5b266d
2026-05-07 11:03:15,374 | INFO | conftest | Closing browser
2026-05-07 11:16:39,676 | INFO | AuthAPI | POST Request -> https://practice.expandtesting.com/notes/api/users/login
2026-05-07 11:16:39,676 | INFO | AuthAPI | Payload -> {'email': 'raghu1@gmail.com', 'password': 'raghu1'}
2026-05-07 11:16:39,677 | INFO | AuthAPI | POST Request -> https://practice.expandtesting.com/notes/api/users/login
2026-05-07 11:16:39,677 | INFO | AuthAPI | Payload -> {'email': '', 'password': ''}
2026-05-07 11:16:39,678 | INFO | AuthAPI | POST Request -> https://practice.expandtesting.com/notes/api/users/login
2026-05-07 11:16:39,678 | INFO | AuthAPI | Payload -> {'email': 'raghu1@gmail.com', 'password': 'raghu1'}
2026-05-07 11:16:39,679 | INFO | AuthAPI | POST Request -> https://practice.expandtesting.com/notes/api/users/login
2026-05-07 11:16:39,679 | INFO | AuthAPI | Payload -> {'email': 'raghu1@gmail.com', 'password': 'raghu1'}
2026-05-07 11:16:39,680 | INFO | AuthAPI | POST Request -> https://practice.expandtesting.com/notes/api/users/login
2026-05-07 11:16:39,680 | INFO | AuthAPI | Payload -> {'email': 'raghu1@gmail.com', 'password': 'raghu1'}
2026-05-07 11:16:40,550 | INFO | AuthAPI | Response Status -> 200
2026-05-07 11:16:40,554 | INFO | NotesAPI | POST Request -> https://practice.expandtesting.com/notes/api/notes
2026-05-07 11:16:40,555 | INFO | NotesAPI | Payload -> {'title': 'DELETE-161959d2-9e83-43f6-b626-98bf27e7eb83', 'description': 'Delete Description', 'category': 'Work'}
2026-05-07 11:16:40,681 | INFO | AuthAPI | Response Status -> 200
2026-05-07 11:16:40,683 | INFO | NotesAPI | DELETE Request -> https://practice.expandtesting.com/notes/api/notes/123456789
2026-05-07 11:16:40,791 | INFO | AuthAPI | Response Status -> 200
2026-05-07 11:16:40,793 | INFO | NotesAPI | GET Request -> https://practice.expandtesting.com/notes/api/notes
2026-05-07 11:16:40,797 | INFO | AuthAPI | Response Status -> 400
2026-05-07 11:16:40,800 | INFO | AuthAPI | POST Request -> https://practice.expandtesting.com/notes/api/users/login
2026-05-07 11:16:40,800 | INFO | AuthAPI | Payload -> {'email': 'raghu1@gmail.com', 'password': 'raghu1'}
2026-05-07 11:16:40,888 | INFO | AuthAPI | Response Status -> 200
2026-05-07 11:16:40,891 | INFO | AuthAPI | POST Request -> https://practice.expandtesting.com/notes/api/users/login
2026-05-07 11:16:40,891 | INFO | AuthAPI | Payload -> {'email': 'wrong@test.com', 'password': 'wrongpass'}
2026-05-07 11:16:41,146 | INFO | NotesAPI | Response Status -> 200
2026-05-07 11:16:41,146 | INFO | NotesAPI | DELETE Request -> https://practice.expandtesting.com/notes/api/notes/69fc274281124e02985c3d89
2026-05-07 11:16:41,373 | INFO | NotesAPI | Response Status -> 200
2026-05-07 11:16:41,379 | INFO | NotesAPI | GET Request -> https://practice.expandtesting.com/notes/api/notes
2026-05-07 11:16:41,447 | INFO | AuthAPI | Response Status -> 401
2026-05-07 11:16:41,450 | INFO | conftest | Launching Chrome browser
2026-05-07 11:16:41,455 | INFO | conftest | Running in local mode (headed)
2026-05-07 11:16:41,526 | INFO | NotesAPI | Response Status -> 400
2026-05-07 11:16:41,531 | INFO | AuthAPI | POST Request -> https://practice.expandtesting.com/notes/api/users/login
2026-05-07 11:16:41,531 | INFO | AuthAPI | Payload -> {'email': 'raghu1@gmail.com', 'password': 'raghu1'}
2026-05-07 11:16:41,680 | INFO | AuthAPI | Response Status -> 200
2026-05-07 11:16:41,682 | INFO | NotesAPI | POST Request -> https://practice.expandtesting.com/notes/api/notes
2026-05-07 11:16:41,682 | INFO | NotesAPI | Payload -> {'title': 'API-b9804648-7ae8-43c5-b211-7fbe821a0f07', 'description': 'API Automation Description', 'category': 'Home'}
2026-05-07 11:16:41,701 | INFO | NotesAPI | Response Status -> 200
2026-05-07 11:16:41,701 | INFO | NotesAPI | GET Request -> https://practice.expandtesting.com/notes/api/notes
2026-05-07 11:16:41,908 | INFO | NotesAPI | Response Status -> 401
2026-05-07 11:16:41,910 | INFO | conftest | Launching Chrome browser
2026-05-07 11:16:41,912 | INFO | conftest | Running in local mode (headed)
2026-05-07 11:16:42,142 | INFO | AuthAPI | Response Status -> 200
2026-05-07 11:16:42,143 | INFO | NotesAPI | POST Request -> https://practice.expandtesting.com/notes/api/notes
2026-05-07 11:16:42,144 | INFO | NotesAPI | Payload -> {'title': '', 'description': 'Description', 'category': 'Home'}
2026-05-07 11:16:42,236 | INFO | NotesAPI | Response Status -> 200
2026-05-07 11:16:42,240 | INFO | AuthAPI | POST Request -> https://practice.expandtesting.com/notes/api/users/login
2026-05-07 11:16:42,240 | INFO | AuthAPI | Payload -> {'email': 'raghu1@gmail.com', 'password': 'raghu1'}
2026-05-07 11:16:42,262 | INFO | NotesAPI | Response Status -> 200
2026-05-07 11:16:42,267 | INFO | AuthAPI | POST Request -> https://practice.expandtesting.com/notes/api/users/login
2026-05-07 11:16:42,267 | INFO | AuthAPI | Payload -> {'email': 'raghu1@gmail.com', 'password': 'raghu1'}
2026-05-07 11:16:42,801 | INFO | NotesAPI | Response Status -> 400
2026-05-07 11:16:42,804 | INFO | conftest | Launching Chrome browser
2026-05-07 11:16:42,806 | INFO | conftest | Running in local mode (headed)
2026-05-07 11:16:42,955 | INFO | AuthAPI | Response Status -> 200
2026-05-07 11:16:42,957 | INFO | test_get_notes | Starting test_get_all_notes
2026-05-07 11:16:42,958 | INFO | NotesAPI | GET Request -> https://practice.expandtesting.com/notes/api/notes
2026-05-07 11:16:43,142 | INFO | AuthAPI | Response Status -> 200
2026-05-07 11:16:43,144 | INFO | NotesAPI | POST Request -> https://practice.expandtesting.com/notes/api/notes
2026-05-07 11:16:43,144 | INFO | NotesAPI | Payload -> {'title': 'Title', 'description': '', 'category': 'Home'}
2026-05-07 11:16:43,556 | INFO | NotesAPI | Response Status -> 200
2026-05-07 11:16:43,556 | INFO | test_get_notes | Response received: 200
2026-05-07 11:16:43,556 | INFO | test_get_notes | test_get_all_notes PASSED
2026-05-07 11:16:43,559 | INFO | conftest | Launching Chrome browser
2026-05-07 11:16:43,562 | INFO | conftest | Running in local mode (headed)
2026-05-07 11:16:43,724 | INFO | NotesAPI | Response Status -> 400
2026-05-07 11:16:43,727 | INFO | conftest | Launching Chrome browser
2026-05-07 11:16:43,730 | INFO | conftest | Running in local mode (headed)
2026-05-07 11:16:45,103 | INFO | conftest | Performing login fixture setup
2026-05-07 11:16:46,783 | INFO | LoginPage | Attempting login with email: raghu1@gmail.com
2026-05-07 11:16:46,783 | INFO | LoginPage | Typing 'raghu1@gmail.com' into element: ('id', 'email')
2026-05-07 11:16:47,013 | INFO | conftest | Launching Chrome browser
2026-05-07 11:16:47,013 | INFO | conftest | Running in local mode (headed)
2026-05-07 11:16:47,689 | INFO | conftest | Launching Chrome browser
2026-05-07 11:16:47,689 | INFO | conftest | Running in local mode (headed)
2026-05-07 11:16:48,520 | INFO | conftest | Launching Chrome browser
2026-05-07 11:16:48,521 | INFO | conftest | Running in local mode (headed)
2026-05-07 11:16:48,755 | INFO | conftest | Launching Chrome browser
2026-05-07 11:16:48,755 | INFO | conftest | Running in local mode (headed)
2026-05-07 11:16:51,323 | INFO | conftest | Performing login fixture setup
2026-05-07 11:16:52,769 | INFO | LoginPage | Attempting login with email: raghu1@gmail.com
2026-05-07 11:16:52,769 | INFO | LoginPage | Typing 'raghu1@gmail.com' into element: ('id', 'email')
2026-05-07 11:16:57,893 | INFO | conftest | Closing browser
2026-05-07 11:17:00,099 | INFO | conftest | Launching Chrome browser
2026-05-07 11:17:00,099 | INFO | conftest | Running in local mode (headed)
2026-05-07 11:17:03,386 | INFO | conftest | Closing browser
2026-05-07 11:17:29,441 | INFO | AuthAPI | POST Request -> https://practice.expandtesting.com/notes/api/users/login
2026-05-07 11:17:29,442 | INFO | AuthAPI | Payload -> {'email': 'raghu1@gmail.com', 'password': 'raghu1'}
2026-05-07 11:17:29,443 | INFO | AuthAPI | POST Request -> https://practice.expandtesting.com/notes/api/users/login
2026-05-07 11:17:29,443 | INFO | AuthAPI | Payload -> {'email': 'raghu1@gmail.com', 'password': 'raghu1'}
2026-05-07 11:17:29,444 | INFO | AuthAPI | POST Request -> https://practice.expandtesting.com/notes/api/users/login
2026-05-07 11:17:29,444 | INFO | AuthAPI | Payload -> {'email': '', 'password': ''}
2026-05-07 11:17:29,447 | INFO | AuthAPI | POST Request -> https://practice.expandtesting.com/notes/api/users/login
2026-05-07 11:17:29,447 | INFO | AuthAPI | Payload -> {'email': 'raghu1@gmail.com', 'password': 'raghu1'}
2026-05-07 11:17:29,448 | INFO | AuthAPI | POST Request -> https://practice.expandtesting.com/notes/api/users/login
2026-05-07 11:17:29,448 | INFO | AuthAPI | Payload -> {'email': 'raghu1@gmail.com', 'password': 'raghu1'}
2026-05-07 11:17:30,240 | INFO | AuthAPI | Response Status -> 200
2026-05-07 11:17:30,244 | INFO | NotesAPI | GET Request -> https://practice.expandtesting.com/notes/api/notes
2026-05-07 11:17:30,245 | INFO | AuthAPI | Response Status -> 400
2026-05-07 11:17:30,250 | INFO | AuthAPI | POST Request -> https://practice.expandtesting.com/notes/api/users/login
2026-05-07 11:17:30,251 | INFO | AuthAPI | Payload -> {'email': 'raghu1@gmail.com', 'password': 'raghu1'}
2026-05-07 11:17:30,423 | INFO | AuthAPI | Response Status -> 200
2026-05-07 11:17:30,423 | INFO | AuthAPI | Response Status -> 200
2026-05-07 11:17:30,425 | INFO | NotesAPI | DELETE Request -> https://practice.expandtesting.com/notes/api/notes/123456789
2026-05-07 11:17:30,426 | INFO | AuthAPI | POST Request -> https://practice.expandtesting.com/notes/api/users/login
2026-05-07 11:17:30,427 | INFO | AuthAPI | Payload -> {'email': 'wrong@test.com', 'password': 'wrongpass'}
2026-05-07 11:17:30,509 | INFO | AuthAPI | Response Status -> 200
2026-05-07 11:17:30,511 | INFO | NotesAPI | POST Request -> https://practice.expandtesting.com/notes/api/notes
2026-05-07 11:17:30,511 | INFO | NotesAPI | Payload -> {'title': 'DELETE-0ca84474-62cd-40bb-9e42-9b701bc5cc76', 'description': 'Delete Description', 'category': 'Work'}
2026-05-07 11:17:30,920 | INFO | AuthAPI | Response Status -> 200
2026-05-07 11:17:30,924 | INFO | NotesAPI | POST Request -> https://practice.expandtesting.com/notes/api/notes
2026-05-07 11:17:30,924 | INFO | NotesAPI | Payload -> {'title': 'API-99562394-5496-4817-b312-bc56bc13366a', 'description': 'API Automation Description', 'category': 'Home'}
2026-05-07 11:17:31,064 | INFO | NotesAPI | Response Status -> 200
2026-05-07 11:17:31,064 | INFO | NotesAPI | Response Status -> 400
2026-05-07 11:17:31,064 | INFO | AuthAPI | Response Status -> 401
2026-05-07 11:17:31,067 | INFO | conftest | Launching Chrome browser
2026-05-07 11:17:31,067 | INFO | AuthAPI | POST Request -> https://practice.expandtesting.com/notes/api/users/login
2026-05-07 11:17:31,067 | INFO | AuthAPI | Payload -> {'email': 'raghu1@gmail.com', 'password': 'raghu1'}
2026-05-07 11:17:31,067 | INFO | NotesAPI | GET Request -> https://practice.expandtesting.com/notes/api/notes
2026-05-07 11:17:31,091 | INFO | NotesAPI | Response Status -> 200
2026-05-07 11:17:31,091 | INFO | NotesAPI | DELETE Request -> https://practice.expandtesting.com/notes/api/notes/69fc277481124e02985c3ef3
2026-05-07 11:17:31,542 | INFO | NotesAPI | Response Status -> 200
2026-05-07 11:17:31,544 | INFO | AuthAPI | POST Request -> https://practice.expandtesting.com/notes/api/users/login
2026-05-07 11:17:31,544 | INFO | AuthAPI | Payload -> {'email': 'raghu1@gmail.com', 'password': 'raghu1'}
2026-05-07 11:17:31,654 | INFO | NotesAPI | Response Status -> 401
2026-05-07 11:17:31,657 | INFO | conftest | Launching Chrome browser
2026-05-07 11:17:31,688 | INFO | NotesAPI | Response Status -> 200
2026-05-07 11:17:31,688 | INFO | NotesAPI | GET Request -> https://practice.expandtesting.com/notes/api/notes
2026-05-07 11:17:31,862 | INFO | AuthAPI | Response Status -> 200
2026-05-07 11:17:31,863 | INFO | NotesAPI | POST Request -> https://practice.expandtesting.com/notes/api/notes
2026-05-07 11:17:31,864 | INFO | NotesAPI | Payload -> {'title': '', 'description': 'Description', 'category': 'Home'}
2026-05-07 11:17:32,139 | INFO | AuthAPI | Response Status -> 200
2026-05-07 11:17:32,141 | INFO | NotesAPI | POST Request -> https://practice.expandtesting.com/notes/api/notes
2026-05-07 11:17:32,141 | INFO | NotesAPI | Payload -> {'title': 'Title', 'description': '', 'category': 'Home'}
2026-05-07 11:17:32,332 | INFO | NotesAPI | Response Status -> 200
2026-05-07 11:17:32,336 | INFO | AuthAPI | POST Request -> https://practice.expandtesting.com/notes/api/users/login
2026-05-07 11:17:32,337 | INFO | AuthAPI | Payload -> {'email': 'raghu1@gmail.com', 'password': 'raghu1'}
2026-05-07 11:17:32,661 | INFO | NotesAPI | Response Status -> 400
2026-05-07 11:17:32,666 | INFO | conftest | Launching Chrome browser
2026-05-07 11:17:32,673 | INFO | NotesAPI | Response Status -> 400
2026-05-07 11:17:32,676 | INFO | conftest | Launching Chrome browser
2026-05-07 11:17:33,018 | INFO | AuthAPI | Response Status -> 200
2026-05-07 11:17:33,020 | INFO | test_get_notes | Starting test_get_all_notes
2026-05-07 11:17:33,020 | INFO | NotesAPI | GET Request -> https://practice.expandtesting.com/notes/api/notes
2026-05-07 11:17:33,363 | INFO | conftest | Performing login fixture setup
2026-05-07 11:17:33,775 | INFO | NotesAPI | Response Status -> 200
2026-05-07 11:17:33,776 | INFO | test_get_notes | Response received: 200
2026-05-07 11:17:33,776 | INFO | test_get_notes | test_get_all_notes PASSED
2026-05-07 11:17:33,781 | INFO | conftest | Launching Chrome browser
2026-05-07 11:17:33,992 | INFO | conftest | Performing login fixture setup
2026-05-07 11:17:36,447 | INFO | conftest | Performing login fixture setup
2026-05-07 11:17:58,922 | INFO | LoginPage | Attempting login with email: raghu1@gmail.com
2026-05-07 11:17:58,922 | INFO | LoginPage | Typing 'raghu1@gmail.com' into element: ('id', 'email')
2026-05-07 11:18:02,034 | INFO | LoginPage | Typing 'raghu1' into element: ('id', 'password')
2026-05-07 11:18:02,209 | INFO | LoginPage | Attempting login with email: 
2026-05-07 11:18:02,209 | INFO | LoginPage | Typing '' into element: ('id', 'email')
2026-05-07 11:18:02,248 | INFO | LoginPage | Login button clicked
2026-05-07 11:18:02,249 | INFO | conftest | Login fixture completed
2026-05-07 11:18:02,252 | INFO | NotesPage | Creating note | Title: Automation-c88e8bf7-1de3-43b0-b51d-d6d6eedf472b
2026-05-07 11:18:02,252 | INFO | NotesPage | Clicking Add Note button
2026-05-07 11:18:02,304 | INFO | LoginPage | Typing 'Password123' into element: ('id', 'password')
2026-05-07 11:18:02,491 | INFO | LoginPage | Login button clicked
2026-05-07 11:18:02,947 | INFO | LoginPage | Attempting login with email: raghu1@gmail.com
2026-05-07 11:18:02,948 | INFO | LoginPage | Typing 'raghu1@gmail.com' into element: ('id', 'email')
2026-05-07 11:18:03,196 | INFO | LoginPage | Typing 'raghu1' into element: ('id', 'password')
2026-05-07 11:18:03,564 | INFO | LoginPage | Attempting login with email: raghu1@gmail.com
2026-05-07 11:18:03,564 | INFO | LoginPage | Typing 'raghu1@gmail.com' into element: ('id', 'email')
2026-05-07 11:18:03,574 | INFO | NotesPage | Entering title: Automation-c88e8bf7-1de3-43b0-b51d-d6d6eedf472b
2026-05-07 11:18:03,574 | INFO | NotesPage | Typing 'Automation-c88e8bf7-1de3-43b0-b51d-d6d6eedf472b' into element: ('id', 'title')
2026-05-07 11:18:03,666 | INFO | LoginPage | Login button clicked
2026-05-07 11:18:03,667 | INFO | LoginPage | Validating login success
2026-05-07 11:18:04,009 | INFO | NotesPage | Entering description
2026-05-07 11:18:04,010 | INFO | NotesPage | Typing 'This is automation testing' into element: ('id', 'description')
2026-05-07 11:18:04,234 | INFO | conftest | Closing browser
2026-05-07 11:18:04,348 | INFO | NotesPage | Selecting category: Home
2026-05-07 11:18:04,564 | INFO | NotesPage | Clicking Create button
2026-05-07 11:18:04,698 | INFO | NotesPage | Checking if note exists: Automation-c88e8bf7-1de3-43b0-b51d-d6d6eedf472b
2026-05-07 11:18:07,032 | INFO | LoginPage | Typing 'raghu1' into element: ('id', 'password')
2026-05-07 11:18:07,304 | INFO | LoginPage | Login button clicked
2026-05-07 11:18:07,305 | INFO | conftest | Login fixture completed
2026-05-07 11:18:07,308 | INFO | AuthAPI | POST Request -> https://practice.expandtesting.com/notes/api/users/login
2026-05-07 11:18:07,310 | INFO | AuthAPI | Payload -> {'email': 'raghu1@gmail.com', 'password': 'raghu1'}
2026-05-07 11:18:08,072 | INFO | conftest | Closing browser
2026-05-07 11:18:08,464 | INFO | LoginPage | Attempting login with email: raghu1@gmail.com
2026-05-07 11:18:08,464 | INFO | LoginPage | Typing 'raghu1@gmail.com' into element: ('id', 'email')
2026-05-07 11:18:08,736 | INFO | LoginPage | Typing 'raghu1' into element: ('id', 'password')
2026-05-07 11:18:09,069 | INFO | LoginPage | Login button clicked
2026-05-07 11:18:09,069 | INFO | conftest | Login fixture completed
2026-05-07 11:18:09,071 | INFO | AuthAPI | POST Request -> https://practice.expandtesting.com/notes/api/users/login
2026-05-07 11:18:09,072 | INFO | AuthAPI | Payload -> {'email': 'raghu1@gmail.com', 'password': 'raghu1'}
2026-05-07 11:18:09,131 | WARNING | NotesPage | Stale element detected. Retrying...
2026-05-07 11:18:09,159 | INFO | AuthAPI | Response Status -> 200
2026-05-07 11:18:09,164 | INFO | test_api_to_ui_validation | STARTING E2E TEST: API -> UI
2026-05-07 11:18:09,164 | INFO | test_api_to_ui_validation | Creating note via UI | Title: DELETE-0b663cfb-3f13-4f38-8836-88694c75a835
2026-05-07 11:18:09,165 | INFO | NotesPage | Creating note | Title: DELETE-0b663cfb-3f13-4f38-8836-88694c75a835
2026-05-07 11:18:09,165 | INFO | NotesPage | Clicking Add Note button
2026-05-07 11:18:09,529 | INFO | NotesPage | Entering title: DELETE-0b663cfb-3f13-4f38-8836-88694c75a835
2026-05-07 11:18:09,530 | INFO | NotesPage | Typing 'DELETE-0b663cfb-3f13-4f38-8836-88694c75a835' into element: ('id', 'title')
2026-05-07 11:18:10,038 | INFO | NotesPage | Entering description
2026-05-07 11:18:10,038 | INFO | NotesPage | Typing 'Delete validation' into element: ('id', 'description')
2026-05-07 11:18:10,205 | INFO | NotesPage | Selecting category: Work
2026-05-07 11:18:10,448 | INFO | NotesPage | Clicking Create button
2026-05-07 11:18:10,569 | INFO | NotesPage | Checking if note exists: DELETE-0b663cfb-3f13-4f38-8836-88694c75a835
2026-05-07 11:18:10,744 | INFO | AuthAPI | Response Status -> 200
2026-05-07 11:18:10,749 | INFO | test_ui_to_api_validation | STARTING E2E TEST: UI -> API
2026-05-07 11:18:10,750 | INFO | test_ui_to_api_validation | Creating note from UI | Title: E2E-047d37fa-00ed-42f7-b2c3-fe88bbb953a2
2026-05-07 11:18:10,750 | INFO | NotesPage | Creating note | Title: E2E-047d37fa-00ed-42f7-b2c3-fe88bbb953a2
2026-05-07 11:18:10,750 | INFO | NotesPage | Clicking Add Note button
2026-05-07 11:18:11,024 | INFO | NotesPage | Entering title: E2E-047d37fa-00ed-42f7-b2c3-fe88bbb953a2
2026-05-07 11:18:11,024 | INFO | NotesPage | Typing 'E2E-047d37fa-00ed-42f7-b2c3-fe88bbb953a2' into element: ('id', 'title')
2026-05-07 11:18:11,468 | INFO | NotesPage | Entering description
2026-05-07 11:18:11,468 | INFO | NotesPage | Typing 'Hybrid UI API Validation' into element: ('id', 'description')
2026-05-07 11:18:11,668 | INFO | NotesPage | Note created successfully | Title: Automation-c88e8bf7-1de3-43b0-b51d-d6d6eedf472b
2026-05-07 11:18:11,669 | INFO | NotesPage | Checking if note exists: Automation-c88e8bf7-1de3-43b0-b51d-d6d6eedf472b
2026-05-07 11:18:11,796 | INFO | NotesPage | Selecting category: Home
2026-05-07 11:18:12,098 | INFO | NotesPage | Clicking Create button
2026-05-07 11:18:12,198 | INFO | NotesPage | Checking if note exists: E2E-047d37fa-00ed-42f7-b2c3-fe88bbb953a2
2026-05-07 11:18:13,189 | WARNING | NotesPage | Stale element detected. Retrying...
2026-05-07 11:18:14,101 | INFO | conftest | Launching Chrome browser
2026-05-07 11:18:14,127 | INFO | conftest | Launching Chrome browser
2026-05-07 11:18:14,283 | INFO | NotesPage | Note found: Automation-c88e8bf7-1de3-43b0-b51d-d6d6eedf472b
2026-05-07 11:18:14,287 | INFO | conftest | Closing browser
2026-05-07 11:18:14,569 | WARNING | NotesPage | Stale element detected. Retrying...
2026-05-07 11:18:15,247 | INFO | NotesPage | Note created successfully | Title: DELETE-0b663cfb-3f13-4f38-8836-88694c75a835
2026-05-07 11:18:15,248 | INFO | test_api_to_ui_validation | Note created successfully
2026-05-07 11:18:15,248 | INFO | NotesPage | Checking if note exists: DELETE-0b663cfb-3f13-4f38-8836-88694c75a835
2026-05-07 11:18:15,928 | INFO | NotesPage | Note created successfully | Title: E2E-047d37fa-00ed-42f7-b2c3-fe88bbb953a2
2026-05-07 11:18:15,929 | INFO | test_ui_to_api_validation | Note creation completed
2026-05-07 11:18:15,929 | INFO | NotesPage | Checking if note exists: E2E-047d37fa-00ed-42f7-b2c3-fe88bbb953a2
2026-05-07 11:18:16,729 | INFO | NotesPage | Note found: DELETE-0b663cfb-3f13-4f38-8836-88694c75a835
2026-05-07 11:18:16,729 | INFO | test_api_to_ui_validation | Note created and visible in UI
2026-05-07 11:18:16,730 | INFO | NotesAPI | GET Request -> https://practice.expandtesting.com/notes/api/notes
2026-05-07 11:18:17,346 | INFO | NotesPage | Note found: E2E-047d37fa-00ed-42f7-b2c3-fe88bbb953a2
2026-05-07 11:18:17,346 | INFO | test_ui_to_api_validation | Note visible in UI successfully
2026-05-07 11:18:17,346 | INFO | test_ui_to_api_validation | Calling GET /notes API
2026-05-07 11:18:17,346 | INFO | NotesAPI | GET Request -> https://practice.expandtesting.com/notes/api/notes
2026-05-07 11:18:17,788 | INFO | conftest | Launching Chrome browser
2026-05-07 11:18:17,885 | INFO | NotesAPI | Response Status -> 200
2026-05-07 11:18:17,885 | INFO | test_api_to_ui_validation | GET Notes Status: 200
2026-05-07 11:18:17,887 | INFO | test_api_to_ui_validation | Located Note ID: 69fc279c81124e02985c4003
2026-05-07 11:18:17,887 | INFO | test_api_to_ui_validation | Deleting note via API | ID: 69fc279c81124e02985c4003
2026-05-07 11:18:17,887 | INFO | NotesAPI | DELETE Request -> https://practice.expandtesting.com/notes/api/notes/69fc279c81124e02985c4003
2026-05-07 11:18:18,094 | INFO | conftest | Performing login fixture setup
2026-05-07 11:18:18,345 | INFO | conftest | Performing login fixture setup
2026-05-07 11:18:18,738 | INFO | NotesAPI | Response Status -> 200
2026-05-07 11:18:18,739 | INFO | test_ui_to_api_validation | API Response Status: 200
2026-05-07 11:18:18,740 | INFO | test_ui_to_api_validation | API Response Time: 1.381162
2026-05-07 11:18:18,741 | INFO | test_ui_to_api_validation | Total Notes Returned: 98
2026-05-07 11:18:18,741 | INFO | test_ui_to_api_validation | Matched Note: {'id': '69fc279d81124e02985c4011', 'title': 'E2E-047d37fa-00ed-42f7-b2c3-fe88bbb953a2', 'description': 'Hybrid UI API Validation', 'category': 'Home', 'completed': False, 'created_at': '2026-05-07T05:48:13.968Z', 'updated_at': '2026-05-07T05:48:13.968Z', 'user_id': '69fb505d81124e02985b5b90'}
2026-05-07 11:18:18,741 | INFO | test_ui_to_api_validation | E2E UI -> API validation PASSED
2026-05-07 11:18:18,745 | INFO | conftest | Closing browser
2026-05-07 11:18:19,143 | INFO | NotesAPI | Response Status -> 200
2026-05-07 11:18:19,143 | INFO | test_api_to_ui_validation | Delete Status: 200
2026-05-07 11:18:19,143 | INFO | test_api_to_ui_validation | Refreshing UI page
2026-05-07 11:18:19,144 | INFO | NotesPage | Refreshing browser page
2026-05-07 11:18:21,180 | INFO | conftest | Launching Chrome browser
2026-05-07 11:18:21,464 | INFO | NotesPage | Checking if note exists: DELETE-0b663cfb-3f13-4f38-8836-88694c75a835
2026-05-07 11:18:22,328 | INFO | LoginPage | Attempting login with email: raghu1@gmail.com
2026-05-07 11:18:22,328 | INFO | LoginPage | Typing 'raghu1@gmail.com' into element: ('id', 'email')
2026-05-07 11:18:22,547 | INFO | LoginPage | Typing 'raghu1' into element: ('id', 'password')
2026-05-07 11:18:22,804 | INFO | LoginPage | Login button clicked
2026-05-07 11:18:22,805 | INFO | conftest | Login fixture completed
2026-05-07 11:18:22,809 | INFO | NotesPage | Clicking Add Note button
2026-05-07 11:18:23,834 | WARNING | NotesPage | Note NOT found: DELETE-0b663cfb-3f13-4f38-8836-88694c75a835
2026-05-07 11:18:23,834 | INFO | test_api_to_ui_validation | Deleted note removed from UI successfully
2026-05-07 11:18:23,834 | INFO | test_api_to_ui_validation | E2E API -> UI validation PASSED
2026-05-07 11:18:23,840 | INFO | conftest | Closing browser
2026-05-07 11:18:24,103 | INFO | NotesPage | Entering description
2026-05-07 11:18:24,103 | INFO | NotesPage | Typing 'Missing title' into element: ('id', 'description')
2026-05-07 11:18:24,377 | INFO | NotesPage | Selecting category: Home
2026-05-07 11:18:24,539 | INFO | NotesPage | Clicking Create button
2026-05-07 11:18:24,618 | INFO | NotesPage | Fetching validation errors
2026-05-07 11:18:24,726 | INFO | conftest | Closing browser
2026-05-07 11:18:27,166 | INFO | conftest | Launching Chrome browser
2026-05-07 11:18:28,259 | INFO | LoginPage | Attempting login with email: 
2026-05-07 11:18:28,260 | INFO | LoginPage | Typing '' into element: ('id', 'email')
2026-05-07 11:18:28,396 | INFO | LoginPage | Typing '' into element: ('id', 'password')
2026-05-07 11:18:28,655 | INFO | LoginPage | Login button clicked
2026-05-07 11:18:30,908 | INFO | conftest | Performing login fixture setup
2026-05-07 11:18:34,077 | INFO | conftest | Closing browser
2026-05-07 11:18:41,257 | INFO | LoginPage | Attempting login with email: raghu1@gmail.com
2026-05-07 11:18:41,258 | INFO | LoginPage | Typing 'raghu1@gmail.com' into element: ('id', 'email')
2026-05-07 11:18:44,003 | INFO | LoginPage | Typing 'raghu1' into element: ('id', 'password')
2026-05-07 11:18:44,237 | INFO | LoginPage | Login button clicked
2026-05-07 11:18:44,237 | INFO | conftest | Login fixture completed
2026-05-07 11:18:44,241 | INFO | NotesPage | Clicking Add Note button
2026-05-07 11:18:45,419 | INFO | NotesPage | Entering title: Negative-aeb5ca5c-62bf-4059-9f63-9768b0d54b7d
2026-05-07 11:18:45,419 | INFO | NotesPage | Typing 'Negative-aeb5ca5c-62bf-4059-9f63-9768b0d54b7d' into element: ('id', 'title')
2026-05-07 11:18:45,760 | INFO | NotesPage | Selecting category: Work
2026-05-07 11:18:46,045 | INFO | NotesPage | Clicking Create button
2026-05-07 11:18:46,169 | INFO | NotesPage | Fetching validation errors
2026-05-07 11:18:46,269 | INFO | conftest | Closing browser
2026-05-07 11:18:51,740 | INFO | LoginPage | Attempting login with email: wrong@test.com
2026-05-07 11:18:51,741 | INFO | LoginPage | Typing 'wrong@test.com' into element: ('id', 'email')
2026-05-07 11:18:51,982 | INFO | LoginPage | Typing 'Password123' into element: ('id', 'password')
2026-05-07 11:18:52,341 | INFO | LoginPage | Login button clicked
2026-05-07 11:18:52,913 | INFO | conftest | Closing browser
2026-05-07 11:19:02,475 | INFO | LoginPage | Attempting login with email: raghu1@gmail.com
2026-05-07 11:19:02,475 | INFO | LoginPage | Typing 'raghu1@gmail.com' into element: ('id', 'email')
2026-05-07 11:19:02,618 | INFO | LoginPage | Typing 'raghu1' into element: ('id', 'password')
2026-05-07 11:19:02,712 | INFO | LoginPage | Login button clicked
2026-05-07 11:19:02,713 | INFO | conftest | Login fixture completed
2026-05-07 11:19:02,714 | INFO | NotesPage | Creating note | Title: Instant-038f826e-5d4c-4def-8a85-c0a10a0eece4
2026-05-07 11:19:02,714 | INFO | NotesPage | Clicking Add Note button
2026-05-07 11:19:03,823 | INFO | NotesPage | Entering title: Instant-038f826e-5d4c-4def-8a85-c0a10a0eece4
2026-05-07 11:19:03,823 | INFO | NotesPage | Typing 'Instant-038f826e-5d4c-4def-8a85-c0a10a0eece4' into element: ('id', 'title')
2026-05-07 11:19:03,944 | INFO | NotesPage | Entering description
2026-05-07 11:19:03,944 | INFO | NotesPage | Typing 'DOM validation' into element: ('id', 'description')
2026-05-07 11:19:03,997 | INFO | NotesPage | Selecting category: Work
2026-05-07 11:19:04,065 | INFO | NotesPage | Clicking Create button
2026-05-07 11:19:04,099 | INFO | NotesPage | Checking if note exists: Instant-038f826e-5d4c-4def-8a85-c0a10a0eece4
2026-05-07 11:19:06,830 | WARNING | NotesPage | Stale element detected. Retrying...
2026-05-07 11:19:07,643 | INFO | NotesPage | Note created successfully | Title: Instant-038f826e-5d4c-4def-8a85-c0a10a0eece4
2026-05-07 11:19:07,643 | INFO | NotesPage | Checking if note exists: Instant-038f826e-5d4c-4def-8a85-c0a10a0eece4
2026-05-07 11:19:08,080 | INFO | NotesPage | Note found: Instant-038f826e-5d4c-4def-8a85-c0a10a0eece4
2026-05-07 11:19:08,081 | INFO | conftest | Closing browser
2026-05-07 11:23:39,721 | INFO | AuthAPI | POST Request -> https://practice.expandtesting.com/notes/api/users/login
2026-05-07 11:23:39,721 | INFO | AuthAPI | Payload -> {'email': 'raghu1@gmail.com', 'password': 'raghu1'}
2026-05-07 11:23:40,483 | INFO | AuthAPI | Response Status -> 200
2026-05-07 11:23:40,488 | INFO | AuthAPI | POST Request -> https://practice.expandtesting.com/notes/api/users/login
2026-05-07 11:23:40,488 | INFO | AuthAPI | Payload -> {'email': 'wrong@test.com', 'password': 'wrongpass'}
2026-05-07 11:23:41,010 | INFO | AuthAPI | Response Status -> 401
2026-05-07 11:23:41,017 | INFO | AuthAPI | POST Request -> https://practice.expandtesting.com/notes/api/users/login
2026-05-07 11:23:41,017 | INFO | AuthAPI | Payload -> {'email': '', 'password': ''}
2026-05-07 11:23:41,629 | INFO | AuthAPI | Response Status -> 400
2026-05-07 11:23:41,635 | INFO | AuthAPI | POST Request -> https://practice.expandtesting.com/notes/api/users/login
2026-05-07 11:23:41,635 | INFO | AuthAPI | Payload -> {'email': 'raghu1@gmail.com', 'password': 'raghu1'}
2026-05-07 11:23:42,312 | INFO | AuthAPI | Response Status -> 200
2026-05-07 11:23:42,315 | INFO | NotesAPI | POST Request -> https://practice.expandtesting.com/notes/api/notes
2026-05-07 11:23:42,316 | INFO | NotesAPI | Payload -> {'title': 'API-35b07279-0796-4083-a85b-fa7267d4cd5d', 'description': 'API Automation Description', 'category': 'Home'}
2026-05-07 11:23:42,875 | INFO | NotesAPI | Response Status -> 200
2026-05-07 11:23:42,881 | INFO | AuthAPI | POST Request -> https://practice.expandtesting.com/notes/api/users/login
2026-05-07 11:23:42,881 | INFO | AuthAPI | Payload -> {'email': 'raghu1@gmail.com', 'password': 'raghu1'}
2026-05-07 11:23:43,551 | INFO | AuthAPI | Response Status -> 200
2026-05-07 11:23:43,555 | INFO | NotesAPI | POST Request -> https://practice.expandtesting.com/notes/api/notes
2026-05-07 11:23:43,556 | INFO | NotesAPI | Payload -> {'title': 'DELETE-44a718ed-696b-4a5b-a6e9-c02687dc600c', 'description': 'Delete Description', 'category': 'Work'}
2026-05-07 11:23:44,097 | INFO | NotesAPI | Response Status -> 200
2026-05-07 11:23:44,097 | INFO | NotesAPI | DELETE Request -> https://practice.expandtesting.com/notes/api/notes/69fc28e981124e02985c47fa
2026-05-07 11:23:44,621 | INFO | NotesAPI | Response Status -> 200
2026-05-07 11:23:44,621 | INFO | NotesAPI | GET Request -> https://practice.expandtesting.com/notes/api/notes
2026-05-07 11:23:45,277 | INFO | NotesAPI | Response Status -> 200
2026-05-07 11:23:45,283 | INFO | AuthAPI | POST Request -> https://practice.expandtesting.com/notes/api/users/login
2026-05-07 11:23:45,283 | INFO | AuthAPI | Payload -> {'email': 'raghu1@gmail.com', 'password': 'raghu1'}
2026-05-07 11:23:46,239 | INFO | AuthAPI | Response Status -> 200
2026-05-07 11:23:46,241 | INFO | test_get_notes | Starting test_get_all_notes
2026-05-07 11:23:46,241 | INFO | NotesAPI | GET Request -> https://practice.expandtesting.com/notes/api/notes
2026-05-07 11:23:47,273 | INFO | NotesAPI | Response Status -> 200
2026-05-07 11:23:47,273 | INFO | test_get_notes | Response received: 200
2026-05-07 11:23:47,274 | INFO | test_get_notes | test_get_all_notes PASSED
2026-05-07 11:23:47,279 | INFO | AuthAPI | POST Request -> https://practice.expandtesting.com/notes/api/users/login
2026-05-07 11:23:47,279 | INFO | AuthAPI | Payload -> {'email': 'raghu1@gmail.com', 'password': 'raghu1'}
2026-05-07 11:23:47,880 | INFO | AuthAPI | Response Status -> 200
2026-05-07 11:23:47,883 | INFO | NotesAPI | GET Request -> https://practice.expandtesting.com/notes/api/notes
2026-05-07 11:23:48,444 | INFO | NotesAPI | Response Status -> 200
2026-05-07 11:23:48,448 | INFO | NotesAPI | GET Request -> https://practice.expandtesting.com/notes/api/notes
2026-05-07 11:23:48,989 | INFO | NotesAPI | Response Status -> 401
2026-05-07 11:23:48,994 | INFO | AuthAPI | POST Request -> https://practice.expandtesting.com/notes/api/users/login
2026-05-07 11:23:48,994 | INFO | AuthAPI | Payload -> {'email': 'raghu1@gmail.com', 'password': 'raghu1'}
2026-05-07 11:23:49,704 | INFO | AuthAPI | Response Status -> 200
2026-05-07 11:23:49,706 | INFO | NotesAPI | DELETE Request -> https://practice.expandtesting.com/notes/api/notes/123456789
2026-05-07 11:23:50,193 | INFO | NotesAPI | Response Status -> 400
2026-05-07 11:23:50,197 | INFO | AuthAPI | POST Request -> https://practice.expandtesting.com/notes/api/users/login
2026-05-07 11:23:50,197 | INFO | AuthAPI | Payload -> {'email': 'raghu1@gmail.com', 'password': 'raghu1'}
2026-05-07 11:23:50,778 | INFO | AuthAPI | Response Status -> 200
2026-05-07 11:23:50,779 | INFO | NotesAPI | POST Request -> https://practice.expandtesting.com/notes/api/notes
2026-05-07 11:23:50,779 | INFO | NotesAPI | Payload -> {'title': '', 'description': 'Description', 'category': 'Home'}
2026-05-07 11:23:51,346 | INFO | NotesAPI | Response Status -> 400
2026-05-07 11:23:51,351 | INFO | AuthAPI | POST Request -> https://practice.expandtesting.com/notes/api/users/login
2026-05-07 11:23:51,351 | INFO | AuthAPI | Payload -> {'email': 'raghu1@gmail.com', 'password': 'raghu1'}
2026-05-07 11:23:52,024 | INFO | AuthAPI | Response Status -> 200
2026-05-07 11:23:52,027 | INFO | NotesAPI | POST Request -> https://practice.expandtesting.com/notes/api/notes
2026-05-07 11:23:52,027 | INFO | NotesAPI | Payload -> {'title': 'Title', 'description': '', 'category': 'Home'}
2026-05-07 11:23:52,596 | INFO | NotesAPI | Response Status -> 400
2026-05-07 11:23:52,600 | INFO | conftest | Launching Chrome browser
2026-05-07 11:23:52,604 | INFO | conftest | Running in local mode (headed)
2026-05-07 11:23:57,804 | INFO | conftest | Launching Chrome browser
2026-05-07 11:23:57,804 | INFO | conftest | Running in local mode (headed)
2026-05-07 11:24:02,543 | INFO | conftest | Launching Chrome browser
2026-05-07 11:24:02,543 | INFO | conftest | Running in local mode (headed)
2026-05-07 11:24:07,496 | INFO | conftest | Launching Chrome browser
2026-05-07 11:24:07,497 | INFO | conftest | Running in local mode (headed)
2026-05-07 11:24:11,999 | INFO | conftest | Launching Chrome browser
2026-05-07 11:24:11,999 | INFO | conftest | Running in local mode (headed)
2026-05-07 11:24:45,355 | INFO | AuthAPI | POST Request -> https://practice.expandtesting.com/notes/api/users/login
2026-05-07 11:24:45,355 | INFO | AuthAPI | Payload -> {'email': 'raghu1@gmail.com', 'password': 'raghu1'}
2026-05-07 11:24:45,358 | INFO | AuthAPI | POST Request -> https://practice.expandtesting.com/notes/api/users/login
2026-05-07 11:24:45,358 | INFO | AuthAPI | Payload -> {'email': 'raghu1@gmail.com', 'password': 'raghu1'}
2026-05-07 11:24:45,363 | INFO | AuthAPI | POST Request -> https://practice.expandtesting.com/notes/api/users/login
2026-05-07 11:24:45,363 | INFO | AuthAPI | Payload -> {'email': '', 'password': ''}
2026-05-07 11:24:45,364 | INFO | AuthAPI | POST Request -> https://practice.expandtesting.com/notes/api/users/login
2026-05-07 11:24:45,364 | INFO | AuthAPI | Payload -> {'email': 'raghu1@gmail.com', 'password': 'raghu1'}
2026-05-07 11:24:45,365 | INFO | AuthAPI | POST Request -> https://practice.expandtesting.com/notes/api/users/login
2026-05-07 11:24:45,365 | INFO | AuthAPI | POST Request -> https://practice.expandtesting.com/notes/api/users/login
2026-05-07 11:24:45,365 | INFO | AuthAPI | Payload -> {'email': 'raghu1@gmail.com', 'password': 'raghu1'}
2026-05-07 11:24:45,365 | INFO | AuthAPI | Payload -> {'email': 'raghu1@gmail.com', 'password': 'raghu1'}
2026-05-07 11:24:46,188 | INFO | AuthAPI | Response Status -> 400
2026-05-07 11:24:46,195 | INFO | AuthAPI | POST Request -> https://practice.expandtesting.com/notes/api/users/login
2026-05-07 11:24:46,195 | INFO | AuthAPI | Payload -> {'email': 'raghu1@gmail.com', 'password': 'raghu1'}
2026-05-07 11:24:46,200 | INFO | AuthAPI | Response Status -> 200
2026-05-07 11:24:46,206 | INFO | AuthAPI | POST Request -> https://practice.expandtesting.com/notes/api/users/login
2026-05-07 11:24:46,206 | INFO | AuthAPI | Payload -> {'email': 'wrong@test.com', 'password': 'wrongpass'}
2026-05-07 11:24:46,283 | INFO | AuthAPI | Response Status -> 200
2026-05-07 11:24:46,285 | INFO | NotesAPI | DELETE Request -> https://practice.expandtesting.com/notes/api/notes/123456789
2026-05-07 11:24:46,412 | INFO | AuthAPI | Response Status -> 200
2026-05-07 11:24:46,414 | INFO | NotesAPI | POST Request -> https://practice.expandtesting.com/notes/api/notes
2026-05-07 11:24:46,414 | INFO | NotesAPI | Payload -> {'title': 'DELETE-4745c780-1dd0-457d-ae2b-e7777ec67a71', 'description': 'Delete Description', 'category': 'Work'}
2026-05-07 11:24:46,589 | INFO | AuthAPI | Response Status -> 200
2026-05-07 11:24:46,591 | INFO | NotesAPI | POST Request -> https://practice.expandtesting.com/notes/api/notes
2026-05-07 11:24:46,591 | INFO | NotesAPI | Payload -> {'title': 'Title', 'description': '', 'category': 'Home'}
2026-05-07 11:24:46,620 | INFO | AuthAPI | Response Status -> 200
2026-05-07 11:24:46,622 | INFO | NotesAPI | GET Request -> https://practice.expandtesting.com/notes/api/notes
2026-05-07 11:24:46,835 | INFO | AuthAPI | Response Status -> 200
2026-05-07 11:24:46,837 | INFO | NotesAPI | POST Request -> https://practice.expandtesting.com/notes/api/notes
2026-05-07 11:24:46,837 | INFO | NotesAPI | Payload -> {'title': 'API-b14bc87e-103f-4de2-b242-664d120d607f', 'description': 'API Automation Description', 'category': 'Home'}
2026-05-07 11:24:46,838 | INFO | conftest | Launching Chrome browser
2026-05-07 11:24:46,897 | INFO | NotesAPI | Response Status -> 400
2026-05-07 11:24:46,899 | INFO | AuthAPI | POST Request -> https://practice.expandtesting.com/notes/api/users/login
2026-05-07 11:24:46,900 | INFO | AuthAPI | Payload -> {'email': 'raghu1@gmail.com', 'password': 'raghu1'}
2026-05-07 11:24:46,984 | INFO | NotesAPI | Response Status -> 200
2026-05-07 11:24:46,984 | INFO | NotesAPI | DELETE Request -> https://practice.expandtesting.com/notes/api/notes/69fc292881124e02985c48c1
2026-05-07 11:24:47,172 | INFO | NotesAPI | Response Status -> 400
2026-05-07 11:24:47,174 | INFO | conftest | Launching Chrome browser
2026-05-07 11:24:47,458 | INFO | NotesAPI | Response Status -> 200
2026-05-07 11:24:47,465 | INFO | NotesAPI | GET Request -> https://practice.expandtesting.com/notes/api/notes
2026-05-07 11:24:47,476 | INFO | NotesAPI | Response Status -> 200
2026-05-07 11:24:47,479 | INFO | conftest | Launching Chrome browser
2026-05-07 11:24:47,598 | INFO | AuthAPI | Response Status -> 200
2026-05-07 11:24:47,600 | INFO | NotesAPI | POST Request -> https://practice.expandtesting.com/notes/api/notes
2026-05-07 11:24:47,600 | INFO | NotesAPI | Payload -> {'title': '', 'description': 'Description', 'category': 'Home'}
2026-05-07 11:24:47,611 | INFO | NotesAPI | Response Status -> 200
2026-05-07 11:24:47,611 | INFO | NotesAPI | GET Request -> https://practice.expandtesting.com/notes/api/notes
2026-05-07 11:24:48,043 | INFO | NotesAPI | Response Status -> 401
2026-05-07 11:24:48,045 | INFO | conftest | Launching Chrome browser
2026-05-07 11:24:48,211 | INFO | NotesAPI | Response Status -> 400
2026-05-07 11:24:48,216 | INFO | conftest | Launching Chrome browser
2026-05-07 11:24:48,243 | INFO | NotesAPI | Response Status -> 200
2026-05-07 11:24:48,249 | INFO | AuthAPI | POST Request -> https://practice.expandtesting.com/notes/api/users/login
2026-05-07 11:24:48,249 | INFO | AuthAPI | Payload -> {'email': 'raghu1@gmail.com', 'password': 'raghu1'}
2026-05-07 11:24:48,969 | INFO | AuthAPI | Response Status -> 200
2026-05-07 11:24:48,978 | INFO | test_get_notes | Starting test_get_all_notes
2026-05-07 11:24:48,978 | INFO | NotesAPI | GET Request -> https://practice.expandtesting.com/notes/api/notes
2026-05-07 11:24:49,720 | INFO | conftest | Performing login fixture setup
2026-05-07 11:24:49,887 | INFO | NotesAPI | Response Status -> 200
2026-05-07 11:24:49,888 | INFO | test_get_notes | Response received: 200
2026-05-07 11:24:49,888 | INFO | test_get_notes | test_get_all_notes PASSED
2026-05-07 11:24:51,016 | INFO | conftest | Performing login fixture setup
2026-05-07 11:24:51,967 | INFO | LoginPage | Attempting login with email: raghu1@gmail.com
2026-05-07 11:24:51,967 | INFO | LoginPage | Typing 'raghu1@gmail.com' into element: ('id', 'email')
2026-05-07 11:24:54,989 | INFO | LoginPage | Typing 'raghu1' into element: ('id', 'password')
2026-05-07 11:24:55,067 | INFO | conftest | Performing login fixture setup
2026-05-07 11:24:55,440 | INFO | LoginPage | Login button clicked
2026-05-07 11:24:55,440 | INFO | conftest | Login fixture completed
2026-05-07 11:24:55,444 | INFO | NotesPage | Creating note | Title: Automation-cf237475-48f1-4883-9458-dfffa69a8a07
2026-05-07 11:24:55,444 | INFO | NotesPage | Clicking Add Note button
2026-05-07 11:24:56,683 | INFO | NotesPage | Entering title: Automation-cf237475-48f1-4883-9458-dfffa69a8a07
2026-05-07 11:24:56,684 | INFO | NotesPage | Typing 'Automation-cf237475-48f1-4883-9458-dfffa69a8a07' into element: ('id', 'title')
2026-05-07 11:24:57,091 | INFO | NotesPage | Entering description
2026-05-07 11:24:57,091 | INFO | NotesPage | Typing 'This is automation testing' into element: ('id', 'description')
2026-05-07 11:24:57,328 | INFO | NotesPage | Selecting category: Home
2026-05-07 11:24:57,508 | INFO | NotesPage | Clicking Create button
2026-05-07 11:24:57,578 | INFO | NotesPage | Checking if note exists: Automation-cf237475-48f1-4883-9458-dfffa69a8a07
2026-05-07 11:25:00,030 | WARNING | NotesPage | Stale element detected. Retrying...
2026-05-07 11:25:01,905 | INFO | NotesPage | Note created successfully | Title: Automation-cf237475-48f1-4883-9458-dfffa69a8a07
2026-05-07 11:25:01,905 | INFO | NotesPage | Checking if note exists: Automation-cf237475-48f1-4883-9458-dfffa69a8a07
2026-05-07 11:25:03,282 | INFO | NotesPage | Note found: Automation-cf237475-48f1-4883-9458-dfffa69a8a07
2026-05-07 11:25:03,284 | INFO | conftest | Closing browser
2026-05-07 11:25:05,629 | INFO | conftest | Launching Chrome browser
2026-05-07 11:25:12,829 | INFO | conftest | Performing login fixture setup
2026-05-07 11:25:14,526 | INFO | LoginPage | Attempting login with email: 
2026-05-07 11:25:14,527 | INFO | LoginPage | Typing '' into element: ('id', 'email')
2026-05-07 11:25:19,476 | INFO | LoginPage | Attempting login with email: raghu1@gmail.com
2026-05-07 11:25:19,477 | INFO | LoginPage | Typing 'raghu1@gmail.com' into element: ('id', 'email')
2026-05-07 11:25:20,027 | INFO | LoginPage | Typing 'raghu1' into element: ('id', 'password')
2026-05-07 11:25:21,153 | INFO | LoginPage | Login button clicked
2026-05-07 11:25:21,154 | INFO | LoginPage | Validating login success
2026-05-07 11:25:21,291 | INFO | LoginPage | Attempting login with email: raghu1@gmail.com
2026-05-07 11:25:21,291 | INFO | LoginPage | Typing 'raghu1@gmail.com' into element: ('id', 'email')
2026-05-07 11:25:21,793 | INFO | conftest | Closing browser
2026-05-07 11:25:22,027 | INFO | LoginPage | Typing 'raghu1' into element: ('id', 'password')
2026-05-07 11:25:24,749 | INFO | LoginPage | Login button clicked
2026-05-07 11:25:24,750 | INFO | conftest | Login fixture completed
2026-05-07 11:25:24,752 | INFO | AuthAPI | POST Request -> https://practice.expandtesting.com/notes/api/users/login
2026-05-07 11:25:24,752 | INFO | AuthAPI | Payload -> {'email': 'raghu1@gmail.com', 'password': 'raghu1'}
2026-05-07 11:25:26,718 | INFO | AuthAPI | Response Status -> 200
2026-05-07 11:25:26,725 | INFO | test_api_to_ui_validation | STARTING E2E TEST: API -> UI
2026-05-07 11:25:26,725 | INFO | test_api_to_ui_validation | Creating note via UI | Title: DELETE-ef93476a-5a70-416e-ae80-5164ae0347af
2026-05-07 11:25:26,726 | INFO | NotesPage | Creating note | Title: DELETE-ef93476a-5a70-416e-ae80-5164ae0347af
2026-05-07 11:25:26,726 | INFO | NotesPage | Clicking Add Note button
2026-05-07 11:25:27,050 | INFO | NotesPage | Entering title: DELETE-ef93476a-5a70-416e-ae80-5164ae0347af
2026-05-07 11:25:27,050 | INFO | NotesPage | Typing 'DELETE-ef93476a-5a70-416e-ae80-5164ae0347af' into element: ('id', 'title')
2026-05-07 11:25:27,547 | INFO | NotesPage | Entering description
2026-05-07 11:25:27,547 | INFO | NotesPage | Typing 'Delete validation' into element: ('id', 'description')
2026-05-07 11:25:27,877 | INFO | NotesPage | Selecting category: Work
2026-05-07 11:25:28,233 | INFO | NotesPage | Clicking Create button
2026-05-07 11:25:28,404 | INFO | NotesPage | Checking if note exists: DELETE-ef93476a-5a70-416e-ae80-5164ae0347af
2026-05-07 11:25:32,672 | WARNING | NotesPage | Stale element detected. Retrying...
2026-05-07 11:25:34,709 | INFO | NotesPage | Note created successfully | Title: DELETE-ef93476a-5a70-416e-ae80-5164ae0347af
2026-05-07 11:25:34,709 | INFO | test_api_to_ui_validation | Note created successfully
2026-05-07 11:25:34,710 | INFO | NotesPage | Checking if note exists: DELETE-ef93476a-5a70-416e-ae80-5164ae0347af
2026-05-07 11:25:35,468 | INFO | LoginPage | Attempting login with email: raghu1@gmail.com
2026-05-07 11:25:35,468 | INFO | LoginPage | Typing 'raghu1@gmail.com' into element: ('id', 'email')
2026-05-07 11:25:35,782 | INFO | LoginPage | Typing 'raghu1' into element: ('id', 'password')
2026-05-07 11:25:36,115 | INFO | LoginPage | Login button clicked
2026-05-07 11:25:36,116 | INFO | conftest | Login fixture completed
2026-05-07 11:25:36,118 | INFO | AuthAPI | POST Request -> https://practice.expandtesting.com/notes/api/users/login
2026-05-07 11:25:36,120 | INFO | AuthAPI | Payload -> {'email': 'raghu1@gmail.com', 'password': 'raghu1'}
2026-05-07 11:25:36,689 | INFO | LoginPage | Typing 'Password123' into element: ('id', 'password')
2026-05-07 11:25:36,703 | INFO | NotesPage | Note found: DELETE-ef93476a-5a70-416e-ae80-5164ae0347af
2026-05-07 11:25:36,703 | INFO | test_api_to_ui_validation | Note created and visible in UI
2026-05-07 11:25:36,704 | INFO | NotesAPI | GET Request -> https://practice.expandtesting.com/notes/api/notes
2026-05-07 11:25:37,203 | INFO | LoginPage | Login button clicked
2026-05-07 11:25:37,522 | INFO | AuthAPI | Response Status -> 200
2026-05-07 11:25:37,526 | INFO | test_ui_to_api_validation | STARTING E2E TEST: UI -> API
2026-05-07 11:25:37,526 | INFO | test_ui_to_api_validation | Creating note from UI | Title: E2E-9f16d467-634a-4644-ba96-29b832807085
2026-05-07 11:25:37,527 | INFO | NotesPage | Creating note | Title: E2E-9f16d467-634a-4644-ba96-29b832807085
2026-05-07 11:25:37,527 | INFO | NotesPage | Clicking Add Note button
2026-05-07 11:25:37,691 | INFO | NotesPage | Entering title: E2E-9f16d467-634a-4644-ba96-29b832807085
2026-05-07 11:25:37,692 | INFO | NotesPage | Typing 'E2E-9f16d467-634a-4644-ba96-29b832807085' into element: ('id', 'title')
2026-05-07 11:25:37,930 | INFO | NotesPage | Entering description
2026-05-07 11:25:37,930 | INFO | NotesPage | Typing 'Hybrid UI API Validation' into element: ('id', 'description')
2026-05-07 11:25:37,951 | INFO | NotesAPI | Response Status -> 200
2026-05-07 11:25:37,952 | INFO | test_api_to_ui_validation | GET Notes Status: 200
2026-05-07 11:25:37,953 | INFO | test_api_to_ui_validation | Located Note ID: 69fc295281124e02985c4987
2026-05-07 11:25:37,953 | INFO | test_api_to_ui_validation | Deleting note via API | ID: 69fc295281124e02985c4987
2026-05-07 11:25:37,954 | INFO | NotesAPI | DELETE Request -> https://practice.expandtesting.com/notes/api/notes/69fc295281124e02985c4987
2026-05-07 11:25:38,120 | INFO | NotesPage | Selecting category: Home
2026-05-07 11:25:38,315 | INFO | NotesPage | Clicking Create button
2026-05-07 11:25:38,400 | INFO | NotesPage | Checking if note exists: E2E-9f16d467-634a-4644-ba96-29b832807085
2026-05-07 11:25:38,943 | INFO | NotesAPI | Response Status -> 200
2026-05-07 11:25:38,943 | INFO | test_api_to_ui_validation | Delete Status: 200
2026-05-07 11:25:38,944 | INFO | test_api_to_ui_validation | Refreshing UI page
2026-05-07 11:25:38,944 | INFO | NotesPage | Refreshing browser page
2026-05-07 11:25:40,479 | INFO | conftest | Launching Chrome browser
2026-05-07 11:25:42,013 | WARNING | NotesPage | Stale element detected. Retrying...
2026-05-07 11:25:42,406 | INFO | conftest | Closing browser
2026-05-07 11:25:42,501 | INFO | LoginPage | Attempting login with email: raghu1@gmail.com
2026-05-07 11:25:42,502 | INFO | LoginPage | Typing 'raghu1@gmail.com' into element: ('id', 'email')
2026-05-07 11:25:42,631 | INFO | LoginPage | Typing 'raghu1' into element: ('id', 'password')
2026-05-07 11:25:42,809 | INFO | LoginPage | Login button clicked
2026-05-07 11:25:42,809 | INFO | conftest | Login fixture completed
2026-05-07 11:25:42,812 | INFO | NotesPage | Creating note | Title: Instant-66643e14-e080-48ed-bf4a-f1d8a5d82f82
2026-05-07 11:25:42,812 | INFO | NotesPage | Clicking Add Note button
2026-05-07 11:25:43,303 | INFO | NotesPage | Checking if note exists: DELETE-ef93476a-5a70-416e-ae80-5164ae0347af
2026-05-07 11:25:43,640 | INFO | NotesPage | Note created successfully | Title: E2E-9f16d467-634a-4644-ba96-29b832807085
2026-05-07 11:25:43,641 | INFO | test_ui_to_api_validation | Note creation completed
2026-05-07 11:25:43,641 | INFO | NotesPage | Checking if note exists: E2E-9f16d467-634a-4644-ba96-29b832807085
2026-05-07 11:25:43,725 | INFO | NotesPage | Entering title: Instant-66643e14-e080-48ed-bf4a-f1d8a5d82f82
2026-05-07 11:25:43,725 | INFO | NotesPage | Typing 'Instant-66643e14-e080-48ed-bf4a-f1d8a5d82f82' into element: ('id', 'title')
2026-05-07 11:25:43,871 | INFO | NotesPage | Entering description
2026-05-07 11:25:43,871 | INFO | NotesPage | Typing 'DOM validation' into element: ('id', 'description')
2026-05-07 11:25:43,960 | INFO | NotesPage | Selecting category: Work
2026-05-07 11:25:44,093 | INFO | NotesPage | Clicking Create button
2026-05-07 11:25:44,148 | INFO | NotesPage | Checking if note exists: Instant-66643e14-e080-48ed-bf4a-f1d8a5d82f82
2026-05-07 11:25:44,881 | WARNING | NotesPage | Note NOT found: DELETE-ef93476a-5a70-416e-ae80-5164ae0347af
2026-05-07 11:25:44,881 | INFO | test_api_to_ui_validation | Deleted note removed from UI successfully
2026-05-07 11:25:44,881 | INFO | test_api_to_ui_validation | E2E API -> UI validation PASSED
2026-05-07 11:25:44,886 | INFO | conftest | Closing browser
2026-05-07 11:25:45,080 | INFO | NotesPage | Note found: E2E-9f16d467-634a-4644-ba96-29b832807085
2026-05-07 11:25:45,081 | INFO | test_ui_to_api_validation | Note visible in UI successfully
2026-05-07 11:25:45,081 | INFO | test_ui_to_api_validation | Calling GET /notes API
2026-05-07 11:25:45,081 | INFO | NotesAPI | GET Request -> https://practice.expandtesting.com/notes/api/notes
2026-05-07 11:25:45,651 | INFO | conftest | Performing login fixture setup
2026-05-07 11:25:46,354 | INFO | NotesAPI | Response Status -> 200
2026-05-07 11:25:46,354 | INFO | test_ui_to_api_validation | API Response Status: 200
2026-05-07 11:25:46,355 | INFO | test_ui_to_api_validation | API Response Time: 1.268468
2026-05-07 11:25:46,356 | INFO | test_ui_to_api_validation | Total Notes Returned: 103
2026-05-07 11:25:46,356 | INFO | test_ui_to_api_validation | Matched Note: {'id': '69fc295c81124e02985c49b5', 'title': 'E2E-9f16d467-634a-4644-ba96-29b832807085', 'description': 'Hybrid UI API Validation', 'category': 'Home', 'completed': False, 'created_at': '2026-05-07T05:55:40.180Z', 'updated_at': '2026-05-07T05:55:40.180Z', 'user_id': '69fb505d81124e02985b5b90'}
2026-05-07 11:25:46,356 | INFO | test_ui_to_api_validation | E2E UI -> API validation PASSED
2026-05-07 11:25:46,374 | INFO | conftest | Closing browser
2026-05-07 11:25:46,459 | WARNING | NotesPage | Stale element detected. Retrying...
2026-05-07 11:25:47,449 | INFO | conftest | Launching Chrome browser
2026-05-07 11:25:48,102 | INFO | NotesPage | Note created successfully | Title: Instant-66643e14-e080-48ed-bf4a-f1d8a5d82f82
2026-05-07 11:25:48,102 | INFO | NotesPage | Checking if note exists: Instant-66643e14-e080-48ed-bf4a-f1d8a5d82f82
2026-05-07 11:25:48,177 | INFO | conftest | Launching Chrome browser
2026-05-07 11:25:49,044 | INFO | conftest | Launching Chrome browser
2026-05-07 11:25:49,715 | INFO | NotesPage | Note found: Instant-66643e14-e080-48ed-bf4a-f1d8a5d82f82
2026-05-07 11:25:49,717 | INFO | conftest | Closing browser
2026-05-07 11:25:52,183 | INFO | conftest | Performing login fixture setup
2026-05-07 11:25:56,581 | INFO | LoginPage | Attempting login with email: raghu1@gmail.com
2026-05-07 11:25:56,581 | INFO | LoginPage | Typing 'raghu1@gmail.com' into element: ('id', 'email')
2026-05-07 11:25:56,866 | INFO | LoginPage | Typing 'raghu1' into element: ('id', 'password')
2026-05-07 11:25:57,233 | INFO | LoginPage | Login button clicked
2026-05-07 11:25:57,234 | INFO | conftest | Login fixture completed
2026-05-07 11:25:57,237 | INFO | NotesPage | Clicking Add Note button
2026-05-07 11:25:58,470 | INFO | NotesPage | Entering description
2026-05-07 11:25:58,471 | INFO | NotesPage | Typing 'Missing title' into element: ('id', 'description')
2026-05-07 11:25:58,714 | INFO | NotesPage | Selecting category: Home
2026-05-07 11:25:58,857 | INFO | NotesPage | Clicking Create button
2026-05-07 11:25:58,981 | INFO | NotesPage | Fetching validation errors
2026-05-07 11:25:59,153 | INFO | conftest | Closing browser
2026-05-07 11:26:10,679 | INFO | LoginPage | Attempting login with email: raghu1@gmail.com
2026-05-07 11:26:10,680 | INFO | LoginPage | Typing 'raghu1@gmail.com' into element: ('id', 'email')
2026-05-07 11:26:10,914 | INFO | LoginPage | Typing 'raghu1' into element: ('id', 'password')
2026-05-07 11:26:11,241 | INFO | LoginPage | Login button clicked
2026-05-07 11:26:11,241 | INFO | conftest | Login fixture completed
2026-05-07 11:26:11,245 | INFO | NotesPage | Clicking Add Note button
2026-05-07 11:26:12,544 | INFO | NotesPage | Entering title: Negative-26c861c9-6580-4d18-bdd1-93a94df21ca9
2026-05-07 11:26:12,545 | INFO | NotesPage | Typing 'Negative-26c861c9-6580-4d18-bdd1-93a94df21ca9' into element: ('id', 'title')
2026-05-07 11:26:12,894 | INFO | NotesPage | Selecting category: Work
2026-05-07 11:26:13,032 | INFO | NotesPage | Clicking Create button
2026-05-07 11:26:13,131 | INFO | NotesPage | Fetching validation errors
2026-05-07 11:26:13,233 | INFO | conftest | Closing browser
2026-05-07 11:26:16,050 | INFO | LoginPage | Attempting login with email: 
2026-05-07 11:26:16,051 | INFO | LoginPage | Typing '' into element: ('id', 'email')
2026-05-07 11:26:18,452 | INFO | LoginPage | Typing '' into element: ('id', 'password')
2026-05-07 11:26:18,560 | INFO | LoginPage | Login button clicked
2026-05-07 11:26:23,575 | INFO | LoginPage | Attempting login with email: wrong@test.com
2026-05-07 11:26:23,576 | INFO | LoginPage | Typing 'wrong@test.com' into element: ('id', 'email')
2026-05-07 11:26:23,749 | INFO | conftest | Closing browser
2026-05-07 11:26:25,762 | INFO | LoginPage | Typing 'Password123' into element: ('id', 'password')
2026-05-07 11:26:25,956 | INFO | LoginPage | Login button clicked
2026-05-07 11:26:26,499 | INFO | conftest | Closing browser
2026-05-07 11:32:37,813 | INFO | AuthAPI | POST Request -> https://practice.expandtesting.com/notes/api/users/login
2026-05-07 11:32:37,813 | INFO | AuthAPI | Payload -> {'email': 'raghu1@gmail.com', 'password': 'raghu1'}
2026-05-07 11:32:38,559 | INFO | AuthAPI | Response Status -> 200
2026-05-07 11:32:38,564 | INFO | AuthAPI | POST Request -> https://practice.expandtesting.com/notes/api/users/login
2026-05-07 11:32:38,564 | INFO | AuthAPI | Payload -> {'email': 'wrong@test.com', 'password': 'wrongpass'}
2026-05-07 11:32:39,159 | INFO | AuthAPI | Response Status -> 401
2026-05-07 11:32:39,165 | INFO | AuthAPI | POST Request -> https://practice.expandtesting.com/notes/api/users/login
2026-05-07 11:32:39,165 | INFO | AuthAPI | Payload -> {'email': '', 'password': ''}
2026-05-07 11:32:39,786 | INFO | AuthAPI | Response Status -> 400
2026-05-07 11:32:39,793 | INFO | AuthAPI | POST Request -> https://practice.expandtesting.com/notes/api/users/login
2026-05-07 11:32:39,793 | INFO | AuthAPI | Payload -> {'email': 'raghu1@gmail.com', 'password': 'raghu1'}
2026-05-07 11:32:40,448 | INFO | AuthAPI | Response Status -> 200
2026-05-07 11:32:40,451 | INFO | NotesAPI | POST Request -> https://practice.expandtesting.com/notes/api/notes
2026-05-07 11:32:40,451 | INFO | NotesAPI | Payload -> {'title': 'API-9a53ccb9-c316-458e-87b2-fde8ea262c4a', 'description': 'API Automation Description', 'category': 'Home'}
2026-05-07 11:32:41,099 | INFO | NotesAPI | Response Status -> 200
2026-05-07 11:32:41,105 | INFO | AuthAPI | POST Request -> https://practice.expandtesting.com/notes/api/users/login
2026-05-07 11:32:41,105 | INFO | AuthAPI | Payload -> {'email': 'raghu1@gmail.com', 'password': 'raghu1'}
2026-05-07 11:32:41,915 | INFO | AuthAPI | Response Status -> 200
2026-05-07 11:32:41,916 | INFO | NotesAPI | POST Request -> https://practice.expandtesting.com/notes/api/notes
2026-05-07 11:32:41,916 | INFO | NotesAPI | Payload -> {'title': 'DELETE-fe61018f-49ad-4b49-938d-8fa45d97e196', 'description': 'Delete Description', 'category': 'Work'}
2026-05-07 11:32:42,483 | INFO | NotesAPI | Response Status -> 200
2026-05-07 11:32:42,483 | INFO | NotesAPI | DELETE Request -> https://practice.expandtesting.com/notes/api/notes/69fc2b0381124e02985c5204
2026-05-07 11:32:43,045 | INFO | NotesAPI | Response Status -> 200
2026-05-07 11:32:43,046 | INFO | NotesAPI | GET Request -> https://practice.expandtesting.com/notes/api/notes
2026-05-07 11:32:43,920 | INFO | NotesAPI | Response Status -> 200
2026-05-07 11:32:43,931 | INFO | AuthAPI | POST Request -> https://practice.expandtesting.com/notes/api/users/login
2026-05-07 11:32:43,932 | INFO | AuthAPI | Payload -> {'email': 'raghu1@gmail.com', 'password': 'raghu1'}
2026-05-07 11:32:44,581 | INFO | AuthAPI | Response Status -> 200
2026-05-07 11:32:44,584 | INFO | test_get_notes | Starting test_get_all_notes
2026-05-07 11:32:44,584 | INFO | NotesAPI | GET Request -> https://practice.expandtesting.com/notes/api/notes
2026-05-07 11:32:45,472 | INFO | NotesAPI | Response Status -> 200
2026-05-07 11:32:45,473 | INFO | test_get_notes | Response received: 200
2026-05-07 11:32:45,473 | INFO | test_get_notes | test_get_all_notes PASSED
2026-05-07 11:32:45,478 | INFO | AuthAPI | POST Request -> https://practice.expandtesting.com/notes/api/users/login
2026-05-07 11:32:45,478 | INFO | AuthAPI | Payload -> {'email': 'raghu1@gmail.com', 'password': 'raghu1'}
2026-05-07 11:32:46,528 | INFO | AuthAPI | Response Status -> 200
2026-05-07 11:32:46,532 | INFO | NotesAPI | GET Request -> https://practice.expandtesting.com/notes/api/notes
2026-05-07 11:32:47,095 | INFO | NotesAPI | Response Status -> 200
2026-05-07 11:32:47,102 | INFO | NotesAPI | GET Request -> https://practice.expandtesting.com/notes/api/notes
2026-05-07 11:32:47,863 | INFO | NotesAPI | Response Status -> 401
2026-05-07 11:32:47,869 | INFO | AuthAPI | POST Request -> https://practice.expandtesting.com/notes/api/users/login
2026-05-07 11:32:47,869 | INFO | AuthAPI | Payload -> {'email': 'raghu1@gmail.com', 'password': 'raghu1'}
2026-05-07 11:32:48,537 | INFO | AuthAPI | Response Status -> 200
2026-05-07 11:32:48,540 | INFO | NotesAPI | DELETE Request -> https://practice.expandtesting.com/notes/api/notes/123456789
2026-05-07 11:32:49,153 | INFO | NotesAPI | Response Status -> 400
2026-05-07 11:32:49,158 | INFO | AuthAPI | POST Request -> https://practice.expandtesting.com/notes/api/users/login
2026-05-07 11:32:49,159 | INFO | AuthAPI | Payload -> {'email': 'raghu1@gmail.com', 'password': 'raghu1'}
2026-05-07 11:32:49,760 | INFO | AuthAPI | Response Status -> 200
2026-05-07 11:32:49,764 | INFO | NotesAPI | POST Request -> https://practice.expandtesting.com/notes/api/notes
2026-05-07 11:32:49,764 | INFO | NotesAPI | Payload -> {'title': '', 'description': 'Description', 'category': 'Home'}
2026-05-07 11:32:50,515 | INFO | NotesAPI | Response Status -> 400
2026-05-07 11:32:50,521 | INFO | AuthAPI | POST Request -> https://practice.expandtesting.com/notes/api/users/login
2026-05-07 11:32:50,521 | INFO | AuthAPI | Payload -> {'email': 'raghu1@gmail.com', 'password': 'raghu1'}
2026-05-07 11:32:51,112 | INFO | AuthAPI | Response Status -> 200
2026-05-07 11:32:51,115 | INFO | NotesAPI | POST Request -> https://practice.expandtesting.com/notes/api/notes
2026-05-07 11:32:51,115 | INFO | NotesAPI | Payload -> {'title': 'Title', 'description': '', 'category': 'Home'}
2026-05-07 11:32:51,618 | INFO | NotesAPI | Response Status -> 400
2026-05-07 11:32:51,623 | INFO | conftest | Launching Chrome browser
2026-05-07 11:32:51,629 | INFO | conftest | Running tests locally
2026-05-07 11:32:56,919 | INFO | conftest | Launching Chrome browser
2026-05-07 11:32:56,920 | INFO | conftest | Running tests locally
2026-05-07 11:33:01,719 | INFO | conftest | Launching Chrome browser
2026-05-07 11:33:01,720 | INFO | conftest | Running tests locally
2026-05-07 11:33:06,359 | INFO | conftest | Launching Chrome browser
2026-05-07 11:33:06,359 | INFO | conftest | Running tests locally
2026-05-07 11:33:11,052 | INFO | conftest | Launching Chrome browser
2026-05-07 11:33:11,052 | INFO | conftest | Running tests locally
2026-05-07 11:33:15,969 | INFO | conftest | Launching Chrome browser
2026-05-07 11:33:15,969 | INFO | conftest | Running tests locally
2026-05-07 11:33:20,637 | INFO | conftest | Launching Chrome browser
2026-05-07 11:33:20,637 | INFO | conftest | Running tests locally
2026-05-07 11:33:25,288 | INFO | conftest | Launching Chrome browser
2026-05-07 11:33:25,288 | INFO | conftest | Running tests locally
2026-05-07 11:33:29,977 | INFO | conftest | Launching Chrome browser
2026-05-07 11:33:29,977 | INFO | conftest | Running tests locally
2026-05-07 11:33:34,742 | INFO | conftest | Launching Chrome browser
2026-05-07 11:33:34,742 | INFO | conftest | Running tests locally
2026-05-07 11:40:17,221 | INFO | AuthAPI | POST Request -> https://practice.expandtesting.com/notes/api/users/login
2026-05-07 11:40:17,221 | INFO | AuthAPI | Payload -> {'email': 'raghu1@gmail.com', 'password': 'raghu1'}
2026-05-07 11:40:17,919 | INFO | AuthAPI | Response Status -> 200
2026-05-07 11:40:17,926 | INFO | AuthAPI | POST Request -> https://practice.expandtesting.com/notes/api/users/login
2026-05-07 11:40:17,926 | INFO | AuthAPI | Payload -> {'email': 'wrong@test.com', 'password': 'wrongpass'}
2026-05-07 11:40:25,672 | INFO | AuthAPI | Response Status -> 401
2026-05-07 11:40:25,677 | INFO | AuthAPI | POST Request -> https://practice.expandtesting.com/notes/api/users/login
2026-05-07 11:40:25,678 | INFO | AuthAPI | Payload -> {'email': '', 'password': ''}
2026-05-07 11:40:26,504 | INFO | AuthAPI | Response Status -> 400
2026-05-07 11:40:26,507 | INFO | AuthAPI | POST Request -> https://practice.expandtesting.com/notes/api/users/login
2026-05-07 11:40:26,507 | INFO | AuthAPI | Payload -> {'email': 'raghu1@gmail.com', 'password': 'raghu1'}
2026-05-07 11:40:27,093 | INFO | AuthAPI | Response Status -> 200
2026-05-07 11:40:27,097 | INFO | NotesAPI | POST Request -> https://practice.expandtesting.com/notes/api/notes
2026-05-07 11:40:27,097 | INFO | NotesAPI | Payload -> {'title': 'API-bd773f97-2beb-44f3-9813-68ce7ffa6791', 'description': 'API Automation Description', 'category': 'Home'}
2026-05-07 11:40:27,635 | INFO | NotesAPI | Response Status -> 200
2026-05-07 11:40:27,642 | INFO | AuthAPI | POST Request -> https://practice.expandtesting.com/notes/api/users/login
2026-05-07 11:40:27,642 | INFO | AuthAPI | Payload -> {'email': 'raghu1@gmail.com', 'password': 'raghu1'}
2026-05-07 11:40:28,636 | INFO | AuthAPI | Response Status -> 200
2026-05-07 11:40:28,641 | INFO | NotesAPI | POST Request -> https://practice.expandtesting.com/notes/api/notes
2026-05-07 11:40:28,641 | INFO | NotesAPI | Payload -> {'title': 'DELETE-55a08e22-3aaa-408a-be32-6667a3b6a2cf', 'description': 'Delete Description', 'category': 'Work'}
2026-05-07 11:40:29,737 | INFO | NotesAPI | Response Status -> 200
2026-05-07 11:40:29,738 | INFO | NotesAPI | DELETE Request -> https://practice.expandtesting.com/notes/api/notes/69fc2cd781124e02985c57c9
2026-05-07 11:40:30,678 | INFO | NotesAPI | Response Status -> 200
2026-05-07 11:40:30,678 | INFO | NotesAPI | GET Request -> https://practice.expandtesting.com/notes/api/notes
2026-05-07 11:40:31,605 | INFO | NotesAPI | Response Status -> 200
2026-05-07 11:40:31,619 | INFO | AuthAPI | POST Request -> https://practice.expandtesting.com/notes/api/users/login
2026-05-07 11:40:31,619 | INFO | AuthAPI | Payload -> {'email': 'raghu1@gmail.com', 'password': 'raghu1'}
2026-05-07 11:40:32,629 | INFO | AuthAPI | Response Status -> 200
2026-05-07 11:40:32,631 | INFO | test_get_notes | Starting test_get_all_notes
2026-05-07 11:40:32,631 | INFO | NotesAPI | GET Request -> https://practice.expandtesting.com/notes/api/notes
2026-05-07 11:40:33,554 | INFO | NotesAPI | Response Status -> 200
2026-05-07 11:40:33,555 | INFO | test_get_notes | Response received: 200
2026-05-07 11:40:33,555 | INFO | test_get_notes | test_get_all_notes PASSED
2026-05-07 11:40:33,562 | INFO | AuthAPI | POST Request -> https://practice.expandtesting.com/notes/api/users/login
2026-05-07 11:40:33,563 | INFO | AuthAPI | Payload -> {'email': 'raghu1@gmail.com', 'password': 'raghu1'}
2026-05-07 11:40:34,585 | INFO | AuthAPI | Response Status -> 200
2026-05-07 11:40:34,589 | INFO | NotesAPI | GET Request -> https://practice.expandtesting.com/notes/api/notes
2026-05-07 11:40:35,525 | INFO | NotesAPI | Response Status -> 200
2026-05-07 11:40:35,533 | INFO | NotesAPI | GET Request -> https://practice.expandtesting.com/notes/api/notes
2026-05-07 11:40:36,924 | INFO | NotesAPI | Response Status -> 401
2026-05-07 11:40:36,932 | INFO | AuthAPI | POST Request -> https://practice.expandtesting.com/notes/api/users/login
2026-05-07 11:40:36,933 | INFO | AuthAPI | Payload -> {'email': 'raghu1@gmail.com', 'password': 'raghu1'}
2026-05-07 11:40:38,036 | INFO | AuthAPI | Response Status -> 200
2026-05-07 11:40:38,040 | INFO | NotesAPI | DELETE Request -> https://practice.expandtesting.com/notes/api/notes/123456789
2026-05-07 11:40:39,008 | INFO | NotesAPI | Response Status -> 400
2026-05-07 11:40:39,017 | INFO | AuthAPI | POST Request -> https://practice.expandtesting.com/notes/api/users/login
2026-05-07 11:40:39,018 | INFO | AuthAPI | Payload -> {'email': 'raghu1@gmail.com', 'password': 'raghu1'}
2026-05-07 11:40:40,099 | INFO | AuthAPI | Response Status -> 200
2026-05-07 11:40:40,104 | INFO | NotesAPI | POST Request -> https://practice.expandtesting.com/notes/api/notes
2026-05-07 11:40:40,105 | INFO | NotesAPI | Payload -> {'title': '', 'description': 'Description', 'category': 'Home'}
2026-05-07 11:40:41,246 | INFO | NotesAPI | Response Status -> 400
2026-05-07 11:40:41,251 | INFO | AuthAPI | POST Request -> https://practice.expandtesting.com/notes/api/users/login
2026-05-07 11:40:41,252 | INFO | AuthAPI | Payload -> {'email': 'raghu1@gmail.com', 'password': 'raghu1'}
2026-05-07 11:40:42,499 | INFO | AuthAPI | Response Status -> 200
2026-05-07 11:40:42,502 | INFO | NotesAPI | POST Request -> https://practice.expandtesting.com/notes/api/notes
2026-05-07 11:40:42,502 | INFO | NotesAPI | Payload -> {'title': 'Title', 'description': '', 'category': 'Home'}
2026-05-07 11:40:43,380 | INFO | NotesAPI | Response Status -> 400
2026-05-07 11:40:43,385 | INFO | conftest | Launching Chrome browser
2026-05-07 11:40:43,410 | INFO | conftest | Running tests locally
2026-05-07 11:40:46,556 | INFO | conftest | Performing login fixture setup
2026-05-07 11:40:51,322 | INFO | LoginPage | Attempting login with email: raghu1@gmail.com
2026-05-07 11:40:51,322 | INFO | LoginPage | Typing 'raghu1@gmail.com' into element: ('id', 'email')
2026-05-07 11:40:51,458 | INFO | LoginPage | Typing 'raghu1' into element: ('id', 'password')
2026-05-07 11:40:51,581 | INFO | LoginPage | Login button clicked
2026-05-07 11:40:51,581 | INFO | conftest | Login fixture completed
2026-05-07 11:40:51,584 | INFO | AuthAPI | POST Request -> https://practice.expandtesting.com/notes/api/users/login
2026-05-07 11:40:51,584 | INFO | AuthAPI | Payload -> {'email': 'raghu1@gmail.com', 'password': 'raghu1'}
2026-05-07 11:40:52,632 | INFO | AuthAPI | Response Status -> 200
2026-05-07 11:40:52,636 | INFO | test_api_to_ui_validation | STARTING E2E TEST: API -> UI
2026-05-07 11:40:52,637 | INFO | test_api_to_ui_validation | Creating note via UI | Title: DELETE-031aa0c7-ff16-4620-a086-ad8a5f048906
2026-05-07 11:40:52,637 | INFO | NotesPage | Creating note | Title: DELETE-031aa0c7-ff16-4620-a086-ad8a5f048906
2026-05-07 11:40:52,638 | INFO | NotesPage | Clicking Add Note button
2026-05-07 11:40:52,748 | INFO | NotesPage | Entering title: DELETE-031aa0c7-ff16-4620-a086-ad8a5f048906
2026-05-07 11:40:52,748 | INFO | NotesPage | Typing 'DELETE-031aa0c7-ff16-4620-a086-ad8a5f048906' into element: ('id', 'title')
2026-05-07 11:40:53,009 | INFO | NotesPage | Entering description
2026-05-07 11:40:53,010 | INFO | NotesPage | Typing 'Delete validation' into element: ('id', 'description')
2026-05-07 11:40:53,113 | INFO | NotesPage | Selecting category: Work
2026-05-07 11:40:53,257 | INFO | NotesPage | Clicking Create button
2026-05-07 11:40:53,294 | INFO | NotesPage | Checking if note exists: DELETE-031aa0c7-ff16-4620-a086-ad8a5f048906
2026-05-07 11:40:56,243 | WARNING | NotesPage | Stale element detected. Retrying...
2026-05-07 11:40:57,417 | INFO | NotesPage | Note created successfully | Title: DELETE-031aa0c7-ff16-4620-a086-ad8a5f048906
2026-05-07 11:40:57,417 | INFO | test_api_to_ui_validation | Note created successfully
2026-05-07 11:40:57,417 | INFO | NotesPage | Checking if note exists: DELETE-031aa0c7-ff16-4620-a086-ad8a5f048906
2026-05-07 11:40:57,916 | INFO | NotesPage | Note found: DELETE-031aa0c7-ff16-4620-a086-ad8a5f048906
2026-05-07 11:40:57,916 | INFO | test_api_to_ui_validation | Note created and visible in UI
2026-05-07 11:40:57,916 | INFO | NotesAPI | GET Request -> https://practice.expandtesting.com/notes/api/notes
2026-05-07 11:40:59,160 | INFO | NotesAPI | Response Status -> 200
2026-05-07 11:40:59,160 | INFO | test_api_to_ui_validation | GET Notes Status: 200
2026-05-07 11:40:59,161 | INFO | test_api_to_ui_validation | Located Note ID: 69fc2cef81124e02985c5836
2026-05-07 11:40:59,161 | INFO | test_api_to_ui_validation | Deleting note via API | ID: 69fc2cef81124e02985c5836
2026-05-07 11:40:59,161 | INFO | NotesAPI | DELETE Request -> https://practice.expandtesting.com/notes/api/notes/69fc2cef81124e02985c5836
2026-05-07 11:41:00,386 | INFO | NotesAPI | Response Status -> 200
2026-05-07 11:41:00,386 | INFO | test_api_to_ui_validation | Delete Status: 200
2026-05-07 11:41:00,386 | INFO | test_api_to_ui_validation | Refreshing UI page
2026-05-07 11:41:00,386 | INFO | NotesPage | Refreshing browser page
2026-05-07 11:41:02,323 | INFO | NotesPage | Checking if note exists: DELETE-031aa0c7-ff16-4620-a086-ad8a5f048906
2026-05-07 11:41:03,078 | WARNING | NotesPage | Note NOT found: DELETE-031aa0c7-ff16-4620-a086-ad8a5f048906
2026-05-07 11:41:03,078 | INFO | test_api_to_ui_validation | Deleted note removed from UI successfully
2026-05-07 11:41:03,078 | INFO | test_api_to_ui_validation | E2E API -> UI validation PASSED
2026-05-07 11:41:03,080 | INFO | conftest | Closing browser
2026-05-07 11:41:05,545 | INFO | conftest | Launching Chrome browser
2026-05-07 11:41:05,545 | INFO | conftest | Running tests locally
2026-05-07 11:41:09,116 | INFO | conftest | Performing login fixture setup
2026-05-07 11:41:34,195 | INFO | LoginPage | Attempting login with email: raghu1@gmail.com
2026-05-07 11:41:34,195 | INFO | LoginPage | Typing 'raghu1@gmail.com' into element: ('id', 'email')
2026-05-07 11:41:34,296 | INFO | LoginPage | Typing 'raghu1' into element: ('id', 'password')
2026-05-07 11:41:34,414 | INFO | LoginPage | Login button clicked
2026-05-07 11:41:34,414 | INFO | conftest | Login fixture completed
2026-05-07 11:41:34,416 | INFO | AuthAPI | POST Request -> https://practice.expandtesting.com/notes/api/users/login
2026-05-07 11:41:34,416 | INFO | AuthAPI | Payload -> {'email': 'raghu1@gmail.com', 'password': 'raghu1'}
2026-05-07 11:41:35,704 | INFO | AuthAPI | Response Status -> 200
2026-05-07 11:41:35,707 | INFO | test_ui_to_api_validation | STARTING E2E TEST: UI -> API
2026-05-07 11:41:35,707 | INFO | test_ui_to_api_validation | Creating note from UI | Title: E2E-e79e3b8f-30fa-49a5-abbf-9519a4c144f0
2026-05-07 11:41:35,708 | INFO | NotesPage | Creating note | Title: E2E-e79e3b8f-30fa-49a5-abbf-9519a4c144f0
2026-05-07 11:41:35,708 | INFO | NotesPage | Clicking Add Note button
2026-05-07 11:41:35,827 | INFO | NotesPage | Entering title: E2E-e79e3b8f-30fa-49a5-abbf-9519a4c144f0
2026-05-07 11:41:35,828 | INFO | NotesPage | Typing 'E2E-e79e3b8f-30fa-49a5-abbf-9519a4c144f0' into element: ('id', 'title')
2026-05-07 11:41:35,928 | INFO | NotesPage | Entering description
2026-05-07 11:41:35,928 | INFO | NotesPage | Typing 'Hybrid UI API Validation' into element: ('id', 'description')
2026-05-07 11:41:36,072 | INFO | NotesPage | Selecting category: Home
2026-05-07 11:41:36,169 | INFO | NotesPage | Clicking Create button
2026-05-07 11:41:36,199 | INFO | NotesPage | Checking if note exists: E2E-e79e3b8f-30fa-49a5-abbf-9519a4c144f0
2026-05-07 11:41:38,348 | WARNING | NotesPage | Stale element detected. Retrying...
2026-05-07 11:41:39,376 | INFO | NotesPage | Note created successfully | Title: E2E-e79e3b8f-30fa-49a5-abbf-9519a4c144f0
2026-05-07 11:41:39,376 | INFO | test_ui_to_api_validation | Note creation completed
2026-05-07 11:41:39,376 | INFO | NotesPage | Checking if note exists: E2E-e79e3b8f-30fa-49a5-abbf-9519a4c144f0
2026-05-07 11:41:40,011 | INFO | NotesPage | Note found: E2E-e79e3b8f-30fa-49a5-abbf-9519a4c144f0
2026-05-07 11:41:40,011 | INFO | test_ui_to_api_validation | Note visible in UI successfully
2026-05-07 11:41:40,011 | INFO | test_ui_to_api_validation | Calling GET /notes API
2026-05-07 11:41:40,011 | INFO | NotesAPI | GET Request -> https://practice.expandtesting.com/notes/api/notes
2026-05-07 11:41:41,287 | INFO | NotesAPI | Response Status -> 200
2026-05-07 11:41:41,287 | INFO | test_ui_to_api_validation | API Response Status: 200
2026-05-07 11:41:41,288 | INFO | test_ui_to_api_validation | API Response Time: 1.268547
2026-05-07 11:41:41,288 | INFO | test_ui_to_api_validation | Total Notes Returned: 106
2026-05-07 11:41:41,288 | INFO | test_ui_to_api_validation | Matched Note: {'id': '69fc2d1981124e02985c589c', 'title': 'E2E-e79e3b8f-30fa-49a5-abbf-9519a4c144f0', 'description': 'Hybrid UI API Validation', 'category': 'Home', 'completed': False, 'created_at': '2026-05-07T06:11:37.990Z', 'updated_at': '2026-05-07T06:11:37.990Z', 'user_id': '69fb505d81124e02985b5b90'}
2026-05-07 11:41:41,288 | INFO | test_ui_to_api_validation | E2E UI -> API validation PASSED
2026-05-07 11:41:41,290 | INFO | conftest | Closing browser
2026-05-07 11:41:43,698 | INFO | conftest | Launching Chrome browser
2026-05-07 11:41:43,699 | INFO | conftest | Running tests locally
2026-05-07 11:41:46,848 | INFO | conftest | Performing login fixture setup
2026-05-07 11:42:11,443 | INFO | LoginPage | Attempting login with email: raghu1@gmail.com
2026-05-07 11:42:11,443 | INFO | LoginPage | Typing 'raghu1@gmail.com' into element: ('id', 'email')
2026-05-07 11:42:11,555 | INFO | LoginPage | Typing 'raghu1' into element: ('id', 'password')
2026-05-07 11:42:11,664 | INFO | LoginPage | Login button clicked
2026-05-07 11:42:11,664 | INFO | conftest | Login fixture completed
2026-05-07 11:42:11,666 | INFO | NotesPage | Creating note | Title: Automation-31382d93-543c-4dc4-a692-9ec191c01575
2026-05-07 11:42:11,666 | INFO | NotesPage | Clicking Add Note button
2026-05-07 11:42:13,059 | INFO | conftest | Closing browser
2026-05-07 11:42:15,403 | INFO | conftest | Launching Chrome browser
2026-05-07 11:42:15,404 | INFO | conftest | Running tests locally
2026-05-07 11:42:18,575 | INFO | conftest | Performing login fixture setup
2026-05-07 11:42:23,960 | INFO | LoginPage | Attempting login with email: raghu1@gmail.com
2026-05-07 11:42:23,960 | INFO | LoginPage | Typing 'raghu1@gmail.com' into element: ('id', 'email')
2026-05-07 11:42:24,037 | INFO | LoginPage | Typing 'raghu1' into element: ('id', 'password')
2026-05-07 11:42:24,124 | INFO | LoginPage | Login button clicked
2026-05-07 11:42:24,124 | INFO | conftest | Login fixture completed
2026-05-07 11:42:24,125 | INFO | NotesPage | Creating note | Title: Instant-efa56914-9cbf-4cb5-8bd8-446dad99e834
2026-05-07 11:42:24,125 | INFO | NotesPage | Clicking Add Note button
2026-05-07 11:42:25,979 | INFO | NotesPage | Entering title: Instant-efa56914-9cbf-4cb5-8bd8-446dad99e834
2026-05-07 11:42:25,979 | INFO | NotesPage | Typing 'Instant-efa56914-9cbf-4cb5-8bd8-446dad99e834' into element: ('id', 'title')
2026-05-07 11:42:26,078 | INFO | NotesPage | Entering description
2026-05-07 11:42:26,078 | INFO | NotesPage | Typing 'DOM validation' into element: ('id', 'description')
2026-05-07 11:42:26,167 | INFO | NotesPage | Selecting category: Work
2026-05-07 11:42:26,272 | INFO | NotesPage | Clicking Create button
2026-05-07 11:42:26,294 | INFO | NotesPage | Checking if note exists: Instant-efa56914-9cbf-4cb5-8bd8-446dad99e834
2026-05-07 11:42:26,869 | WARNING | NotesPage | Note NOT found: Instant-efa56914-9cbf-4cb5-8bd8-446dad99e834
2026-05-07 11:42:27,370 | INFO | NotesPage | Checking if note exists: Instant-efa56914-9cbf-4cb5-8bd8-446dad99e834
2026-05-07 11:42:30,854 | INFO | NotesPage | Note found: Instant-efa56914-9cbf-4cb5-8bd8-446dad99e834
2026-05-07 11:42:30,855 | INFO | NotesPage | Note created successfully | Title: Instant-efa56914-9cbf-4cb5-8bd8-446dad99e834
2026-05-07 11:42:30,855 | INFO | NotesPage | Checking if note exists: Instant-efa56914-9cbf-4cb5-8bd8-446dad99e834
2026-05-07 11:42:31,475 | INFO | NotesPage | Note found: Instant-efa56914-9cbf-4cb5-8bd8-446dad99e834
2026-05-07 11:42:31,476 | INFO | conftest | Closing browser
2026-05-07 11:42:33,848 | INFO | conftest | Launching Chrome browser
2026-05-07 11:42:33,848 | INFO | conftest | Running tests locally
2026-05-07 11:43:00,843 | INFO | LoginPage | Attempting login with email: raghu1@gmail.com
2026-05-07 11:43:00,844 | INFO | LoginPage | Typing 'raghu1@gmail.com' into element: ('id', 'email')
2026-05-07 11:43:00,949 | INFO | LoginPage | Typing 'raghu1' into element: ('id', 'password')
2026-05-07 11:43:01,057 | INFO | LoginPage | Login button clicked
2026-05-07 11:43:01,057 | INFO | LoginPage | Validating login success
2026-05-07 11:43:01,569 | INFO | conftest | Closing browser
2026-05-07 11:43:03,816 | INFO | conftest | Launching Chrome browser
2026-05-07 11:43:03,816 | INFO | conftest | Running tests locally
2026-05-07 11:43:31,302 | INFO | LoginPage | Attempting login with email: wrong@test.com
2026-05-07 11:43:31,302 | INFO | LoginPage | Typing 'wrong@test.com' into element: ('id', 'email')
2026-05-07 11:43:31,370 | INFO | LoginPage | Typing 'Password123' into element: ('id', 'password')
2026-05-07 11:43:31,443 | INFO | LoginPage | Login button clicked
2026-05-07 11:43:31,866 | INFO | conftest | Closing browser
2026-05-07 11:43:34,053 | INFO | conftest | Launching Chrome browser
2026-05-07 11:43:34,054 | INFO | conftest | Running tests locally
2026-05-07 11:43:45,754 | INFO | LoginPage | Attempting login with email: 
2026-05-07 11:43:45,754 | INFO | LoginPage | Typing '' into element: ('id', 'email')
2026-05-07 11:43:45,816 | INFO | LoginPage | Typing 'Password123' into element: ('id', 'password')
2026-05-07 11:43:45,940 | INFO | LoginPage | Login button clicked
2026-05-07 11:43:50,990 | INFO | conftest | Closing browser
2026-05-07 11:43:53,152 | INFO | conftest | Launching Chrome browser
2026-05-07 11:43:53,152 | INFO | conftest | Running tests locally
2026-05-07 11:44:21,200 | INFO | LoginPage | Attempting login with email: 
2026-05-07 11:44:21,200 | INFO | LoginPage | Typing '' into element: ('id', 'email')
2026-05-07 11:44:21,252 | INFO | LoginPage | Typing '' into element: ('id', 'password')
2026-05-07 11:44:21,328 | INFO | LoginPage | Login button clicked
2026-05-07 11:44:26,392 | INFO | conftest | Closing browser
2026-05-07 11:44:28,646 | INFO | conftest | Launching Chrome browser
2026-05-07 11:44:28,646 | INFO | conftest | Running tests locally
2026-05-07 11:44:31,201 | INFO | conftest | Performing login fixture setup
2026-05-07 11:44:48,172 | INFO | LoginPage | Attempting login with email: raghu1@gmail.com
2026-05-07 11:44:48,172 | INFO | LoginPage | Typing 'raghu1@gmail.com' into element: ('id', 'email')
2026-05-07 11:44:48,437 | INFO | LoginPage | Typing 'raghu1' into element: ('id', 'password')
2026-05-07 11:44:48,708 | INFO | LoginPage | Login button clicked
2026-05-07 11:44:48,708 | INFO | conftest | Login fixture completed
2026-05-07 11:44:48,710 | INFO | NotesPage | Clicking Add Note button
2026-05-07 11:44:49,523 | INFO | conftest | Closing browser
2026-05-07 11:44:51,748 | INFO | conftest | Launching Chrome browser
2026-05-07 11:44:51,748 | INFO | conftest | Running tests locally
2026-05-07 11:44:54,148 | INFO | conftest | Performing login fixture setup
2026-05-07 11:44:58,590 | INFO | LoginPage | Attempting login with email: raghu1@gmail.com
2026-05-07 11:44:58,590 | INFO | LoginPage | Typing 'raghu1@gmail.com' into element: ('id', 'email')
2026-05-07 11:44:58,660 | INFO | LoginPage | Typing 'raghu1' into element: ('id', 'password')
2026-05-07 11:44:58,738 | INFO | LoginPage | Login button clicked
2026-05-07 11:44:58,739 | INFO | conftest | Login fixture completed
2026-05-07 11:44:58,739 | INFO | NotesPage | Clicking Add Note button
2026-05-07 11:44:59,562 | INFO | NotesPage | Entering title: Negative-81ad9843-69cc-4b53-a76c-5227e10da797
2026-05-07 11:44:59,563 | INFO | NotesPage | Typing 'Negative-81ad9843-69cc-4b53-a76c-5227e10da797' into element: ('id', 'title')
2026-05-07 11:44:59,666 | INFO | NotesPage | Selecting category: Work
2026-05-07 11:44:59,746 | INFO | NotesPage | Clicking Create button
2026-05-07 11:44:59,775 | INFO | NotesPage | Fetching validation errors
2026-05-07 11:44:59,807 | INFO | conftest | Closing browser
2026-05-07 11:46:23,739 | INFO | AuthAPI | POST Request -> https://practice.expandtesting.com/notes/api/users/login
2026-05-07 11:46:23,739 | INFO | AuthAPI | Payload -> {'email': 'raghu1@gmail.com', 'password': 'raghu1'}
2026-05-07 11:46:24,466 | INFO | AuthAPI | Response Status -> 200
2026-05-07 11:46:24,472 | INFO | AuthAPI | POST Request -> https://practice.expandtesting.com/notes/api/users/login
2026-05-07 11:46:24,472 | INFO | AuthAPI | Payload -> {'email': 'wrong@test.com', 'password': 'wrongpass'}
2026-05-07 11:46:24,984 | INFO | AuthAPI | Response Status -> 401
2026-05-07 11:46:24,990 | INFO | AuthAPI | POST Request -> https://practice.expandtesting.com/notes/api/users/login
2026-05-07 11:46:24,991 | INFO | AuthAPI | Payload -> {'email': '', 'password': ''}
2026-05-07 11:46:25,721 | INFO | AuthAPI | Response Status -> 400
2026-05-07 11:46:25,727 | INFO | AuthAPI | POST Request -> https://practice.expandtesting.com/notes/api/users/login
2026-05-07 11:46:25,727 | INFO | AuthAPI | Payload -> {'email': 'raghu1@gmail.com', 'password': 'raghu1'}
2026-05-07 11:46:26,562 | INFO | AuthAPI | Response Status -> 200
2026-05-07 11:46:26,565 | INFO | NotesAPI | POST Request -> https://practice.expandtesting.com/notes/api/notes
2026-05-07 11:46:26,565 | INFO | NotesAPI | Payload -> {'title': 'API-56d56490-4976-4775-b513-d45cdbb8ae22', 'description': 'API Automation Description', 'category': 'Home'}
2026-05-07 11:46:27,160 | INFO | NotesAPI | Response Status -> 200
2026-05-07 11:46:27,167 | INFO | AuthAPI | POST Request -> https://practice.expandtesting.com/notes/api/users/login
2026-05-07 11:46:27,167 | INFO | AuthAPI | Payload -> {'email': 'raghu1@gmail.com', 'password': 'raghu1'}
2026-05-07 11:46:28,151 | INFO | AuthAPI | Response Status -> 200
2026-05-07 11:46:28,154 | INFO | NotesAPI | POST Request -> https://practice.expandtesting.com/notes/api/notes
2026-05-07 11:46:28,154 | INFO | NotesAPI | Payload -> {'title': 'DELETE-80d2648a-937d-4dca-8687-85101f752386', 'description': 'Delete Description', 'category': 'Work'}
2026-05-07 11:46:28,914 | INFO | NotesAPI | Response Status -> 200
2026-05-07 11:46:28,915 | INFO | NotesAPI | DELETE Request -> https://practice.expandtesting.com/notes/api/notes/69fc2e3e81124e02985c5c4d
2026-05-07 11:46:29,519 | INFO | NotesAPI | Response Status -> 200
2026-05-07 11:46:29,519 | INFO | NotesAPI | GET Request -> https://practice.expandtesting.com/notes/api/notes
2026-05-07 11:46:30,255 | INFO | NotesAPI | Response Status -> 200
2026-05-07 11:46:30,263 | INFO | AuthAPI | POST Request -> https://practice.expandtesting.com/notes/api/users/login
2026-05-07 11:46:30,263 | INFO | AuthAPI | Payload -> {'email': 'raghu1@gmail.com', 'password': 'raghu1'}
2026-05-07 11:46:31,175 | INFO | AuthAPI | Response Status -> 200
2026-05-07 11:46:31,179 | INFO | test_get_notes | Starting test_get_all_notes
2026-05-07 11:46:31,179 | INFO | NotesAPI | GET Request -> https://practice.expandtesting.com/notes/api/notes
2026-05-07 11:46:31,770 | INFO | NotesAPI | Response Status -> 200
2026-05-07 11:46:31,771 | INFO | test_get_notes | Response received: 200
2026-05-07 11:46:31,771 | INFO | test_get_notes | test_get_all_notes PASSED
2026-05-07 11:46:31,777 | INFO | AuthAPI | POST Request -> https://practice.expandtesting.com/notes/api/users/login
2026-05-07 11:46:31,778 | INFO | AuthAPI | Payload -> {'email': 'raghu1@gmail.com', 'password': 'raghu1'}
2026-05-07 11:46:32,657 | INFO | AuthAPI | Response Status -> 200
2026-05-07 11:46:32,660 | INFO | NotesAPI | GET Request -> https://practice.expandtesting.com/notes/api/notes
2026-05-07 11:46:33,368 | INFO | NotesAPI | Response Status -> 200
2026-05-07 11:46:33,376 | INFO | NotesAPI | GET Request -> https://practice.expandtesting.com/notes/api/notes
2026-05-07 11:46:34,150 | INFO | NotesAPI | Response Status -> 401
2026-05-07 11:46:34,156 | INFO | AuthAPI | POST Request -> https://practice.expandtesting.com/notes/api/users/login
2026-05-07 11:46:34,156 | INFO | AuthAPI | Payload -> {'email': 'raghu1@gmail.com', 'password': 'raghu1'}
2026-05-07 11:46:35,182 | INFO | AuthAPI | Response Status -> 200
2026-05-07 11:46:35,186 | INFO | NotesAPI | DELETE Request -> https://practice.expandtesting.com/notes/api/notes/123456789
2026-05-07 11:46:35,846 | INFO | NotesAPI | Response Status -> 400
2026-05-07 11:46:35,852 | INFO | AuthAPI | POST Request -> https://practice.expandtesting.com/notes/api/users/login
2026-05-07 11:46:35,852 | INFO | AuthAPI | Payload -> {'email': 'raghu1@gmail.com', 'password': 'raghu1'}
2026-05-07 11:46:36,469 | INFO | AuthAPI | Response Status -> 200
2026-05-07 11:46:36,472 | INFO | NotesAPI | POST Request -> https://practice.expandtesting.com/notes/api/notes
2026-05-07 11:46:36,472 | INFO | NotesAPI | Payload -> {'title': '', 'description': 'Description', 'category': 'Home'}
2026-05-07 11:46:37,031 | INFO | NotesAPI | Response Status -> 400
2026-05-07 11:46:37,037 | INFO | AuthAPI | POST Request -> https://practice.expandtesting.com/notes/api/users/login
2026-05-07 11:46:37,037 | INFO | AuthAPI | Payload -> {'email': 'raghu1@gmail.com', 'password': 'raghu1'}
2026-05-07 11:46:37,803 | INFO | AuthAPI | Response Status -> 200
2026-05-07 11:46:37,806 | INFO | NotesAPI | POST Request -> https://practice.expandtesting.com/notes/api/notes
2026-05-07 11:46:37,806 | INFO | NotesAPI | Payload -> {'title': 'Title', 'description': '', 'category': 'Home'}
2026-05-07 11:46:38,601 | INFO | NotesAPI | Response Status -> 400
2026-05-07 11:46:38,607 | INFO | conftest | Launching Chrome browser
2026-05-07 11:46:38,612 | INFO | conftest | Running tests locally
2026-05-07 11:46:41,209 | INFO | conftest | Performing login fixture setup
2026-05-07 11:46:46,550 | INFO | LoginPage | Attempting login with email: raghu1@gmail.com
2026-05-07 11:46:46,550 | INFO | LoginPage | Typing 'raghu1@gmail.com' into element: ('id', 'email')
2026-05-07 11:46:46,628 | INFO | LoginPage | Typing 'raghu1' into element: ('id', 'password')
2026-05-07 11:46:46,728 | INFO | LoginPage | Login button clicked
2026-05-07 11:46:46,729 | INFO | conftest | Login fixture completed
2026-05-07 11:46:46,730 | INFO | AuthAPI | POST Request -> https://practice.expandtesting.com/notes/api/users/login
2026-05-07 11:46:46,730 | INFO | AuthAPI | Payload -> {'email': 'raghu1@gmail.com', 'password': 'raghu1'}
2026-05-07 11:46:47,708 | INFO | AuthAPI | Response Status -> 200
2026-05-07 11:46:47,711 | INFO | test_api_to_ui_validation | STARTING E2E TEST: API -> UI
2026-05-07 11:46:47,711 | INFO | test_api_to_ui_validation | Creating note via UI | Title: DELETE-438aa10e-e595-4014-8a40-39e7dfd6d51f
2026-05-07 11:46:47,712 | INFO | NotesPage | Creating note | Title: DELETE-438aa10e-e595-4014-8a40-39e7dfd6d51f
2026-05-07 11:46:47,712 | INFO | NotesPage | Clicking Add Note button
2026-05-07 11:46:47,783 | INFO | NotesPage | Entering title: DELETE-438aa10e-e595-4014-8a40-39e7dfd6d51f
2026-05-07 11:46:47,783 | INFO | NotesPage | Typing 'DELETE-438aa10e-e595-4014-8a40-39e7dfd6d51f' into element: ('id', 'title')
2026-05-07 11:46:47,895 | INFO | NotesPage | Entering description
2026-05-07 11:46:47,895 | INFO | NotesPage | Typing 'Delete validation' into element: ('id', 'description')
2026-05-07 11:46:47,959 | INFO | NotesPage | Selecting category: Work
2026-05-07 11:46:48,033 | INFO | NotesPage | Clicking Create button
2026-05-07 11:46:48,061 | INFO | NotesPage | Checking if note exists: DELETE-438aa10e-e595-4014-8a40-39e7dfd6d51f
2026-05-07 11:46:51,210 | WARNING | NotesPage | Stale element detected. Retrying...
2026-05-07 11:46:51,926 | INFO | NotesPage | Note created successfully | Title: DELETE-438aa10e-e595-4014-8a40-39e7dfd6d51f
2026-05-07 11:46:51,926 | INFO | test_api_to_ui_validation | Note created successfully
2026-05-07 11:46:51,927 | INFO | NotesPage | Checking if note exists: DELETE-438aa10e-e595-4014-8a40-39e7dfd6d51f
2026-05-07 11:46:52,368 | INFO | NotesPage | Note found: DELETE-438aa10e-e595-4014-8a40-39e7dfd6d51f
2026-05-07 11:46:52,368 | INFO | test_api_to_ui_validation | Note created and visible in UI
2026-05-07 11:46:52,368 | INFO | NotesAPI | GET Request -> https://practice.expandtesting.com/notes/api/notes
2026-05-07 11:46:52,904 | INFO | NotesAPI | Response Status -> 200
2026-05-07 11:46:52,904 | INFO | test_api_to_ui_validation | GET Notes Status: 200
2026-05-07 11:46:52,906 | INFO | test_api_to_ui_validation | Located Note ID: 69fc2e5181124e02985c5c9c
2026-05-07 11:46:52,906 | INFO | test_api_to_ui_validation | Deleting note via API | ID: 69fc2e5181124e02985c5c9c
2026-05-07 11:46:52,906 | INFO | NotesAPI | DELETE Request -> https://practice.expandtesting.com/notes/api/notes/69fc2e5181124e02985c5c9c
2026-05-07 11:46:53,768 | INFO | NotesAPI | Response Status -> 200
2026-05-07 11:46:53,768 | INFO | test_api_to_ui_validation | Delete Status: 200
2026-05-07 11:46:53,768 | INFO | test_api_to_ui_validation | Refreshing UI page
2026-05-07 11:46:53,768 | INFO | NotesPage | Refreshing browser page
2026-05-07 11:46:55,689 | INFO | NotesPage | Checking if note exists: DELETE-438aa10e-e595-4014-8a40-39e7dfd6d51f
2026-05-07 11:46:56,258 | WARNING | NotesPage | Note NOT found: DELETE-438aa10e-e595-4014-8a40-39e7dfd6d51f
2026-05-07 11:46:56,258 | INFO | test_api_to_ui_validation | Deleted note removed from UI successfully
2026-05-07 11:46:56,258 | INFO | test_api_to_ui_validation | E2E API -> UI validation PASSED
2026-05-07 11:46:56,260 | INFO | conftest | Closing browser
2026-05-07 11:46:58,512 | INFO | conftest | Launching Chrome browser
2026-05-07 11:46:58,513 | INFO | conftest | Running tests locally
2026-05-07 11:47:00,908 | INFO | conftest | Performing login fixture setup
2026-05-07 11:47:25,066 | INFO | LoginPage | Attempting login with email: raghu1@gmail.com
2026-05-07 11:47:25,066 | INFO | LoginPage | Typing 'raghu1@gmail.com' into element: ('id', 'email')
2026-05-07 11:47:25,143 | INFO | LoginPage | Typing 'raghu1' into element: ('id', 'password')
2026-05-07 11:47:25,244 | INFO | LoginPage | Login button clicked
2026-05-07 11:47:25,245 | INFO | conftest | Login fixture completed
2026-05-07 11:47:25,245 | INFO | AuthAPI | POST Request -> https://practice.expandtesting.com/notes/api/users/login
2026-05-07 11:47:25,245 | INFO | AuthAPI | Payload -> {'email': 'raghu1@gmail.com', 'password': 'raghu1'}
2026-05-07 11:47:26,016 | INFO | AuthAPI | Response Status -> 200
2026-05-07 11:47:26,019 | INFO | test_ui_to_api_validation | STARTING E2E TEST: UI -> API
2026-05-07 11:47:26,019 | INFO | test_ui_to_api_validation | Creating note from UI | Title: E2E-d87b53e5-e64a-45f2-9449-8ebe5cfc6fd3
2026-05-07 11:47:26,019 | INFO | NotesPage | Creating note | Title: E2E-d87b53e5-e64a-45f2-9449-8ebe5cfc6fd3
2026-05-07 11:47:26,019 | INFO | NotesPage | Clicking Add Note button
2026-05-07 11:47:26,163 | INFO | NotesPage | Entering title: E2E-d87b53e5-e64a-45f2-9449-8ebe5cfc6fd3
2026-05-07 11:47:26,163 | INFO | NotesPage | Typing 'E2E-d87b53e5-e64a-45f2-9449-8ebe5cfc6fd3' into element: ('id', 'title')
2026-05-07 11:47:26,302 | INFO | NotesPage | Entering description
2026-05-07 11:47:26,303 | INFO | NotesPage | Typing 'Hybrid UI API Validation' into element: ('id', 'description')
2026-05-07 11:47:26,408 | INFO | NotesPage | Selecting category: Home
2026-05-07 11:47:26,505 | INFO | NotesPage | Clicking Create button
2026-05-07 11:47:26,540 | INFO | NotesPage | Checking if note exists: E2E-d87b53e5-e64a-45f2-9449-8ebe5cfc6fd3
2026-05-07 11:47:29,232 | WARNING | NotesPage | Stale element detected. Retrying...
2026-05-07 11:47:29,856 | INFO | NotesPage | Note created successfully | Title: E2E-d87b53e5-e64a-45f2-9449-8ebe5cfc6fd3
2026-05-07 11:47:29,856 | INFO | test_ui_to_api_validation | Note creation completed
2026-05-07 11:47:29,856 | INFO | NotesPage | Checking if note exists: E2E-d87b53e5-e64a-45f2-9449-8ebe5cfc6fd3
2026-05-07 11:47:30,387 | INFO | NotesPage | Note found: E2E-d87b53e5-e64a-45f2-9449-8ebe5cfc6fd3
2026-05-07 11:47:30,387 | INFO | test_ui_to_api_validation | Note visible in UI successfully
2026-05-07 11:47:30,387 | INFO | test_ui_to_api_validation | Calling GET /notes API
2026-05-07 11:47:30,387 | INFO | NotesAPI | GET Request -> https://practice.expandtesting.com/notes/api/notes
2026-05-07 11:47:31,151 | INFO | NotesAPI | Response Status -> 200
2026-05-07 11:47:31,151 | INFO | test_ui_to_api_validation | API Response Status: 200
2026-05-07 11:47:31,152 | INFO | test_ui_to_api_validation | API Response Time: 0.75832
2026-05-07 11:47:31,153 | INFO | test_ui_to_api_validation | Total Notes Returned: 109
2026-05-07 11:47:31,153 | INFO | test_ui_to_api_validation | Matched Note: {'id': '69fc2e7881124e02985c5cf3', 'title': 'E2E-d87b53e5-e64a-45f2-9449-8ebe5cfc6fd3', 'description': 'Hybrid UI API Validation', 'category': 'Home', 'completed': False, 'created_at': '2026-05-07T06:17:28.341Z', 'updated_at': '2026-05-07T06:17:28.341Z', 'user_id': '69fb505d81124e02985b5b90'}
2026-05-07 11:47:31,153 | INFO | test_ui_to_api_validation | E2E UI -> API validation PASSED
2026-05-07 11:47:31,156 | INFO | conftest | Closing browser
2026-05-07 11:47:33,617 | INFO | conftest | Launching Chrome browser
2026-05-07 11:47:33,617 | INFO | conftest | Running tests locally
2026-05-07 11:47:35,996 | INFO | conftest | Performing login fixture setup
2026-05-07 11:48:00,561 | INFO | LoginPage | Attempting login with email: raghu1@gmail.com
2026-05-07 11:48:00,561 | INFO | LoginPage | Typing 'raghu1@gmail.com' into element: ('id', 'email')
2026-05-07 11:48:00,633 | INFO | LoginPage | Typing 'raghu1' into element: ('id', 'password')
2026-05-07 11:48:00,706 | INFO | LoginPage | Login button clicked
2026-05-07 11:48:00,706 | INFO | conftest | Login fixture completed
2026-05-07 11:48:00,707 | INFO | NotesPage | Creating note | Title: Automation-c1c78be0-6577-4b9f-b930-d171dbce80b8
2026-05-07 11:48:00,707 | INFO | NotesPage | Clicking Add Note button
2026-05-07 11:48:01,567 | INFO | NotesPage | Entering title: Automation-c1c78be0-6577-4b9f-b930-d171dbce80b8
2026-05-07 11:48:01,568 | INFO | NotesPage | Typing 'Automation-c1c78be0-6577-4b9f-b930-d171dbce80b8' into element: ('id', 'title')
2026-05-07 11:48:01,722 | INFO | NotesPage | Entering description
2026-05-07 11:48:01,722 | INFO | NotesPage | Typing 'This is automation testing' into element: ('id', 'description')
2026-05-07 11:48:01,847 | INFO | NotesPage | Selecting category: Home
2026-05-07 11:48:01,919 | INFO | NotesPage | Clicking Create button
2026-05-07 11:48:01,975 | INFO | NotesPage | Checking if note exists: Automation-c1c78be0-6577-4b9f-b930-d171dbce80b8
2026-05-07 11:48:04,437 | WARNING | NotesPage | Stale element detected. Retrying...
2026-05-07 11:48:05,165 | INFO | NotesPage | Note created successfully | Title: Automation-c1c78be0-6577-4b9f-b930-d171dbce80b8
2026-05-07 11:48:05,166 | INFO | NotesPage | Checking if note exists: Automation-c1c78be0-6577-4b9f-b930-d171dbce80b8
2026-05-07 11:48:05,627 | INFO | NotesPage | Note found: Automation-c1c78be0-6577-4b9f-b930-d171dbce80b8
2026-05-07 11:48:05,628 | INFO | conftest | Closing browser
2026-05-07 11:48:07,893 | INFO | conftest | Launching Chrome browser
2026-05-07 11:48:07,894 | INFO | conftest | Running tests locally
2026-05-07 11:48:10,244 | INFO | conftest | Performing login fixture setup
2026-05-07 11:48:14,871 | INFO | LoginPage | Attempting login with email: raghu1@gmail.com
2026-05-07 11:48:14,871 | INFO | LoginPage | Typing 'raghu1@gmail.com' into element: ('id', 'email')
2026-05-07 11:48:14,948 | INFO | LoginPage | Typing 'raghu1' into element: ('id', 'password')
2026-05-07 11:48:15,023 | INFO | LoginPage | Login button clicked
2026-05-07 11:48:15,023 | INFO | conftest | Login fixture completed
2026-05-07 11:48:15,023 | INFO | NotesPage | Creating note | Title: Instant-aacbc685-3c94-40f2-8102-be9031d61de0
2026-05-07 11:48:15,024 | INFO | NotesPage | Clicking Add Note button
2026-05-07 11:48:15,716 | INFO | conftest | Closing browser
2026-05-07 11:48:17,928 | INFO | conftest | Launching Chrome browser
2026-05-07 11:48:17,929 | INFO | conftest | Running tests locally
2026-05-07 11:48:44,935 | INFO | LoginPage | Attempting login with email: raghu1@gmail.com
2026-05-07 11:48:44,935 | INFO | LoginPage | Typing 'raghu1@gmail.com' into element: ('id', 'email')
2026-05-07 11:48:45,143 | INFO | LoginPage | Typing 'raghu1' into element: ('id', 'password')
2026-05-07 11:48:45,331 | INFO | LoginPage | Login button clicked
2026-05-07 11:48:45,332 | INFO | LoginPage | Validating login success
2026-05-07 11:48:45,739 | INFO | conftest | Closing browser
2026-05-07 11:48:47,958 | INFO | conftest | Launching Chrome browser
2026-05-07 11:48:47,958 | INFO | conftest | Running tests locally
2026-05-07 11:49:12,564 | INFO | LoginPage | Attempting login with email: wrong@test.com
2026-05-07 11:49:12,564 | INFO | LoginPage | Typing 'wrong@test.com' into element: ('id', 'email')
2026-05-07 11:49:12,645 | INFO | LoginPage | Typing 'Password123' into element: ('id', 'password')
2026-05-07 11:49:12,730 | INFO | LoginPage | Login button clicked
2026-05-07 11:49:13,012 | INFO | conftest | Closing browser
2026-05-07 11:49:15,127 | INFO | conftest | Launching Chrome browser
2026-05-07 11:49:15,127 | INFO | conftest | Running tests locally
2026-05-07 11:49:22,149 | INFO | LoginPage | Attempting login with email: 
2026-05-07 11:49:22,149 | INFO | LoginPage | Typing '' into element: ('id', 'email')
2026-05-07 11:49:22,195 | INFO | LoginPage | Typing 'Password123' into element: ('id', 'password')
2026-05-07 11:49:22,270 | INFO | LoginPage | Login button clicked
2026-05-07 11:49:27,315 | INFO | conftest | Closing browser
2026-05-07 11:49:29,601 | INFO | conftest | Launching Chrome browser
2026-05-07 11:49:29,601 | INFO | conftest | Running tests locally
2026-05-07 11:50:04,611 | INFO | LoginPage | Attempting login with email: 
2026-05-07 11:50:04,611 | INFO | LoginPage | Typing '' into element: ('id', 'email')
2026-05-07 11:50:04,654 | INFO | LoginPage | Typing '' into element: ('id', 'password')
2026-05-07 11:50:04,715 | INFO | LoginPage | Login button clicked
2026-05-07 11:50:09,764 | INFO | conftest | Closing browser
2026-05-07 11:50:12,037 | INFO | conftest | Launching Chrome browser
2026-05-07 11:50:12,037 | INFO | conftest | Running tests locally
2026-05-07 11:50:14,682 | INFO | conftest | Performing login fixture setup
2026-05-07 11:50:47,378 | INFO | LoginPage | Attempting login with email: raghu1@gmail.com
2026-05-07 11:50:47,379 | INFO | LoginPage | Typing 'raghu1@gmail.com' into element: ('id', 'email')
2026-05-07 11:50:47,537 | INFO | LoginPage | Typing 'raghu1' into element: ('id', 'password')
2026-05-07 11:50:47,959 | INFO | LoginPage | Login button clicked
2026-05-07 11:50:47,959 | INFO | conftest | Login fixture completed
2026-05-07 11:50:47,961 | INFO | NotesPage | Clicking Add Note button
2026-05-07 11:50:49,010 | INFO | NotesPage | Entering description
2026-05-07 11:50:49,011 | INFO | NotesPage | Typing 'Missing title' into element: ('id', 'description')
2026-05-07 11:50:49,230 | INFO | NotesPage | Selecting category: Home
2026-05-07 11:50:49,399 | INFO | NotesPage | Clicking Create button
2026-05-07 11:50:49,467 | INFO | NotesPage | Fetching validation errors
2026-05-07 11:50:49,615 | INFO | conftest | Closing browser
2026-05-07 11:50:51,922 | INFO | conftest | Launching Chrome browser
2026-05-07 11:50:51,922 | INFO | conftest | Running tests locally
2026-05-07 11:50:55,306 | INFO | conftest | Performing login fixture setup
2026-05-07 11:51:00,785 | INFO | LoginPage | Attempting login with email: raghu1@gmail.com
2026-05-07 11:51:00,785 | INFO | LoginPage | Typing 'raghu1@gmail.com' into element: ('id', 'email')
2026-05-07 11:51:00,875 | INFO | LoginPage | Typing 'raghu1' into element: ('id', 'password')
2026-05-07 11:51:00,953 | INFO | LoginPage | Login button clicked
2026-05-07 11:51:00,953 | INFO | conftest | Login fixture completed
2026-05-07 11:51:00,955 | INFO | NotesPage | Clicking Add Note button
2026-05-07 11:51:01,751 | INFO | NotesPage | Entering title: Negative-5abcce3e-330a-4353-82b3-16b851697c83
2026-05-07 11:51:01,751 | INFO | NotesPage | Typing 'Negative-5abcce3e-330a-4353-82b3-16b851697c83' into element: ('id', 'title')
2026-05-07 11:51:01,949 | INFO | NotesPage | Selecting category: Work
2026-05-07 11:51:02,059 | INFO | NotesPage | Clicking Create button
2026-05-07 11:51:02,105 | INFO | NotesPage | Fetching validation errors
2026-05-07 11:51:02,179 | INFO | conftest | Closing browser
2026-05-07 11:53:21,549 | INFO | AuthAPI | POST Request -> https://practice.expandtesting.com/notes/api/users/login
2026-05-07 11:53:21,550 | INFO | AuthAPI | Payload -> {'email': 'raghu1@gmail.com', 'password': 'raghu1'}
2026-05-07 11:53:22,489 | INFO | AuthAPI | Response Status -> 200
2026-05-07 11:53:22,496 | INFO | AuthAPI | POST Request -> https://practice.expandtesting.com/notes/api/users/login
2026-05-07 11:53:22,496 | INFO | AuthAPI | Payload -> {'email': 'wrong@test.com', 'password': 'wrongpass'}
2026-05-07 11:53:23,562 | INFO | AuthAPI | Response Status -> 401
2026-05-07 11:53:23,566 | INFO | AuthAPI | POST Request -> https://practice.expandtesting.com/notes/api/users/login
2026-05-07 11:53:23,566 | INFO | AuthAPI | Payload -> {'email': '', 'password': ''}
2026-05-07 11:53:24,131 | INFO | AuthAPI | Response Status -> 400
2026-05-07 11:53:24,136 | INFO | AuthAPI | POST Request -> https://practice.expandtesting.com/notes/api/users/login
2026-05-07 11:53:24,136 | INFO | AuthAPI | Payload -> {'email': 'raghu1@gmail.com', 'password': 'raghu1'}
2026-05-07 11:53:24,894 | INFO | AuthAPI | Response Status -> 200
2026-05-07 11:53:24,898 | INFO | NotesAPI | POST Request -> https://practice.expandtesting.com/notes/api/notes
2026-05-07 11:53:24,898 | INFO | NotesAPI | Payload -> {'title': 'API-e0947ab0-f62e-4259-a728-3d52752bd5f9', 'description': 'API Automation Description', 'category': 'Home'}
2026-05-07 11:53:25,478 | INFO | NotesAPI | Response Status -> 200
2026-05-07 11:53:25,482 | INFO | AuthAPI | POST Request -> https://practice.expandtesting.com/notes/api/users/login
2026-05-07 11:53:25,482 | INFO | AuthAPI | Payload -> {'email': 'raghu1@gmail.com', 'password': 'raghu1'}
2026-05-07 11:53:26,089 | INFO | AuthAPI | Response Status -> 200
2026-05-07 11:53:26,093 | INFO | NotesAPI | POST Request -> https://practice.expandtesting.com/notes/api/notes
2026-05-07 11:53:26,093 | INFO | NotesAPI | Payload -> {'title': 'DELETE-42e880a0-fe9c-4a27-a0bb-cfa4a5a07340', 'description': 'Delete Description', 'category': 'Work'}
2026-05-07 11:53:26,626 | INFO | NotesAPI | Response Status -> 200
2026-05-07 11:53:26,626 | INFO | NotesAPI | DELETE Request -> https://practice.expandtesting.com/notes/api/notes/69fc2fe081124e02985c61a3
2026-05-07 11:53:27,390 | INFO | NotesAPI | Response Status -> 200
2026-05-07 11:53:27,391 | INFO | NotesAPI | GET Request -> https://practice.expandtesting.com/notes/api/notes
2026-05-07 11:53:27,957 | INFO | NotesAPI | Response Status -> 200
2026-05-07 11:53:27,965 | INFO | AuthAPI | POST Request -> https://practice.expandtesting.com/notes/api/users/login
2026-05-07 11:53:27,966 | INFO | AuthAPI | Payload -> {'email': 'raghu1@gmail.com', 'password': 'raghu1'}
2026-05-07 11:53:28,612 | INFO | AuthAPI | Response Status -> 200
2026-05-07 11:53:28,616 | INFO | test_get_notes | Starting test_get_all_notes
2026-05-07 11:53:28,616 | INFO | NotesAPI | GET Request -> https://practice.expandtesting.com/notes/api/notes
2026-05-07 11:53:29,220 | INFO | NotesAPI | Response Status -> 200
2026-05-07 11:53:29,220 | INFO | test_get_notes | Response received: 200
2026-05-07 11:53:29,221 | INFO | test_get_notes | test_get_all_notes PASSED
2026-05-07 11:53:29,228 | INFO | AuthAPI | POST Request -> https://practice.expandtesting.com/notes/api/users/login
2026-05-07 11:53:29,228 | INFO | AuthAPI | Payload -> {'email': 'raghu1@gmail.com', 'password': 'raghu1'}
2026-05-07 11:53:29,810 | INFO | AuthAPI | Response Status -> 200
2026-05-07 11:53:29,814 | INFO | NotesAPI | GET Request -> https://practice.expandtesting.com/notes/api/notes
2026-05-07 11:53:30,418 | INFO | NotesAPI | Response Status -> 200
2026-05-07 11:53:30,423 | INFO | NotesAPI | GET Request -> https://practice.expandtesting.com/notes/api/notes
2026-05-07 11:53:30,943 | INFO | NotesAPI | Response Status -> 401
2026-05-07 11:53:30,949 | INFO | AuthAPI | POST Request -> https://practice.expandtesting.com/notes/api/users/login
2026-05-07 11:53:30,949 | INFO | AuthAPI | Payload -> {'email': 'raghu1@gmail.com', 'password': 'raghu1'}
2026-05-07 11:53:31,606 | INFO | AuthAPI | Response Status -> 200
2026-05-07 11:53:31,610 | INFO | NotesAPI | DELETE Request -> https://practice.expandtesting.com/notes/api/notes/123456789
2026-05-07 11:53:32,253 | INFO | NotesAPI | Response Status -> 400
2026-05-07 11:53:32,258 | INFO | AuthAPI | POST Request -> https://practice.expandtesting.com/notes/api/users/login
2026-05-07 11:53:32,259 | INFO | AuthAPI | Payload -> {'email': 'raghu1@gmail.com', 'password': 'raghu1'}
2026-05-07 11:53:32,890 | INFO | AuthAPI | Response Status -> 200
2026-05-07 11:53:32,894 | INFO | NotesAPI | POST Request -> https://practice.expandtesting.com/notes/api/notes
2026-05-07 11:53:32,894 | INFO | NotesAPI | Payload -> {'title': '', 'description': 'Description', 'category': 'Home'}
2026-05-07 11:53:33,522 | INFO | NotesAPI | Response Status -> 400
2026-05-07 11:53:33,528 | INFO | AuthAPI | POST Request -> https://practice.expandtesting.com/notes/api/users/login
2026-05-07 11:53:33,528 | INFO | AuthAPI | Payload -> {'email': 'raghu1@gmail.com', 'password': 'raghu1'}
2026-05-07 11:53:34,198 | INFO | AuthAPI | Response Status -> 200
2026-05-07 11:53:34,202 | INFO | NotesAPI | POST Request -> https://practice.expandtesting.com/notes/api/notes
2026-05-07 11:53:34,202 | INFO | NotesAPI | Payload -> {'title': 'Title', 'description': '', 'category': 'Home'}
2026-05-07 11:53:34,787 | INFO | NotesAPI | Response Status -> 400
2026-05-07 11:53:34,792 | INFO | conftest | Launching Chrome browser
2026-05-07 11:53:34,797 | INFO | conftest | Running tests locally
2026-05-07 11:53:36,729 | INFO | conftest | Performing login fixture setup
2026-05-07 11:53:41,436 | INFO | LoginPage | Attempting login with email: raghu1@gmail.com
2026-05-07 11:53:41,436 | INFO | LoginPage | Typing 'raghu1@gmail.com' into element: ('id', 'email')
2026-05-07 11:53:41,529 | INFO | LoginPage | Typing 'raghu1' into element: ('id', 'password')
2026-05-07 11:53:41,610 | INFO | LoginPage | Login button clicked
2026-05-07 11:53:41,610 | INFO | conftest | Login fixture completed
2026-05-07 11:53:41,611 | INFO | AuthAPI | POST Request -> https://practice.expandtesting.com/notes/api/users/login
2026-05-07 11:53:41,611 | INFO | AuthAPI | Payload -> {'email': 'raghu1@gmail.com', 'password': 'raghu1'}
2026-05-07 11:53:42,492 | INFO | AuthAPI | Response Status -> 200
2026-05-07 11:53:42,496 | INFO | test_api_to_ui_validation | STARTING E2E TEST: API -> UI
2026-05-07 11:53:42,497 | INFO | test_api_to_ui_validation | Creating note via UI | Title: DELETE-47c1d7de-45d6-497d-b949-a5607665d8ba
2026-05-07 11:53:42,497 | INFO | NotesPage | Creating note | Title: DELETE-47c1d7de-45d6-497d-b949-a5607665d8ba
2026-05-07 11:53:42,497 | INFO | NotesPage | Clicking Add Note button
2026-05-07 11:53:42,559 | INFO | NotesPage | Entering title: DELETE-47c1d7de-45d6-497d-b949-a5607665d8ba
2026-05-07 11:53:42,560 | INFO | NotesPage | Typing 'DELETE-47c1d7de-45d6-497d-b949-a5607665d8ba' into element: ('id', 'title')
2026-05-07 11:53:42,646 | INFO | NotesPage | Entering description
2026-05-07 11:53:42,647 | INFO | NotesPage | Typing 'Delete validation' into element: ('id', 'description')
2026-05-07 11:53:42,706 | INFO | NotesPage | Selecting category: Work
2026-05-07 11:53:42,776 | INFO | NotesPage | Clicking Create button
2026-05-07 11:53:42,798 | INFO | NotesPage | Checking if note exists: DELETE-47c1d7de-45d6-497d-b949-a5607665d8ba
2026-05-07 11:53:45,473 | WARNING | NotesPage | Stale element detected. Retrying...
2026-05-07 11:53:46,088 | INFO | NotesPage | Note created successfully | Title: DELETE-47c1d7de-45d6-497d-b949-a5607665d8ba
2026-05-07 11:53:46,088 | INFO | test_api_to_ui_validation | Note created successfully
2026-05-07 11:53:46,088 | INFO | NotesPage | Checking if note exists: DELETE-47c1d7de-45d6-497d-b949-a5607665d8ba
2026-05-07 11:53:46,605 | INFO | NotesPage | Note found: DELETE-47c1d7de-45d6-497d-b949-a5607665d8ba
2026-05-07 11:53:46,605 | INFO | test_api_to_ui_validation | Note created and visible in UI
2026-05-07 11:53:46,605 | INFO | NotesAPI | GET Request -> https://practice.expandtesting.com/notes/api/notes
2026-05-07 11:53:47,506 | INFO | NotesAPI | Response Status -> 200
2026-05-07 11:53:47,507 | INFO | test_api_to_ui_validation | GET Notes Status: 200
2026-05-07 11:53:47,508 | INFO | test_api_to_ui_validation | Located Note ID: 69fc2ff081124e02985c6246
2026-05-07 11:53:47,509 | INFO | test_api_to_ui_validation | Deleting note via API | ID: 69fc2ff081124e02985c6246
2026-05-07 11:53:47,509 | INFO | NotesAPI | DELETE Request -> https://practice.expandtesting.com/notes/api/notes/69fc2ff081124e02985c6246
2026-05-07 11:53:48,198 | INFO | NotesAPI | Response Status -> 200
2026-05-07 11:53:48,199 | INFO | test_api_to_ui_validation | Delete Status: 200
2026-05-07 11:53:48,199 | INFO | test_api_to_ui_validation | Refreshing UI page
2026-05-07 11:53:48,199 | INFO | NotesPage | Refreshing browser page
2026-05-07 11:53:49,653 | INFO | NotesPage | Checking if note exists: DELETE-47c1d7de-45d6-497d-b949-a5607665d8ba
2026-05-07 11:53:50,316 | WARNING | NotesPage | Note NOT found: DELETE-47c1d7de-45d6-497d-b949-a5607665d8ba
2026-05-07 11:53:50,316 | INFO | test_api_to_ui_validation | Deleted note removed from UI successfully
2026-05-07 11:53:50,316 | INFO | test_api_to_ui_validation | E2E API -> UI validation PASSED
2026-05-07 11:53:50,318 | INFO | conftest | Closing browser
2026-05-07 11:53:52,567 | INFO | conftest | Launching Chrome browser
2026-05-07 11:53:52,568 | INFO | conftest | Running tests locally
2026-05-07 11:53:55,147 | INFO | conftest | Performing login fixture setup
2026-05-07 11:54:21,376 | INFO | LoginPage | Attempting login with email: raghu1@gmail.com
2026-05-07 11:54:21,376 | INFO | LoginPage | Typing 'raghu1@gmail.com' into element: ('id', 'email')
2026-05-07 11:54:21,449 | INFO | LoginPage | Typing 'raghu1' into element: ('id', 'password')
2026-05-07 11:54:21,528 | INFO | LoginPage | Login button clicked
2026-05-07 11:54:21,528 | INFO | conftest | Login fixture completed
2026-05-07 11:54:21,528 | INFO | AuthAPI | POST Request -> https://practice.expandtesting.com/notes/api/users/login
2026-05-07 11:54:21,528 | INFO | AuthAPI | Payload -> {'email': 'raghu1@gmail.com', 'password': 'raghu1'}
2026-05-07 11:54:22,535 | INFO | AuthAPI | Response Status -> 200
2026-05-07 11:54:22,537 | INFO | test_ui_to_api_validation | STARTING E2E TEST: UI -> API
2026-05-07 11:54:22,537 | INFO | test_ui_to_api_validation | Creating note from UI | Title: E2E-a0e92686-3b29-49df-b8ba-86fc057972ad
2026-05-07 11:54:22,537 | INFO | NotesPage | Creating note | Title: E2E-a0e92686-3b29-49df-b8ba-86fc057972ad
2026-05-07 11:54:22,537 | INFO | NotesPage | Clicking Add Note button
2026-05-07 11:54:22,588 | INFO | NotesPage | Entering title: E2E-a0e92686-3b29-49df-b8ba-86fc057972ad
2026-05-07 11:54:22,589 | INFO | NotesPage | Typing 'E2E-a0e92686-3b29-49df-b8ba-86fc057972ad' into element: ('id', 'title')
2026-05-07 11:54:22,723 | INFO | NotesPage | Entering description
2026-05-07 11:54:22,723 | INFO | NotesPage | Typing 'Hybrid UI API Validation' into element: ('id', 'description')
2026-05-07 11:54:22,805 | INFO | NotesPage | Selecting category: Home
2026-05-07 11:54:22,869 | INFO | NotesPage | Clicking Create button
2026-05-07 11:54:22,933 | INFO | NotesPage | Checking if note exists: E2E-a0e92686-3b29-49df-b8ba-86fc057972ad
2026-05-07 11:54:25,302 | WARNING | NotesPage | Stale element detected. Retrying...
2026-05-07 11:54:26,102 | INFO | NotesPage | Note created successfully | Title: E2E-a0e92686-3b29-49df-b8ba-86fc057972ad
2026-05-07 11:54:26,102 | INFO | test_ui_to_api_validation | Note creation completed
2026-05-07 11:54:26,102 | INFO | NotesPage | Checking if note exists: E2E-a0e92686-3b29-49df-b8ba-86fc057972ad
2026-05-07 11:54:26,651 | INFO | NotesPage | Note found: E2E-a0e92686-3b29-49df-b8ba-86fc057972ad
2026-05-07 11:54:26,651 | INFO | test_ui_to_api_validation | Note visible in UI successfully
2026-05-07 11:54:26,651 | INFO | test_ui_to_api_validation | Calling GET /notes API
2026-05-07 11:54:26,651 | INFO | NotesAPI | GET Request -> https://practice.expandtesting.com/notes/api/notes
2026-05-07 11:54:27,467 | INFO | NotesAPI | Response Status -> 200
2026-05-07 11:54:27,467 | INFO | test_ui_to_api_validation | API Response Status: 200
2026-05-07 11:54:27,468 | INFO | test_ui_to_api_validation | API Response Time: 0.814524
2026-05-07 11:54:27,469 | INFO | test_ui_to_api_validation | Total Notes Returned: 112
2026-05-07 11:54:27,469 | INFO | test_ui_to_api_validation | Matched Note: {'id': '69fc301881124e02985c630a', 'title': 'E2E-a0e92686-3b29-49df-b8ba-86fc057972ad', 'description': 'Hybrid UI API Validation', 'category': 'Home', 'completed': False, 'created_at': '2026-05-07T06:24:24.751Z', 'updated_at': '2026-05-07T06:24:24.751Z', 'user_id': '69fb505d81124e02985b5b90'}
2026-05-07 11:54:27,469 | INFO | test_ui_to_api_validation | E2E UI -> API validation PASSED
2026-05-07 11:54:27,472 | INFO | conftest | Closing browser
2026-05-07 11:54:29,715 | INFO | conftest | Launching Chrome browser
2026-05-07 11:54:29,716 | INFO | conftest | Running tests locally
2026-05-07 11:54:33,132 | INFO | conftest | Performing login fixture setup
2026-05-07 11:55:07,036 | INFO | LoginPage | Attempting login with email: raghu1@gmail.com
2026-05-07 11:55:07,036 | INFO | LoginPage | Typing 'raghu1@gmail.com' into element: ('id', 'email')
2026-05-07 11:55:07,103 | INFO | LoginPage | Typing 'raghu1' into element: ('id', 'password')
2026-05-07 11:55:07,175 | INFO | LoginPage | Login button clicked
2026-05-07 11:55:07,176 | INFO | conftest | Login fixture completed
2026-05-07 11:55:07,176 | INFO | NotesPage | Creating note | Title: Automation-e756b276-c649-4e0c-ae3a-c9828201dc15
2026-05-07 11:55:07,177 | INFO | NotesPage | Clicking Add Note button
2026-05-07 11:55:08,008 | INFO | NotesPage | Entering title: Automation-e756b276-c649-4e0c-ae3a-c9828201dc15
2026-05-07 11:55:08,009 | INFO | NotesPage | Typing 'Automation-e756b276-c649-4e0c-ae3a-c9828201dc15' into element: ('id', 'title')
2026-05-07 11:55:08,152 | INFO | NotesPage | Entering description
2026-05-07 11:55:08,152 | INFO | NotesPage | Typing 'This is automation testing' into element: ('id', 'description')
2026-05-07 11:55:08,269 | INFO | NotesPage | Selecting category: Home
2026-05-07 11:55:08,364 | INFO | NotesPage | Clicking Create button
2026-05-07 11:55:08,394 | INFO | NotesPage | Checking if note exists: Automation-e756b276-c649-4e0c-ae3a-c9828201dc15
2026-05-07 11:55:12,020 | WARNING | NotesPage | Stale element detected. Retrying...
2026-05-07 11:55:12,784 | INFO | NotesPage | Note created successfully | Title: Automation-e756b276-c649-4e0c-ae3a-c9828201dc15
2026-05-07 11:55:12,784 | INFO | NotesPage | Checking if note exists: Automation-e756b276-c649-4e0c-ae3a-c9828201dc15
2026-05-07 11:55:13,397 | INFO | NotesPage | Note found: Automation-e756b276-c649-4e0c-ae3a-c9828201dc15
2026-05-07 11:55:13,397 | INFO | conftest | Closing browser
2026-05-07 11:55:15,693 | INFO | conftest | Launching Chrome browser
2026-05-07 11:55:15,694 | INFO | conftest | Running tests locally
2026-05-07 11:55:18,213 | INFO | conftest | Performing login fixture setup
2026-05-07 11:55:22,899 | INFO | LoginPage | Attempting login with email: raghu1@gmail.com
2026-05-07 11:55:22,900 | INFO | LoginPage | Typing 'raghu1@gmail.com' into element: ('id', 'email')
2026-05-07 11:55:22,987 | INFO | LoginPage | Typing 'raghu1' into element: ('id', 'password')
2026-05-07 11:55:23,071 | INFO | LoginPage | Login button clicked
2026-05-07 11:55:23,071 | INFO | conftest | Login fixture completed
2026-05-07 11:55:23,072 | INFO | NotesPage | Creating note | Title: Instant-49047226-33f8-49a6-8fa9-08bd148c8d8c
2026-05-07 11:55:23,072 | INFO | NotesPage | Clicking Add Note button
2026-05-07 11:55:23,843 | INFO | NotesPage | Entering title: Instant-49047226-33f8-49a6-8fa9-08bd148c8d8c
2026-05-07 11:55:23,843 | INFO | NotesPage | Typing 'Instant-49047226-33f8-49a6-8fa9-08bd148c8d8c' into element: ('id', 'title')
2026-05-07 11:55:23,960 | INFO | NotesPage | Entering description
2026-05-07 11:55:23,960 | INFO | NotesPage | Typing 'DOM validation' into element: ('id', 'description')
2026-05-07 11:55:24,043 | INFO | NotesPage | Selecting category: Work
2026-05-07 11:55:24,123 | INFO | NotesPage | Clicking Create button
2026-05-07 11:55:24,148 | INFO | NotesPage | Checking if note exists: Instant-49047226-33f8-49a6-8fa9-08bd148c8d8c
2026-05-07 11:55:26,555 | WARNING | NotesPage | Stale element detected. Retrying...
2026-05-07 11:55:27,081 | INFO | NotesPage | Note created successfully | Title: Instant-49047226-33f8-49a6-8fa9-08bd148c8d8c
2026-05-07 11:55:27,081 | INFO | NotesPage | Checking if note exists: Instant-49047226-33f8-49a6-8fa9-08bd148c8d8c
2026-05-07 11:55:27,545 | INFO | NotesPage | Note found: Instant-49047226-33f8-49a6-8fa9-08bd148c8d8c
2026-05-07 11:55:27,545 | INFO | conftest | Closing browser
2026-05-07 11:55:29,815 | INFO | conftest | Launching Chrome browser
2026-05-07 11:55:29,816 | INFO | conftest | Running tests locally
2026-05-07 11:55:58,171 | INFO | LoginPage | Attempting login with email: raghu1@gmail.com
2026-05-07 11:55:58,171 | INFO | LoginPage | Typing 'raghu1@gmail.com' into element: ('id', 'email')
2026-05-07 11:55:58,241 | INFO | LoginPage | Typing 'raghu1' into element: ('id', 'password')
2026-05-07 11:55:58,336 | INFO | LoginPage | Login button clicked
2026-05-07 11:55:58,336 | INFO | LoginPage | Validating login success
2026-05-07 11:55:58,762 | INFO | conftest | Closing browser
2026-05-07 11:56:00,920 | INFO | conftest | Launching Chrome browser
2026-05-07 11:56:00,920 | INFO | conftest | Running tests locally
2026-05-07 11:56:28,293 | INFO | LoginPage | Attempting login with email: wrong@test.com
2026-05-07 11:56:28,293 | INFO | LoginPage | Typing 'wrong@test.com' into element: ('id', 'email')
2026-05-07 11:56:28,366 | INFO | LoginPage | Typing 'Password123' into element: ('id', 'password')
2026-05-07 11:56:28,441 | INFO | LoginPage | Login button clicked
2026-05-07 11:56:28,801 | INFO | conftest | Closing browser
2026-05-07 11:56:31,015 | INFO | conftest | Launching Chrome browser
2026-05-07 11:56:31,016 | INFO | conftest | Running tests locally
2026-05-07 11:56:38,512 | INFO | LoginPage | Attempting login with email: 
2026-05-07 11:56:38,512 | INFO | LoginPage | Typing '' into element: ('id', 'email')
2026-05-07 11:56:38,555 | INFO | LoginPage | Typing 'Password123' into element: ('id', 'password')
2026-05-07 11:56:38,628 | INFO | LoginPage | Login button clicked
2026-05-07 11:56:43,682 | INFO | conftest | Closing browser
2026-05-07 11:56:45,816 | INFO | conftest | Launching Chrome browser
2026-05-07 11:56:45,816 | INFO | conftest | Running tests locally
2026-05-07 11:57:20,603 | INFO | LoginPage | Attempting login with email: 
2026-05-07 11:57:20,603 | INFO | LoginPage | Typing '' into element: ('id', 'email')
2026-05-07 11:57:20,661 | INFO | LoginPage | Typing '' into element: ('id', 'password')
2026-05-07 11:57:20,728 | INFO | LoginPage | Login button clicked
2026-05-07 11:57:25,775 | INFO | conftest | Closing browser
2026-05-07 11:57:27,922 | INFO | conftest | Launching Chrome browser
2026-05-07 11:57:27,922 | INFO | conftest | Running tests locally
2026-05-07 11:57:29,848 | INFO | conftest | Performing login fixture setup
2026-05-07 11:57:54,384 | INFO | LoginPage | Attempting login with email: raghu1@gmail.com
2026-05-07 11:57:54,384 | INFO | LoginPage | Typing 'raghu1@gmail.com' into element: ('id', 'email')
2026-05-07 11:57:54,455 | INFO | LoginPage | Typing 'raghu1' into element: ('id', 'password')
2026-05-07 11:57:54,557 | INFO | LoginPage | Login button clicked
2026-05-07 11:57:54,557 | INFO | conftest | Login fixture completed
2026-05-07 11:57:54,558 | INFO | NotesPage | Clicking Add Note button
2026-05-07 11:57:55,382 | INFO | NotesPage | Entering description
2026-05-07 11:57:55,382 | INFO | NotesPage | Typing 'Missing title' into element: ('id', 'description')
2026-05-07 11:57:55,483 | INFO | NotesPage | Selecting category: Home
2026-05-07 11:57:55,557 | INFO | NotesPage | Clicking Create button
2026-05-07 11:57:55,595 | INFO | NotesPage | Fetching validation errors
2026-05-07 11:57:55,638 | INFO | conftest | Closing browser
2026-05-07 11:57:57,767 | INFO | conftest | Launching Chrome browser
2026-05-07 11:57:57,768 | INFO | conftest | Running tests locally
2026-05-07 11:58:00,221 | INFO | conftest | Performing login fixture setup
2026-05-07 11:58:06,628 | INFO | LoginPage | Attempting login with email: raghu1@gmail.com
2026-05-07 11:58:06,628 | INFO | LoginPage | Typing 'raghu1@gmail.com' into element: ('id', 'email')
2026-05-07 11:58:06,703 | INFO | LoginPage | Typing 'raghu1' into element: ('id', 'password')
2026-05-07 11:58:06,773 | INFO | LoginPage | Login button clicked
2026-05-07 11:58:06,773 | INFO | conftest | Login fixture completed
2026-05-07 11:58:06,774 | INFO | NotesPage | Clicking Add Note button
2026-05-07 11:58:07,582 | INFO | NotesPage | Entering title: Negative-cbefa264-4f53-44fe-9572-47d26dd849e7
2026-05-07 11:58:07,583 | INFO | NotesPage | Typing 'Negative-cbefa264-4f53-44fe-9572-47d26dd849e7' into element: ('id', 'title')
2026-05-07 11:58:07,721 | INFO | NotesPage | Selecting category: Work
2026-05-07 11:58:07,820 | INFO | NotesPage | Clicking Create button
2026-05-07 11:58:07,849 | INFO | NotesPage | Fetching validation errors
2026-05-07 11:58:07,877 | INFO | conftest | Closing browser
2026-05-07 11:58:20,658 | INFO | AuthAPI | POST Request -> https://practice.expandtesting.com/notes/api/users/login
2026-05-07 11:58:20,658 | INFO | AuthAPI | Payload -> {'email': 'raghu1@gmail.com', 'password': 'raghu1'}
2026-05-07 11:58:20,658 | INFO | AuthAPI | POST Request -> https://practice.expandtesting.com/notes/api/users/login
2026-05-07 11:58:20,658 | INFO | AuthAPI | Payload -> {'email': 'raghu1@gmail.com', 'password': 'raghu1'}
2026-05-07 11:58:20,659 | INFO | AuthAPI | POST Request -> https://practice.expandtesting.com/notes/api/users/login
2026-05-07 11:58:20,659 | INFO | AuthAPI | Payload -> {'email': 'raghu1@gmail.com', 'password': 'raghu1'}
2026-05-07 11:58:20,659 | INFO | AuthAPI | POST Request -> https://practice.expandtesting.com/notes/api/users/login
2026-05-07 11:58:20,659 | INFO | AuthAPI | Payload -> {'email': '', 'password': ''}
2026-05-07 11:58:22,963 | INFO | AuthAPI | Response Status -> 400
2026-05-07 11:58:22,967 | INFO | AuthAPI | POST Request -> https://practice.expandtesting.com/notes/api/users/login
2026-05-07 11:58:22,967 | INFO | AuthAPI | Payload -> {'email': 'raghu1@gmail.com', 'password': 'raghu1'}
2026-05-07 11:58:23,122 | INFO | AuthAPI | Response Status -> 200
2026-05-07 11:58:23,124 | INFO | NotesAPI | GET Request -> https://practice.expandtesting.com/notes/api/notes
2026-05-07 11:58:23,126 | INFO | AuthAPI | POST Request -> https://practice.expandtesting.com/notes/api/users/login
2026-05-07 11:58:23,126 | INFO | AuthAPI | Payload -> {'email': 'wrong@test.com', 'password': 'wrongpass'}
2026-05-07 11:58:23,216 | INFO | AuthAPI | Response Status -> 200
2026-05-07 11:58:23,218 | INFO | NotesAPI | POST Request -> https://practice.expandtesting.com/notes/api/notes
2026-05-07 11:58:23,218 | INFO | NotesAPI | Payload -> {'title': 'DELETE-752a4c92-28a2-4490-aa8e-3d79d75e11de', 'description': 'Delete Description', 'category': 'Work'}
2026-05-07 11:58:23,911 | INFO | AuthAPI | Response Status -> 200
2026-05-07 11:58:23,915 | INFO | NotesAPI | POST Request -> https://practice.expandtesting.com/notes/api/notes
2026-05-07 11:58:23,915 | INFO | NotesAPI | Payload -> {'title': 'API-d088fb55-d262-4936-ad2a-78c7b3368d03', 'description': 'API Automation Description', 'category': 'Home'}
2026-05-07 11:58:24,048 | INFO | NotesAPI | Response Status -> 200
2026-05-07 11:58:24,048 | INFO | NotesAPI | Response Status -> 200
2026-05-07 11:58:24,048 | INFO | NotesAPI | DELETE Request -> https://practice.expandtesting.com/notes/api/notes/69fc310981124e02985c672b
2026-05-07 11:58:24,051 | INFO | NotesAPI | GET Request -> https://practice.expandtesting.com/notes/api/notes
2026-05-07 11:58:24,182 | INFO | AuthAPI | Response Status -> 401
2026-05-07 11:58:24,185 | INFO | AuthAPI | POST Request -> https://practice.expandtesting.com/notes/api/users/login
2026-05-07 11:58:24,186 | INFO | AuthAPI | Payload -> {'email': 'raghu1@gmail.com', 'password': 'raghu1'}
2026-05-07 11:58:24,909 | INFO | NotesAPI | Response Status -> 401
2026-05-07 11:58:24,909 | INFO | NotesAPI | Response Status -> 200
2026-05-07 11:58:24,912 | INFO | AuthAPI | POST Request -> https://practice.expandtesting.com/notes/api/users/login
2026-05-07 11:58:24,912 | INFO | AuthAPI | Payload -> {'email': 'raghu1@gmail.com', 'password': 'raghu1'}
2026-05-07 11:58:24,912 | INFO | AuthAPI | POST Request -> https://practice.expandtesting.com/notes/api/users/login
2026-05-07 11:58:24,912 | INFO | AuthAPI | Payload -> {'email': 'raghu1@gmail.com', 'password': 'raghu1'}
2026-05-07 11:58:25,001 | INFO | NotesAPI | Response Status -> 200
2026-05-07 11:58:25,002 | INFO | NotesAPI | GET Request -> https://practice.expandtesting.com/notes/api/notes
2026-05-07 11:58:25,131 | INFO | AuthAPI | Response Status -> 200
2026-05-07 11:58:25,132 | INFO | NotesAPI | POST Request -> https://practice.expandtesting.com/notes/api/notes
2026-05-07 11:58:25,132 | INFO | NotesAPI | Payload -> {'title': '', 'description': 'Description', 'category': 'Home'}
2026-05-07 11:58:25,867 | INFO | NotesAPI | Response Status -> 400
2026-05-07 11:58:25,867 | INFO | AuthAPI | Response Status -> 200
2026-05-07 11:58:25,868 | INFO | NotesAPI | Response Status -> 200
2026-05-07 11:58:25,871 | INFO | NotesAPI | DELETE Request -> https://practice.expandtesting.com/notes/api/notes/123456789
2026-05-07 11:58:25,872 | INFO | conftest | Launching Chrome browser
2026-05-07 11:58:25,874 | INFO | AuthAPI | POST Request -> https://practice.expandtesting.com/notes/api/users/login
2026-05-07 11:58:25,874 | INFO | conftest | Running tests locally
2026-05-07 11:58:25,874 | INFO | AuthAPI | Payload -> {'email': 'raghu1@gmail.com', 'password': 'raghu1'}
2026-05-07 11:58:26,068 | INFO | AuthAPI | Response Status -> 200
2026-05-07 11:58:26,071 | INFO | NotesAPI | POST Request -> https://practice.expandtesting.com/notes/api/notes
2026-05-07 11:58:26,071 | INFO | NotesAPI | Payload -> {'title': 'Title', 'description': '', 'category': 'Home'}
2026-05-07 11:58:26,932 | INFO | NotesAPI | Response Status -> 400
2026-05-07 11:58:26,932 | INFO | NotesAPI | Response Status -> 400
2026-05-07 11:58:26,938 | INFO | conftest | Launching Chrome browser
2026-05-07 11:58:26,938 | INFO | conftest | Launching Chrome browser
2026-05-07 11:58:26,940 | INFO | conftest | Running tests locally
2026-05-07 11:58:26,940 | INFO | conftest | Running tests locally
2026-05-07 11:58:27,764 | INFO | AuthAPI | Response Status -> 200
2026-05-07 11:58:27,765 | INFO | test_get_notes | Starting test_get_all_notes
2026-05-07 11:58:27,766 | INFO | NotesAPI | GET Request -> https://practice.expandtesting.com/notes/api/notes
2026-05-07 11:58:28,743 | INFO | NotesAPI | Response Status -> 200
2026-05-07 11:58:28,743 | INFO | test_get_notes | Response received: 200
2026-05-07 11:58:28,744 | INFO | test_get_notes | test_get_all_notes PASSED
2026-05-07 11:58:28,748 | INFO | conftest | Launching Chrome browser
2026-05-07 11:58:28,752 | INFO | conftest | Running tests locally
2026-05-07 11:58:28,859 | INFO | conftest | Performing login fixture setup
2026-05-07 11:58:31,664 | INFO | conftest | Launching Chrome browser
2026-05-07 11:58:31,664 | INFO | conftest | Running tests locally
2026-05-07 11:58:32,006 | INFO | conftest | Launching Chrome browser
2026-05-07 11:58:32,006 | INFO | conftest | Running tests locally
2026-05-07 11:58:34,458 | INFO | conftest | Launching Chrome browser
2026-05-07 11:58:34,459 | INFO | conftest | Running tests locally
2026-05-07 11:58:36,790 | INFO | conftest | Launching Chrome browser
2026-05-07 11:58:36,790 | INFO | conftest | Running tests locally
2026-05-07 11:58:36,847 | INFO | conftest | Launching Chrome browser
2026-05-07 11:58:36,848 | INFO | conftest | Running tests locally
2026-05-07 11:58:54,294 | INFO | LoginPage | Attempting login with email: raghu1@gmail.com
2026-05-07 11:58:54,294 | INFO | LoginPage | Typing 'raghu1@gmail.com' into element: ('id', 'email')
2026-05-07 11:58:54,430 | INFO | LoginPage | Typing 'raghu1' into element: ('id', 'password')
2026-05-07 11:58:54,699 | INFO | LoginPage | Login button clicked
2026-05-07 11:58:54,700 | INFO | conftest | Login fixture completed
2026-05-07 11:58:54,701 | INFO | AuthAPI | POST Request -> https://practice.expandtesting.com/notes/api/users/login
2026-05-07 11:58:54,702 | INFO | AuthAPI | Payload -> {'email': 'raghu1@gmail.com', 'password': 'raghu1'}
2026-05-07 11:58:55,432 | INFO | AuthAPI | Response Status -> 200
2026-05-07 11:58:55,434 | INFO | test_api_to_ui_validation | STARTING E2E TEST: API -> UI
2026-05-07 11:58:55,434 | INFO | test_api_to_ui_validation | Creating note via UI | Title: DELETE-e7af9ccc-10c8-41f9-8235-fa475681f033
2026-05-07 11:58:55,434 | INFO | NotesPage | Creating note | Title: DELETE-e7af9ccc-10c8-41f9-8235-fa475681f033
2026-05-07 11:58:55,434 | INFO | NotesPage | Clicking Add Note button
2026-05-07 11:58:56,164 | INFO | NotesPage | Entering title: DELETE-e7af9ccc-10c8-41f9-8235-fa475681f033
2026-05-07 11:58:56,164 | INFO | NotesPage | Typing 'DELETE-e7af9ccc-10c8-41f9-8235-fa475681f033' into element: ('id', 'title')
2026-05-07 11:58:56,465 | INFO | NotesPage | Entering description
2026-05-07 11:58:56,465 | INFO | NotesPage | Typing 'Delete validation' into element: ('id', 'description')
2026-05-07 11:58:56,601 | INFO | NotesPage | Selecting category: Work
2026-05-07 11:58:56,713 | INFO | NotesPage | Clicking Create button
2026-05-07 11:58:56,740 | INFO | NotesPage | Checking if note exists: DELETE-e7af9ccc-10c8-41f9-8235-fa475681f033
2026-05-07 11:59:00,563 | WARNING | NotesPage | Stale element detected. Retrying...
2026-05-07 11:59:01,384 | INFO | NotesPage | Note created successfully | Title: DELETE-e7af9ccc-10c8-41f9-8235-fa475681f033
2026-05-07 11:59:01,384 | INFO | test_api_to_ui_validation | Note created successfully
2026-05-07 11:59:01,384 | INFO | NotesPage | Checking if note exists: DELETE-e7af9ccc-10c8-41f9-8235-fa475681f033
2026-05-07 11:59:01,904 | INFO | NotesPage | Note found: DELETE-e7af9ccc-10c8-41f9-8235-fa475681f033
2026-05-07 11:59:01,904 | INFO | test_api_to_ui_validation | Note created and visible in UI
2026-05-07 11:59:01,904 | INFO | NotesAPI | GET Request -> https://practice.expandtesting.com/notes/api/notes
2026-05-07 11:59:02,540 | INFO | NotesAPI | Response Status -> 200
2026-05-07 11:59:02,540 | INFO | test_api_to_ui_validation | GET Notes Status: 200
2026-05-07 11:59:02,541 | INFO | test_api_to_ui_validation | Located Note ID: 69fc312a81124e02985c67de
2026-05-07 11:59:02,541 | INFO | test_api_to_ui_validation | Deleting note via API | ID: 69fc312a81124e02985c67de
2026-05-07 11:59:02,542 | INFO | NotesAPI | DELETE Request -> https://practice.expandtesting.com/notes/api/notes/69fc312a81124e02985c67de
2026-05-07 11:59:03,437 | INFO | NotesAPI | Response Status -> 200
2026-05-07 11:59:03,437 | INFO | test_api_to_ui_validation | Delete Status: 200
2026-05-07 11:59:03,438 | INFO | test_api_to_ui_validation | Refreshing UI page
2026-05-07 11:59:03,438 | INFO | NotesPage | Refreshing browser page
2026-05-07 11:59:06,016 | INFO | NotesPage | Checking if note exists: DELETE-e7af9ccc-10c8-41f9-8235-fa475681f033
2026-05-07 11:59:07,157 | WARNING | NotesPage | Note NOT found: DELETE-e7af9ccc-10c8-41f9-8235-fa475681f033
2026-05-07 11:59:07,157 | INFO | test_api_to_ui_validation | Deleted note removed from UI successfully
2026-05-07 11:59:07,157 | INFO | test_api_to_ui_validation | E2E API -> UI validation PASSED
2026-05-07 11:59:07,159 | INFO | conftest | Closing browser
2026-05-07 11:59:09,423 | INFO | conftest | Launching Chrome browser
2026-05-07 11:59:09,424 | INFO | conftest | Running tests locally
2026-05-07 11:59:11,905 | INFO | conftest | Performing login fixture setup
2026-05-07 11:59:16,960 | INFO | LoginPage | Attempting login with email: raghu1@gmail.com
2026-05-07 11:59:16,960 | INFO | LoginPage | Typing 'raghu1@gmail.com' into element: ('id', 'email')
2026-05-07 11:59:17,034 | INFO | LoginPage | Typing 'raghu1' into element: ('id', 'password')
2026-05-07 11:59:17,106 | INFO | LoginPage | Login button clicked
2026-05-07 11:59:17,106 | INFO | conftest | Login fixture completed
2026-05-07 11:59:17,107 | INFO | NotesPage | Creating note | Title: Instant-85d7d744-76f7-4614-a467-f2db9463c6ef
2026-05-07 11:59:17,107 | INFO | NotesPage | Clicking Add Note button
2026-05-07 11:59:18,167 | INFO | NotesPage | Entering title: Instant-85d7d744-76f7-4614-a467-f2db9463c6ef
2026-05-07 11:59:18,168 | INFO | NotesPage | Typing 'Instant-85d7d744-76f7-4614-a467-f2db9463c6ef' into element: ('id', 'title')
2026-05-07 11:59:18,289 | INFO | NotesPage | Entering description
2026-05-07 11:59:18,289 | INFO | NotesPage | Typing 'DOM validation' into element: ('id', 'description')
2026-05-07 11:59:18,355 | INFO | NotesPage | Selecting category: Work
2026-05-07 11:59:18,447 | INFO | NotesPage | Clicking Create button
2026-05-07 11:59:18,474 | INFO | NotesPage | Checking if note exists: Instant-85d7d744-76f7-4614-a467-f2db9463c6ef
2026-05-07 11:59:20,484 | WARNING | NotesPage | Stale element detected. Retrying...
2026-05-07 11:59:21,319 | INFO | NotesPage | Note created successfully | Title: Instant-85d7d744-76f7-4614-a467-f2db9463c6ef
2026-05-07 11:59:21,319 | INFO | NotesPage | Checking if note exists: Instant-85d7d744-76f7-4614-a467-f2db9463c6ef
2026-05-07 11:59:21,789 | INFO | NotesPage | Note found: Instant-85d7d744-76f7-4614-a467-f2db9463c6ef
2026-05-07 11:59:21,790 | INFO | conftest | Closing browser
2026-05-07 11:59:41,177 | INFO | AuthAPI | POST Request -> https://practice.expandtesting.com/notes/api/users/login
2026-05-07 11:59:41,177 | INFO | AuthAPI | Payload -> {'email': 'raghu1@gmail.com', 'password': 'raghu1'}
2026-05-07 11:59:41,922 | INFO | AuthAPI | Response Status -> 200
2026-05-07 11:59:41,928 | INFO | AuthAPI | POST Request -> https://practice.expandtesting.com/notes/api/users/login
2026-05-07 11:59:41,929 | INFO | AuthAPI | Payload -> {'email': 'wrong@test.com', 'password': 'wrongpass'}
2026-05-07 11:59:42,551 | INFO | AuthAPI | Response Status -> 401
2026-05-07 11:59:42,557 | INFO | AuthAPI | POST Request -> https://practice.expandtesting.com/notes/api/users/login
2026-05-07 11:59:42,558 | INFO | AuthAPI | Payload -> {'email': '', 'password': ''}
2026-05-07 11:59:43,205 | INFO | AuthAPI | Response Status -> 400
2026-05-07 11:59:43,211 | INFO | AuthAPI | POST Request -> https://practice.expandtesting.com/notes/api/users/login
2026-05-07 11:59:43,212 | INFO | AuthAPI | Payload -> {'email': 'raghu1@gmail.com', 'password': 'raghu1'}
2026-05-07 11:59:44,010 | INFO | AuthAPI | Response Status -> 200
2026-05-07 11:59:44,014 | INFO | NotesAPI | POST Request -> https://practice.expandtesting.com/notes/api/notes
2026-05-07 11:59:44,015 | INFO | NotesAPI | Payload -> {'title': 'API-39e3e38b-bdaf-458c-9dbd-8617724199db', 'description': 'API Automation Description', 'category': 'Home'}
2026-05-07 11:59:44,662 | INFO | NotesAPI | Response Status -> 200
2026-05-07 11:59:44,666 | INFO | AuthAPI | POST Request -> https://practice.expandtesting.com/notes/api/users/login
2026-05-07 11:59:44,666 | INFO | AuthAPI | Payload -> {'email': 'raghu1@gmail.com', 'password': 'raghu1'}
2026-05-07 11:59:45,328 | INFO | AuthAPI | Response Status -> 200
2026-05-07 11:59:45,331 | INFO | NotesAPI | POST Request -> https://practice.expandtesting.com/notes/api/notes
2026-05-07 11:59:45,332 | INFO | NotesAPI | Payload -> {'title': 'DELETE-77e440eb-032b-4607-a9d0-2ae001910fac', 'description': 'Delete Description', 'category': 'Work'}
2026-05-07 11:59:45,892 | INFO | NotesAPI | Response Status -> 200
2026-05-07 11:59:45,892 | INFO | NotesAPI | DELETE Request -> https://practice.expandtesting.com/notes/api/notes/69fc315b81124e02985c6903
2026-05-07 11:59:46,765 | INFO | NotesAPI | Response Status -> 200
2026-05-07 11:59:46,765 | INFO | NotesAPI | GET Request -> https://practice.expandtesting.com/notes/api/notes
2026-05-07 11:59:47,684 | INFO | NotesAPI | Response Status -> 200
2026-05-07 11:59:47,692 | INFO | AuthAPI | POST Request -> https://practice.expandtesting.com/notes/api/users/login
2026-05-07 11:59:47,693 | INFO | AuthAPI | Payload -> {'email': 'raghu1@gmail.com', 'password': 'raghu1'}
2026-05-07 11:59:48,346 | INFO | AuthAPI | Response Status -> 200
2026-05-07 11:59:48,347 | INFO | test_get_notes | Starting test_get_all_notes
2026-05-07 11:59:48,347 | INFO | NotesAPI | GET Request -> https://practice.expandtesting.com/notes/api/notes
2026-05-07 11:59:48,954 | INFO | NotesAPI | Response Status -> 200
2026-05-07 11:59:48,954 | INFO | test_get_notes | Response received: 200
2026-05-07 11:59:48,955 | INFO | test_get_notes | test_get_all_notes PASSED
2026-05-07 11:59:48,961 | INFO | AuthAPI | POST Request -> https://practice.expandtesting.com/notes/api/users/login
2026-05-07 11:59:48,962 | INFO | AuthAPI | Payload -> {'email': 'raghu1@gmail.com', 'password': 'raghu1'}
2026-05-07 11:59:49,620 | INFO | AuthAPI | Response Status -> 200
2026-05-07 11:59:49,624 | INFO | NotesAPI | GET Request -> https://practice.expandtesting.com/notes/api/notes
2026-05-07 11:59:50,324 | INFO | NotesAPI | Response Status -> 200
2026-05-07 11:59:50,330 | INFO | NotesAPI | GET Request -> https://practice.expandtesting.com/notes/api/notes
2026-05-07 11:59:50,957 | INFO | NotesAPI | Response Status -> 401
2026-05-07 11:59:50,961 | INFO | AuthAPI | POST Request -> https://practice.expandtesting.com/notes/api/users/login
2026-05-07 11:59:50,961 | INFO | AuthAPI | Payload -> {'email': 'raghu1@gmail.com', 'password': 'raghu1'}
2026-05-07 11:59:51,706 | INFO | AuthAPI | Response Status -> 200
2026-05-07 11:59:51,710 | INFO | NotesAPI | DELETE Request -> https://practice.expandtesting.com/notes/api/notes/123456789
2026-05-07 11:59:52,272 | INFO | NotesAPI | Response Status -> 400
2026-05-07 11:59:52,278 | INFO | AuthAPI | POST Request -> https://practice.expandtesting.com/notes/api/users/login
2026-05-07 11:59:52,278 | INFO | AuthAPI | Payload -> {'email': 'raghu1@gmail.com', 'password': 'raghu1'}
2026-05-07 11:59:52,963 | INFO | AuthAPI | Response Status -> 200
2026-05-07 11:59:52,967 | INFO | NotesAPI | POST Request -> https://practice.expandtesting.com/notes/api/notes
2026-05-07 11:59:52,967 | INFO | NotesAPI | Payload -> {'title': '', 'description': 'Description', 'category': 'Home'}
2026-05-07 11:59:53,543 | INFO | NotesAPI | Response Status -> 400
2026-05-07 11:59:53,550 | INFO | AuthAPI | POST Request -> https://practice.expandtesting.com/notes/api/users/login
2026-05-07 11:59:53,550 | INFO | AuthAPI | Payload -> {'email': 'raghu1@gmail.com', 'password': 'raghu1'}
2026-05-07 11:59:54,474 | INFO | AuthAPI | Response Status -> 200
2026-05-07 11:59:54,477 | INFO | NotesAPI | POST Request -> https://practice.expandtesting.com/notes/api/notes
2026-05-07 11:59:54,477 | INFO | NotesAPI | Payload -> {'title': 'Title', 'description': '', 'category': 'Home'}
2026-05-07 11:59:55,078 | INFO | NotesAPI | Response Status -> 400
2026-05-07 11:59:55,084 | INFO | conftest | Launching Chrome browser
2026-05-07 11:59:55,089 | INFO | conftest | Running tests locally
2026-05-07 11:59:57,535 | INFO | conftest | Performing login fixture setup
2026-05-07 12:00:23,747 | INFO | LoginPage | Attempting login with email: raghu1@gmail.com
2026-05-07 12:00:23,748 | INFO | LoginPage | Typing 'raghu1@gmail.com' into element: ('id', 'email')
2026-05-07 12:00:23,821 | INFO | LoginPage | Typing 'raghu1' into element: ('id', 'password')
2026-05-07 12:00:23,942 | INFO | LoginPage | Login button clicked
2026-05-07 12:00:23,942 | INFO | conftest | Login fixture completed
2026-05-07 12:00:23,943 | INFO | AuthAPI | POST Request -> https://practice.expandtesting.com/notes/api/users/login
2026-05-07 12:00:23,944 | INFO | AuthAPI | Payload -> {'email': 'raghu1@gmail.com', 'password': 'raghu1'}
2026-05-07 12:00:24,857 | INFO | AuthAPI | Response Status -> 200
2026-05-07 12:00:24,859 | INFO | test_api_to_ui_validation | STARTING E2E TEST: API -> UI
2026-05-07 12:00:24,859 | INFO | test_api_to_ui_validation | Creating note via UI | Title: DELETE-238aa25e-0194-4f35-badd-fd65067b2a77
2026-05-07 12:00:24,859 | INFO | NotesPage | Creating note | Title: DELETE-238aa25e-0194-4f35-badd-fd65067b2a77
2026-05-07 12:00:24,859 | INFO | NotesPage | Clicking Add Note button
2026-05-07 12:00:25,138 | INFO | NotesPage | Entering title: DELETE-238aa25e-0194-4f35-badd-fd65067b2a77
2026-05-07 12:00:25,138 | INFO | NotesPage | Typing 'DELETE-238aa25e-0194-4f35-badd-fd65067b2a77' into element: ('id', 'title')
2026-05-07 12:00:25,248 | INFO | NotesPage | Entering description
2026-05-07 12:00:25,248 | INFO | NotesPage | Typing 'Delete validation' into element: ('id', 'description')
2026-05-07 12:00:25,326 | INFO | NotesPage | Selecting category: Work
2026-05-07 12:00:25,440 | INFO | NotesPage | Clicking Create button
2026-05-07 12:00:25,502 | INFO | NotesPage | Checking if note exists: DELETE-238aa25e-0194-4f35-badd-fd65067b2a77
2026-05-07 12:00:29,716 | WARNING | NotesPage | Stale element detected. Retrying...
2026-05-07 12:00:30,484 | INFO | NotesPage | Note created successfully | Title: DELETE-238aa25e-0194-4f35-badd-fd65067b2a77
2026-05-07 12:00:30,484 | INFO | test_api_to_ui_validation | Note created successfully
2026-05-07 12:00:30,484 | INFO | NotesPage | Checking if note exists: DELETE-238aa25e-0194-4f35-badd-fd65067b2a77
2026-05-07 12:00:31,131 | INFO | NotesPage | Note found: DELETE-238aa25e-0194-4f35-badd-fd65067b2a77
2026-05-07 12:00:31,131 | INFO | test_api_to_ui_validation | Note created and visible in UI
2026-05-07 12:00:31,131 | INFO | NotesAPI | GET Request -> https://practice.expandtesting.com/notes/api/notes
2026-05-07 12:00:31,881 | INFO | NotesAPI | Response Status -> 200
2026-05-07 12:00:31,881 | INFO | test_api_to_ui_validation | GET Notes Status: 200
2026-05-07 12:00:31,882 | INFO | test_api_to_ui_validation | Located Note ID: 69fc318381124e02985c69e9
2026-05-07 12:00:31,882 | INFO | test_api_to_ui_validation | Deleting note via API | ID: 69fc318381124e02985c69e9
2026-05-07 12:00:31,882 | INFO | NotesAPI | DELETE Request -> https://practice.expandtesting.com/notes/api/notes/69fc318381124e02985c69e9
2026-05-07 12:00:32,499 | INFO | NotesAPI | Response Status -> 200
2026-05-07 12:00:32,499 | INFO | test_api_to_ui_validation | Delete Status: 200
2026-05-07 12:00:32,500 | INFO | test_api_to_ui_validation | Refreshing UI page
2026-05-07 12:00:32,500 | INFO | NotesPage | Refreshing browser page
2026-05-07 12:00:34,585 | INFO | NotesPage | Checking if note exists: DELETE-238aa25e-0194-4f35-badd-fd65067b2a77
2026-05-07 12:00:35,130 | WARNING | NotesPage | Note NOT found: DELETE-238aa25e-0194-4f35-badd-fd65067b2a77
2026-05-07 12:00:35,130 | INFO | test_api_to_ui_validation | Deleted note removed from UI successfully
2026-05-07 12:00:35,130 | INFO | test_api_to_ui_validation | E2E API -> UI validation PASSED
2026-05-07 12:00:35,132 | INFO | conftest | Closing browser
2026-05-07 12:00:37,408 | INFO | conftest | Launching Chrome browser
2026-05-07 12:00:37,408 | INFO | conftest | Running tests locally
2026-05-07 12:00:40,096 | INFO | conftest | Performing login fixture setup
2026-05-07 12:00:48,197 | INFO | LoginPage | Attempting login with email: raghu1@gmail.com
2026-05-07 12:00:48,197 | INFO | LoginPage | Typing 'raghu1@gmail.com' into element: ('id', 'email')
2026-05-07 12:00:48,282 | INFO | LoginPage | Typing 'raghu1' into element: ('id', 'password')
2026-05-07 12:00:48,379 | INFO | LoginPage | Login button clicked
2026-05-07 12:00:48,379 | INFO | conftest | Login fixture completed
2026-05-07 12:00:48,380 | INFO | AuthAPI | POST Request -> https://practice.expandtesting.com/notes/api/users/login
2026-05-07 12:00:48,380 | INFO | AuthAPI | Payload -> {'email': 'raghu1@gmail.com', 'password': 'raghu1'}
2026-05-07 12:00:49,350 | INFO | AuthAPI | Response Status -> 200
2026-05-07 12:00:49,352 | INFO | test_ui_to_api_validation | STARTING E2E TEST: UI -> API
2026-05-07 12:00:49,352 | INFO | test_ui_to_api_validation | Creating note from UI | Title: E2E-ac1baa2b-860f-497a-b563-cdf91492ef65
2026-05-07 12:00:49,352 | INFO | NotesPage | Creating note | Title: E2E-ac1baa2b-860f-497a-b563-cdf91492ef65
2026-05-07 12:00:49,352 | INFO | NotesPage | Clicking Add Note button
2026-05-07 12:00:49,487 | INFO | NotesPage | Entering title: E2E-ac1baa2b-860f-497a-b563-cdf91492ef65
2026-05-07 12:00:49,487 | INFO | NotesPage | Typing 'E2E-ac1baa2b-860f-497a-b563-cdf91492ef65' into element: ('id', 'title')
2026-05-07 12:00:49,602 | INFO | NotesPage | Entering description
2026-05-07 12:00:49,603 | INFO | NotesPage | Typing 'Hybrid UI API Validation' into element: ('id', 'description')
2026-05-07 12:00:49,693 | INFO | NotesPage | Selecting category: Home
2026-05-07 12:00:49,755 | INFO | NotesPage | Clicking Create button
2026-05-07 12:00:49,792 | INFO | NotesPage | Checking if note exists: E2E-ac1baa2b-860f-497a-b563-cdf91492ef65
2026-05-07 12:00:53,218 | WARNING | NotesPage | Stale element detected. Retrying...
2026-05-07 12:00:53,836 | INFO | NotesPage | Note created successfully | Title: E2E-ac1baa2b-860f-497a-b563-cdf91492ef65
2026-05-07 12:00:53,836 | INFO | test_ui_to_api_validation | Note creation completed
2026-05-07 12:00:53,836 | INFO | NotesPage | Checking if note exists: E2E-ac1baa2b-860f-497a-b563-cdf91492ef65
2026-05-07 12:00:54,321 | INFO | NotesPage | Note found: E2E-ac1baa2b-860f-497a-b563-cdf91492ef65
2026-05-07 12:00:54,321 | INFO | test_ui_to_api_validation | Note visible in UI successfully
2026-05-07 12:00:54,321 | INFO | test_ui_to_api_validation | Calling GET /notes API
2026-05-07 12:00:54,321 | INFO | NotesAPI | GET Request -> https://practice.expandtesting.com/notes/api/notes
2026-05-07 12:00:55,376 | INFO | NotesAPI | Response Status -> 200
2026-05-07 12:00:55,377 | INFO | test_ui_to_api_validation | API Response Status: 200
2026-05-07 12:00:55,378 | INFO | test_ui_to_api_validation | API Response Time: 1.05348
2026-05-07 12:00:55,378 | INFO | test_ui_to_api_validation | Total Notes Returned: 118
2026-05-07 12:00:55,378 | INFO | test_ui_to_api_validation | Matched Note: {'id': '69fc319b81124e02985c6ac3', 'title': 'E2E-ac1baa2b-860f-497a-b563-cdf91492ef65', 'description': 'Hybrid UI API Validation', 'category': 'Home', 'completed': False, 'created_at': '2026-05-07T06:30:51.670Z', 'updated_at': '2026-05-07T06:30:51.670Z', 'user_id': '69fb505d81124e02985b5b90'}
2026-05-07 12:00:55,379 | INFO | test_ui_to_api_validation | E2E UI -> API validation PASSED
2026-05-07 12:00:55,382 | INFO | conftest | Closing browser
2026-05-07 12:00:57,641 | INFO | conftest | Launching Chrome browser
2026-05-07 12:00:57,641 | INFO | conftest | Running tests locally
2026-05-07 12:01:00,534 | INFO | conftest | Performing login fixture setup
2026-05-07 12:01:42,252 | INFO | LoginPage | Attempting login with email: raghu1@gmail.com
2026-05-07 12:01:42,252 | INFO | LoginPage | Typing 'raghu1@gmail.com' into element: ('id', 'email')
2026-05-07 12:01:42,318 | INFO | LoginPage | Typing 'raghu1' into element: ('id', 'password')
2026-05-07 12:01:42,387 | INFO | LoginPage | Login button clicked
2026-05-07 12:01:42,387 | INFO | conftest | Login fixture completed
2026-05-07 12:01:42,388 | INFO | NotesPage | Creating note | Title: Automation-8856cdef-6d70-4df5-9706-bf9c98d98928
2026-05-07 12:01:42,388 | INFO | NotesPage | Clicking Add Note button
2026-05-07 12:01:44,282 | INFO | NotesPage | Entering title: Automation-8856cdef-6d70-4df5-9706-bf9c98d98928
2026-05-07 12:01:44,282 | INFO | NotesPage | Typing 'Automation-8856cdef-6d70-4df5-9706-bf9c98d98928' into element: ('id', 'title')
2026-05-07 12:01:44,398 | INFO | NotesPage | Entering description
2026-05-07 12:01:44,398 | INFO | NotesPage | Typing 'This is automation testing' into element: ('id', 'description')
2026-05-07 12:01:44,469 | INFO | NotesPage | Selecting category: Home
2026-05-07 12:01:44,513 | INFO | NotesPage | Clicking Create button
2026-05-07 12:01:44,563 | INFO | NotesPage | Checking if note exists: Automation-8856cdef-6d70-4df5-9706-bf9c98d98928
2026-05-07 12:01:49,598 | WARNING | NotesPage | Stale element detected. Retrying...
2026-05-07 12:01:50,928 | INFO | NotesPage | Note created successfully | Title: Automation-8856cdef-6d70-4df5-9706-bf9c98d98928
2026-05-07 12:01:50,928 | INFO | NotesPage | Checking if note exists: Automation-8856cdef-6d70-4df5-9706-bf9c98d98928
2026-05-07 12:01:51,408 | INFO | NotesPage | Note found: Automation-8856cdef-6d70-4df5-9706-bf9c98d98928
2026-05-07 12:01:51,409 | INFO | conftest | Closing browser
2026-05-07 12:01:53,520 | INFO | conftest | Launching Chrome browser
2026-05-07 12:01:53,521 | INFO | conftest | Running tests locally
2026-05-07 12:01:56,902 | INFO | conftest | Performing login fixture setup
2026-05-07 12:02:03,974 | INFO | LoginPage | Attempting login with email: raghu1@gmail.com
2026-05-07 12:02:03,974 | INFO | LoginPage | Typing 'raghu1@gmail.com' into element: ('id', 'email')
2026-05-07 12:02:04,042 | INFO | LoginPage | Typing 'raghu1' into element: ('id', 'password')
2026-05-07 12:02:04,128 | INFO | LoginPage | Login button clicked
2026-05-07 12:02:04,129 | INFO | conftest | Login fixture completed
2026-05-07 12:02:04,130 | INFO | NotesPage | Creating note | Title: Instant-bfef976d-943a-43f6-b7d0-9d0d2ae7a0a6
2026-05-07 12:02:04,130 | INFO | NotesPage | Clicking Add Note button
2026-05-07 12:02:05,859 | INFO | NotesPage | Entering title: Instant-bfef976d-943a-43f6-b7d0-9d0d2ae7a0a6
2026-05-07 12:02:05,859 | INFO | NotesPage | Typing 'Instant-bfef976d-943a-43f6-b7d0-9d0d2ae7a0a6' into element: ('id', 'title')
2026-05-07 12:02:05,996 | INFO | NotesPage | Entering description
2026-05-07 12:02:05,996 | INFO | NotesPage | Typing 'DOM validation' into element: ('id', 'description')
2026-05-07 12:02:06,075 | INFO | NotesPage | Selecting category: Work
2026-05-07 12:02:06,154 | INFO | NotesPage | Clicking Create button
2026-05-07 12:02:06,177 | INFO | NotesPage | Checking if note exists: Instant-bfef976d-943a-43f6-b7d0-9d0d2ae7a0a6
2026-05-07 12:02:09,983 | WARNING | NotesPage | Stale element detected. Retrying...
2026-05-07 12:02:10,652 | INFO | NotesPage | Note created successfully | Title: Instant-bfef976d-943a-43f6-b7d0-9d0d2ae7a0a6
2026-05-07 12:02:10,652 | INFO | NotesPage | Checking if note exists: Instant-bfef976d-943a-43f6-b7d0-9d0d2ae7a0a6
2026-05-07 12:02:11,177 | INFO | NotesPage | Note found: Instant-bfef976d-943a-43f6-b7d0-9d0d2ae7a0a6
2026-05-07 12:02:11,178 | INFO | conftest | Closing browser
2026-05-07 12:02:13,422 | INFO | conftest | Launching Chrome browser
2026-05-07 12:02:13,422 | INFO | conftest | Running tests locally
2026-05-07 12:02:47,392 | INFO | LoginPage | Attempting login with email: raghu1@gmail.com
2026-05-07 12:02:47,392 | INFO | LoginPage | Typing 'raghu1@gmail.com' into element: ('id', 'email')
2026-05-07 12:02:47,464 | INFO | LoginPage | Typing 'raghu1' into element: ('id', 'password')
2026-05-07 12:02:47,534 | INFO | LoginPage | Login button clicked
2026-05-07 12:02:47,534 | INFO | LoginPage | Validating login success
2026-05-07 12:02:49,235 | INFO | conftest | Closing browser
2026-05-07 12:02:51,406 | INFO | conftest | Launching Chrome browser
2026-05-07 12:02:51,406 | INFO | conftest | Running tests locally
2026-05-07 12:03:21,042 | INFO | LoginPage | Attempting login with email: wrong@test.com
2026-05-07 12:03:21,042 | INFO | LoginPage | Typing 'wrong@test.com' into element: ('id', 'email')
2026-05-07 12:03:21,130 | INFO | LoginPage | Typing 'Password123' into element: ('id', 'password')
2026-05-07 12:03:21,214 | INFO | LoginPage | Login button clicked
2026-05-07 12:03:21,611 | INFO | conftest | Closing browser
2026-05-07 12:03:23,804 | INFO | conftest | Launching Chrome browser
2026-05-07 12:03:23,804 | INFO | conftest | Running tests locally
2026-05-07 12:03:32,922 | INFO | LoginPage | Attempting login with email: 
2026-05-07 12:03:32,922 | INFO | LoginPage | Typing '' into element: ('id', 'email')
2026-05-07 12:03:32,997 | INFO | LoginPage | Typing 'Password123' into element: ('id', 'password')
2026-05-07 12:03:33,078 | INFO | LoginPage | Login button clicked
2026-05-07 12:03:38,126 | INFO | conftest | Closing browser
2026-05-07 12:03:40,340 | INFO | conftest | Launching Chrome browser
2026-05-07 12:03:40,340 | INFO | conftest | Running tests locally
2026-05-07 12:04:18,021 | INFO | LoginPage | Attempting login with email: 
2026-05-07 12:04:18,021 | INFO | LoginPage | Typing '' into element: ('id', 'email')
2026-05-07 12:04:18,064 | INFO | LoginPage | Typing '' into element: ('id', 'password')
2026-05-07 12:04:18,126 | INFO | LoginPage | Login button clicked
2026-05-07 12:04:23,207 | INFO | conftest | Closing browser
2026-05-07 12:04:25,450 | INFO | conftest | Launching Chrome browser
2026-05-07 12:04:25,450 | INFO | conftest | Running tests locally
2026-05-07 12:04:28,135 | INFO | conftest | Performing login fixture setup
2026-05-07 12:04:36,282 | INFO | LoginPage | Attempting login with email: raghu1@gmail.com
2026-05-07 12:04:36,282 | INFO | LoginPage | Typing 'raghu1@gmail.com' into element: ('id', 'email')
2026-05-07 12:04:36,355 | INFO | LoginPage | Typing 'raghu1' into element: ('id', 'password')
2026-05-07 12:04:36,434 | INFO | LoginPage | Login button clicked
2026-05-07 12:04:36,435 | INFO | conftest | Login fixture completed
2026-05-07 12:04:36,436 | INFO | NotesPage | Clicking Add Note button
2026-05-07 12:04:37,884 | INFO | NotesPage | Entering description
2026-05-07 12:04:37,884 | INFO | NotesPage | Typing 'Missing title' into element: ('id', 'description')
2026-05-07 12:04:37,971 | INFO | NotesPage | Selecting category: Home
2026-05-07 12:04:38,050 | INFO | NotesPage | Clicking Create button
2026-05-07 12:04:38,098 | INFO | NotesPage | Fetching validation errors
2026-05-07 12:04:38,133 | INFO | conftest | Closing browser
2026-05-07 12:04:40,381 | INFO | conftest | Launching Chrome browser
2026-05-07 12:04:40,381 | INFO | conftest | Running tests locally
2026-05-07 12:04:42,997 | INFO | conftest | Performing login fixture setup
2026-05-07 12:05:09,369 | INFO | LoginPage | Attempting login with email: raghu1@gmail.com
2026-05-07 12:05:09,370 | INFO | LoginPage | Typing 'raghu1@gmail.com' into element: ('id', 'email')
2026-05-07 12:05:09,444 | INFO | LoginPage | Typing 'raghu1' into element: ('id', 'password')
2026-05-07 12:05:09,522 | INFO | LoginPage | Login button clicked
2026-05-07 12:05:09,522 | INFO | conftest | Login fixture completed
2026-05-07 12:05:09,523 | INFO | NotesPage | Clicking Add Note button
2026-05-07 12:05:10,510 | INFO | NotesPage | Entering title: Negative-92a31bcb-b1a8-4c6a-81f5-696618949b81
2026-05-07 12:05:10,510 | INFO | NotesPage | Typing 'Negative-92a31bcb-b1a8-4c6a-81f5-696618949b81' into element: ('id', 'title')
2026-05-07 12:05:10,610 | INFO | NotesPage | Selecting category: Work
2026-05-07 12:05:10,711 | INFO | NotesPage | Clicking Create button
2026-05-07 12:05:10,734 | INFO | NotesPage | Fetching validation errors
2026-05-07 12:05:10,769 | INFO | conftest | Closing browser
2026-05-07 12:05:46,213 | INFO | AuthAPI | POST Request -> https://practice.expandtesting.com/notes/api/users/login
2026-05-07 12:05:46,213 | INFO | AuthAPI | Payload -> {'email': 'raghu1@gmail.com', 'password': 'raghu1'}
2026-05-07 12:05:46,214 | INFO | AuthAPI | POST Request -> https://practice.expandtesting.com/notes/api/users/login
2026-05-07 12:05:46,214 | INFO | AuthAPI | Payload -> {'email': '', 'password': ''}
2026-05-07 12:05:47,270 | INFO | AuthAPI | Response Status -> 200
2026-05-07 12:05:47,278 | INFO | AuthAPI | POST Request -> https://practice.expandtesting.com/notes/api/users/login
2026-05-07 12:05:47,278 | INFO | AuthAPI | Payload -> {'email': 'wrong@test.com', 'password': 'wrongpass'}
2026-05-07 12:05:48,134 | INFO | AuthAPI | Response Status -> 401
2026-05-07 12:05:48,138 | INFO | AuthAPI | POST Request -> https://practice.expandtesting.com/notes/api/users/login
2026-05-07 12:05:48,138 | INFO | AuthAPI | Payload -> {'email': 'raghu1@gmail.com', 'password': 'raghu1'}
2026-05-07 12:05:49,452 | INFO | AuthAPI | Response Status -> 200
2026-05-07 12:05:49,456 | INFO | NotesAPI | POST Request -> https://practice.expandtesting.com/notes/api/notes
2026-05-07 12:05:49,456 | INFO | NotesAPI | Payload -> {'title': 'DELETE-ccebaf85-d1ee-47e2-9424-5605081435e7', 'description': 'Delete Description', 'category': 'Work'}
2026-05-07 12:05:50,371 | INFO | NotesAPI | Response Status -> 200
2026-05-07 12:05:50,371 | INFO | NotesAPI | DELETE Request -> https://practice.expandtesting.com/notes/api/notes/69fc32c781124e02985c70e5
2026-05-07 12:05:50,601 | INFO | AuthAPI | Response Status -> 400
2026-05-07 12:05:50,604 | INFO | AuthAPI | POST Request -> https://practice.expandtesting.com/notes/api/users/login
2026-05-07 12:05:50,605 | INFO | AuthAPI | Payload -> {'email': 'raghu1@gmail.com', 'password': 'raghu1'}
2026-05-07 12:05:51,416 | INFO | AuthAPI | Response Status -> 200
2026-05-07 12:05:51,420 | INFO | NotesAPI | POST Request -> https://practice.expandtesting.com/notes/api/notes
2026-05-07 12:05:51,421 | INFO | NotesAPI | Payload -> {'title': 'API-7610cb38-0bf1-4f85-8f4d-459e31ee1422', 'description': 'API Automation Description', 'category': 'Home'}
2026-05-07 12:05:51,540 | INFO | NotesAPI | Response Status -> 200
2026-05-07 12:05:51,541 | INFO | NotesAPI | GET Request -> https://practice.expandtesting.com/notes/api/notes
2026-05-07 12:05:52,693 | INFO | NotesAPI | Response Status -> 200
2026-05-07 12:05:52,694 | INFO | NotesAPI | Response Status -> 200
2026-05-07 12:05:52,700 | INFO | NotesAPI | GET Request -> https://practice.expandtesting.com/notes/api/notes
2026-05-07 12:05:52,701 | INFO | AuthAPI | POST Request -> https://practice.expandtesting.com/notes/api/users/login
2026-05-07 12:05:52,702 | INFO | AuthAPI | Payload -> {'email': 'raghu1@gmail.com', 'password': 'raghu1'}
2026-05-07 12:05:53,962 | INFO | AuthAPI | Response Status -> 200
2026-05-07 12:05:53,962 | INFO | NotesAPI | Response Status -> 401
2026-05-07 12:05:53,966 | INFO | test_get_notes | Starting test_get_all_notes
2026-05-07 12:05:53,967 | INFO | NotesAPI | GET Request -> https://practice.expandtesting.com/notes/api/notes
2026-05-07 12:05:53,968 | INFO | AuthAPI | POST Request -> https://practice.expandtesting.com/notes/api/users/login
2026-05-07 12:05:53,968 | INFO | AuthAPI | Payload -> {'email': 'raghu1@gmail.com', 'password': 'raghu1'}
2026-05-07 12:05:55,352 | INFO | AuthAPI | Response Status -> 200
2026-05-07 12:05:55,352 | INFO | NotesAPI | Response Status -> 200
2026-05-07 12:05:55,352 | INFO | test_get_notes | Response received: 200
2026-05-07 12:05:55,353 | INFO | test_get_notes | test_get_all_notes PASSED
2026-05-07 12:05:55,356 | INFO | NotesAPI | DELETE Request -> https://practice.expandtesting.com/notes/api/notes/123456789
2026-05-07 12:05:55,358 | INFO | AuthAPI | POST Request -> https://practice.expandtesting.com/notes/api/users/login
2026-05-07 12:05:55,358 | INFO | AuthAPI | Payload -> {'email': 'raghu1@gmail.com', 'password': 'raghu1'}
2026-05-07 12:05:56,346 | INFO | NotesAPI | Response Status -> 400
2026-05-07 12:05:56,360 | INFO | NotesAPI | GET Request -> https://practice.expandtesting.com/notes/api/notes
2026-05-07 12:05:56,362 | INFO | AuthAPI | POST Request -> https://practice.expandtesting.com/notes/api/users/login
2026-05-07 12:05:56,362 | INFO | AuthAPI | Payload -> {'email': 'raghu1@gmail.com', 'password': 'raghu1'}
2026-05-07 12:05:57,365 | INFO | AuthAPI | Response Status -> 200
2026-05-07 12:05:57,367 | INFO | NotesAPI | POST Request -> https://practice.expandtesting.com/notes/api/notes
2026-05-07 12:05:57,367 | INFO | NotesAPI | Payload -> {'title': '', 'description': 'Description', 'category': 'Home'}
2026-05-07 12:05:57,392 | INFO | NotesAPI | Response Status -> 200
2026-05-07 12:05:57,395 | INFO | conftest | Launching Chrome browser
2026-05-07 12:05:57,398 | INFO | conftest | Running tests locally
2026-05-07 12:05:58,558 | INFO | NotesAPI | Response Status -> 400
2026-05-07 12:05:58,562 | INFO | AuthAPI | POST Request -> https://practice.expandtesting.com/notes/api/users/login
2026-05-07 12:05:58,562 | INFO | AuthAPI | Payload -> {'email': 'raghu1@gmail.com', 'password': 'raghu1'}
2026-05-07 12:05:59,926 | INFO | AuthAPI | Response Status -> 200
2026-05-07 12:05:59,929 | INFO | NotesAPI | POST Request -> https://practice.expandtesting.com/notes/api/notes
2026-05-07 12:05:59,930 | INFO | NotesAPI | Payload -> {'title': 'Title', 'description': '', 'category': 'Home'}
2026-05-07 12:06:00,916 | INFO | NotesAPI | Response Status -> 400
2026-05-07 12:06:00,920 | INFO | conftest | Launching Chrome browser
2026-05-07 12:06:00,922 | INFO | conftest | Running tests locally
2026-05-07 12:06:00,949 | INFO | conftest | Performing login fixture setup
2026-05-07 12:06:06,332 | INFO | conftest | Launching Chrome browser
2026-05-07 12:06:06,332 | INFO | conftest | Running tests locally
2026-05-07 12:06:08,543 | INFO | LoginPage | Attempting login with email: raghu1@gmail.com
2026-05-07 12:06:08,543 | INFO | LoginPage | Typing 'raghu1@gmail.com' into element: ('id', 'email')
2026-05-07 12:06:08,619 | INFO | LoginPage | Typing 'raghu1' into element: ('id', 'password')
2026-05-07 12:06:08,738 | INFO | LoginPage | Login button clicked
2026-05-07 12:06:08,739 | INFO | conftest | Login fixture completed
2026-05-07 12:06:08,739 | INFO | AuthAPI | POST Request -> https://practice.expandtesting.com/notes/api/users/login
2026-05-07 12:06:08,740 | INFO | AuthAPI | Payload -> {'email': 'raghu1@gmail.com', 'password': 'raghu1'}
2026-05-07 12:06:09,627 | INFO | AuthAPI | Response Status -> 200
2026-05-07 12:06:09,629 | INFO | test_api_to_ui_validation | STARTING E2E TEST: API -> UI
2026-05-07 12:06:09,629 | INFO | test_api_to_ui_validation | Creating note via UI | Title: DELETE-4b029acb-f7b9-48c8-aca7-a6e18a349fba
2026-05-07 12:06:09,629 | INFO | NotesPage | Creating note | Title: DELETE-4b029acb-f7b9-48c8-aca7-a6e18a349fba
2026-05-07 12:06:09,629 | INFO | NotesPage | Clicking Add Note button
2026-05-07 12:06:09,887 | INFO | NotesPage | Entering title: DELETE-4b029acb-f7b9-48c8-aca7-a6e18a349fba
2026-05-07 12:06:09,887 | INFO | NotesPage | Typing 'DELETE-4b029acb-f7b9-48c8-aca7-a6e18a349fba' into element: ('id', 'title')
2026-05-07 12:06:10,014 | INFO | NotesPage | Entering description
2026-05-07 12:06:10,014 | INFO | NotesPage | Typing 'Delete validation' into element: ('id', 'description')
2026-05-07 12:06:10,092 | INFO | NotesPage | Selecting category: Work
2026-05-07 12:06:10,215 | INFO | NotesPage | Clicking Create button
2026-05-07 12:06:10,247 | INFO | NotesPage | Checking if note exists: DELETE-4b029acb-f7b9-48c8-aca7-a6e18a349fba
2026-05-07 12:06:11,738 | INFO | conftest | Launching Chrome browser
2026-05-07 12:06:11,738 | INFO | conftest | Running tests locally
2026-05-07 12:06:12,243 | WARNING | NotesPage | Stale element detected. Retrying...
2026-05-07 12:06:13,005 | INFO | NotesPage | Note created successfully | Title: DELETE-4b029acb-f7b9-48c8-aca7-a6e18a349fba
2026-05-07 12:06:13,005 | INFO | test_api_to_ui_validation | Note created successfully
2026-05-07 12:06:13,005 | INFO | NotesPage | Checking if note exists: DELETE-4b029acb-f7b9-48c8-aca7-a6e18a349fba
2026-05-07 12:06:13,685 | INFO | NotesPage | Note found: DELETE-4b029acb-f7b9-48c8-aca7-a6e18a349fba
2026-05-07 12:06:13,686 | INFO | test_api_to_ui_validation | Note created and visible in UI
2026-05-07 12:06:13,686 | INFO | NotesAPI | GET Request -> https://practice.expandtesting.com/notes/api/notes
2026-05-07 12:06:14,342 | INFO | NotesAPI | Response Status -> 200
2026-05-07 12:06:14,342 | INFO | test_api_to_ui_validation | GET Notes Status: 200
2026-05-07 12:06:14,343 | INFO | test_api_to_ui_validation | Located Note ID: 69fc32dc81124e02985c71c4
2026-05-07 12:06:14,343 | INFO | test_api_to_ui_validation | Deleting note via API | ID: 69fc32dc81124e02985c71c4
2026-05-07 12:06:14,343 | INFO | NotesAPI | DELETE Request -> https://practice.expandtesting.com/notes/api/notes/69fc32dc81124e02985c71c4
2026-05-07 12:06:15,355 | INFO | NotesAPI | Response Status -> 200
2026-05-07 12:06:15,355 | INFO | test_api_to_ui_validation | Delete Status: 200
2026-05-07 12:06:15,355 | INFO | test_api_to_ui_validation | Refreshing UI page
2026-05-07 12:06:15,355 | INFO | NotesPage | Refreshing browser page
2026-05-07 12:06:16,566 | INFO | conftest | Launching Chrome browser
2026-05-07 12:06:16,566 | INFO | conftest | Running tests locally
2026-05-07 12:06:17,792 | INFO | NotesPage | Checking if note exists: DELETE-4b029acb-f7b9-48c8-aca7-a6e18a349fba
2026-05-07 12:06:18,406 | WARNING | NotesPage | Note NOT found: DELETE-4b029acb-f7b9-48c8-aca7-a6e18a349fba
2026-05-07 12:06:18,406 | INFO | test_api_to_ui_validation | Deleted note removed from UI successfully
2026-05-07 12:06:18,406 | INFO | test_api_to_ui_validation | E2E API -> UI validation PASSED
2026-05-07 12:06:18,408 | INFO | conftest | Closing browser
2026-05-07 12:06:20,666 | INFO | conftest | Launching Chrome browser
2026-05-07 12:06:20,667 | INFO | conftest | Running tests locally
2026-05-07 12:06:26,305 | INFO | conftest | Closing browser
2026-05-07 12:09:17,455 | INFO | AuthAPI | POST Request -> https://practice.expandtesting.com/notes/api/users/login
2026-05-07 12:09:17,455 | INFO | AuthAPI | Payload -> {'email': 'raghu1@gmail.com', 'password': 'raghu1'}
2026-05-07 12:09:17,457 | INFO | AuthAPI | POST Request -> https://practice.expandtesting.com/notes/api/users/login
2026-05-07 12:09:17,457 | INFO | AuthAPI | Payload -> {'email': 'raghu1@gmail.com', 'password': 'raghu1'}
2026-05-07 12:09:17,459 | INFO | AuthAPI | POST Request -> https://practice.expandtesting.com/notes/api/users/login
2026-05-07 12:09:17,459 | INFO | AuthAPI | Payload -> {'email': 'raghu1@gmail.com', 'password': 'raghu1'}
2026-05-07 12:09:17,460 | INFO | AuthAPI | POST Request -> https://practice.expandtesting.com/notes/api/users/login
2026-05-07 12:09:17,460 | INFO | AuthAPI | Payload -> {'email': '', 'password': ''}
2026-05-07 12:09:18,192 | INFO | AuthAPI | Response Status -> 400
2026-05-07 12:09:18,200 | INFO | AuthAPI | POST Request -> https://practice.expandtesting.com/notes/api/users/login
2026-05-07 12:09:18,201 | INFO | AuthAPI | Payload -> {'email': 'raghu1@gmail.com', 'password': 'raghu1'}
2026-05-07 12:09:18,373 | INFO | AuthAPI | Response Status -> 200
2026-05-07 12:09:18,375 | INFO | NotesAPI | POST Request -> https://practice.expandtesting.com/notes/api/notes
2026-05-07 12:09:18,375 | INFO | NotesAPI | Payload -> {'title': 'DELETE-8fc0fc30-5804-4471-89e7-9e3e73b80bab', 'description': 'Delete Description', 'category': 'Work'}
2026-05-07 12:09:18,382 | INFO | AuthAPI | Response Status -> 200
2026-05-07 12:09:18,384 | INFO | NotesAPI | GET Request -> https://practice.expandtesting.com/notes/api/notes
2026-05-07 12:09:18,534 | INFO | AuthAPI | Response Status -> 200
2026-05-07 12:09:18,537 | INFO | AuthAPI | POST Request -> https://practice.expandtesting.com/notes/api/users/login
2026-05-07 12:09:18,538 | INFO | AuthAPI | Payload -> {'email': 'wrong@test.com', 'password': 'wrongpass'}
2026-05-07 12:09:18,910 | INFO | AuthAPI | Response Status -> 200
2026-05-07 12:09:18,913 | INFO | NotesAPI | POST Request -> https://practice.expandtesting.com/notes/api/notes
2026-05-07 12:09:18,913 | INFO | NotesAPI | Payload -> {'title': 'API-9fa7a610-ed4a-4e55-9803-6c0a65bb2e9e', 'description': 'API Automation Description', 'category': 'Home'}
2026-05-07 12:09:19,035 | INFO | NotesAPI | Response Status -> 200
2026-05-07 12:09:19,035 | INFO | NotesAPI | DELETE Request -> https://practice.expandtesting.com/notes/api/notes/69fc339881124e02985c756d
2026-05-07 12:09:19,870 | INFO | NotesAPI | Response Status -> 200
2026-05-07 12:09:19,877 | INFO | NotesAPI | GET Request -> https://practice.expandtesting.com/notes/api/notes
2026-05-07 12:09:19,917 | INFO | AuthAPI | Response Status -> 401
2026-05-07 12:09:19,923 | INFO | AuthAPI | POST Request -> https://practice.expandtesting.com/notes/api/users/login
2026-05-07 12:09:19,923 | INFO | AuthAPI | Payload -> {'email': 'raghu1@gmail.com', 'password': 'raghu1'}
2026-05-07 12:09:20,478 | INFO | NotesAPI | Response Status -> 200
2026-05-07 12:09:20,478 | INFO | NotesAPI | Response Status -> 200
2026-05-07 12:09:20,478 | INFO | NotesAPI | GET Request -> https://practice.expandtesting.com/notes/api/notes
2026-05-07 12:09:20,481 | INFO | AuthAPI | POST Request -> https://practice.expandtesting.com/notes/api/users/login
2026-05-07 12:09:20,481 | INFO | AuthAPI | Payload -> {'email': 'raghu1@gmail.com', 'password': 'raghu1'}
2026-05-07 12:09:20,704 | INFO | NotesAPI | Response Status -> 401
2026-05-07 12:09:20,707 | INFO | AuthAPI | POST Request -> https://practice.expandtesting.com/notes/api/users/login
2026-05-07 12:09:20,707 | INFO | AuthAPI | Payload -> {'email': 'raghu1@gmail.com', 'password': 'raghu1'}
2026-05-07 12:09:22,383 | INFO | AuthAPI | Response Status -> 200
2026-05-07 12:09:22,386 | INFO | NotesAPI | POST Request -> https://practice.expandtesting.com/notes/api/notes
2026-05-07 12:09:22,387 | INFO | NotesAPI | Payload -> {'title': '', 'description': 'Description', 'category': 'Home'}
2026-05-07 12:09:25,998 | INFO | AuthAPI | Response Status -> 200
2026-05-07 12:09:26,002 | INFO | NotesAPI | DELETE Request -> https://practice.expandtesting.com/notes/api/notes/123456789
2026-05-07 12:09:27,633 | INFO | AuthAPI | Response Status -> 200
2026-05-07 12:09:27,637 | INFO | NotesAPI | POST Request -> https://practice.expandtesting.com/notes/api/notes
2026-05-07 12:09:27,637 | INFO | NotesAPI | Payload -> {'title': 'Title', 'description': '', 'category': 'Home'}
2026-05-07 12:09:30,343 | INFO | NotesAPI | Response Status -> 200
2026-05-07 12:09:30,354 | INFO | AuthAPI | POST Request -> https://practice.expandtesting.com/notes/api/users/login
2026-05-07 12:09:30,367 | INFO | AuthAPI | Payload -> {'email': 'raghu1@gmail.com', 'password': 'raghu1'}
2026-05-07 12:09:30,528 | INFO | NotesAPI | Response Status -> 400
2026-05-07 12:09:30,531 | INFO | conftest | Launching Chrome browser
2026-05-07 12:09:30,533 | INFO | conftest | Grid not detected - running locally
2026-05-07 12:09:30,678 | INFO | NotesAPI | Response Status -> 400
2026-05-07 12:09:30,681 | INFO | conftest | Launching Chrome browser
2026-05-07 12:09:30,684 | INFO | conftest | Grid not detected - running locally
2026-05-07 12:09:31,892 | INFO | NotesAPI | Response Status -> 400
2026-05-07 12:09:31,894 | INFO | conftest | Launching Chrome browser
2026-05-07 12:09:31,896 | INFO | conftest | Grid not detected - running locally
2026-05-07 12:09:34,117 | INFO | AuthAPI | Response Status -> 200
2026-05-07 12:09:34,122 | INFO | test_get_notes | Starting test_get_all_notes
2026-05-07 12:09:34,122 | INFO | NotesAPI | GET Request -> https://practice.expandtesting.com/notes/api/notes
2026-05-07 12:09:34,781 | INFO | conftest | Launching Chrome browser
2026-05-07 12:09:34,781 | INFO | conftest | Grid not detected - running locally
2026-05-07 12:09:35,042 | INFO | conftest | Launching Chrome browser
2026-05-07 12:09:35,042 | INFO | conftest | Grid not detected - running locally
2026-05-07 12:09:35,573 | INFO | NotesAPI | Response Status -> 200
2026-05-07 12:09:35,574 | INFO | test_get_notes | Response received: 200
2026-05-07 12:09:35,574 | INFO | test_get_notes | test_get_all_notes PASSED
2026-05-07 12:09:35,578 | INFO | conftest | Launching Chrome browser
2026-05-07 12:09:35,581 | INFO | conftest | Grid not detected - running locally
2026-05-07 12:09:36,962 | INFO | conftest | Launching Chrome browser
2026-05-07 12:09:36,962 | INFO | conftest | Grid not detected - running locally
2026-05-07 12:09:39,105 | INFO | conftest | Launching Chrome browser
2026-05-07 12:09:39,105 | INFO | conftest | Grid not detected - running locally
2026-05-07 12:09:40,175 | INFO | conftest | Launching Chrome browser
2026-05-07 12:09:40,176 | INFO | conftest | Grid not detected - running locally
2026-05-07 12:09:40,749 | INFO | conftest | Launching Chrome browser
2026-05-07 12:09:40,750 | INFO | conftest | Grid not detected - running locally
2026-05-07 12:10:34,094 | INFO | AuthAPI | POST Request -> https://practice.expandtesting.com/notes/api/users/login
2026-05-07 12:10:34,095 | INFO | AuthAPI | Payload -> {'email': '', 'password': ''}
2026-05-07 12:10:34,096 | INFO | AuthAPI | POST Request -> https://practice.expandtesting.com/notes/api/users/login
2026-05-07 12:10:34,096 | INFO | AuthAPI | Payload -> {'email': 'raghu1@gmail.com', 'password': 'raghu1'}
2026-05-07 12:10:34,096 | INFO | AuthAPI | POST Request -> https://practice.expandtesting.com/notes/api/users/login
2026-05-07 12:10:34,097 | INFO | AuthAPI | POST Request -> https://practice.expandtesting.com/notes/api/users/login
2026-05-07 12:10:34,097 | INFO | AuthAPI | Payload -> {'email': 'raghu1@gmail.com', 'password': 'raghu1'}
2026-05-07 12:10:34,097 | INFO | AuthAPI | Payload -> {'email': 'raghu1@gmail.com', 'password': 'raghu1'}
2026-05-07 12:10:37,937 | INFO | AuthAPI | Response Status -> 400
2026-05-07 12:10:37,944 | INFO | AuthAPI | POST Request -> https://practice.expandtesting.com/notes/api/users/login
2026-05-07 12:10:37,944 | INFO | AuthAPI | Payload -> {'email': 'raghu1@gmail.com', 'password': 'raghu1'}
2026-05-07 12:10:44,082 | INFO | AuthAPI | Response Status -> 200
2026-05-07 12:10:44,085 | INFO | NotesAPI | GET Request -> https://practice.expandtesting.com/notes/api/notes
2026-05-07 12:10:44,148 | INFO | AuthAPI | Response Status -> 200
2026-05-07 12:10:44,152 | INFO | AuthAPI | Response Status -> 200
2026-05-07 12:10:44,153 | INFO | AuthAPI | POST Request -> https://practice.expandtesting.com/notes/api/users/login
2026-05-07 12:10:44,153 | INFO | AuthAPI | Payload -> {'email': 'wrong@test.com', 'password': 'wrongpass'}
2026-05-07 12:10:44,154 | INFO | NotesAPI | POST Request -> https://practice.expandtesting.com/notes/api/notes
2026-05-07 12:10:44,154 | INFO | NotesAPI | Payload -> {'title': 'DELETE-8dbd56d6-92bc-4b19-8a16-3c3dc58d1b74', 'description': 'Delete Description', 'category': 'Work'}
2026-05-07 12:10:47,935 | INFO | AuthAPI | Response Status -> 200
2026-05-07 12:10:47,939 | INFO | NotesAPI | POST Request -> https://practice.expandtesting.com/notes/api/notes
2026-05-07 12:10:47,939 | INFO | NotesAPI | Payload -> {'title': 'API-2b25735f-f745-436f-b258-602734f7d7d6', 'description': 'API Automation Description', 'category': 'Home'}
2026-05-07 12:10:50,574 | INFO | AuthAPI | Response Status -> 401
2026-05-07 12:10:50,580 | INFO | AuthAPI | POST Request -> https://practice.expandtesting.com/notes/api/users/login
2026-05-07 12:10:50,581 | INFO | AuthAPI | Payload -> {'email': 'raghu1@gmail.com', 'password': 'raghu1'}
2026-05-07 12:10:53,295 | INFO | NotesAPI | Response Status -> 200
2026-05-07 12:10:53,296 | INFO | NotesAPI | DELETE Request -> https://practice.expandtesting.com/notes/api/notes/69fc33f681124e02985c76a4
2026-05-07 12:10:53,390 | INFO | NotesAPI | Response Status -> 200
2026-05-07 12:10:53,520 | INFO | NotesAPI | GET Request -> https://practice.expandtesting.com/notes/api/notes
2026-05-07 12:10:55,762 | INFO | NotesAPI | Response Status -> 200
2026-05-07 12:10:55,770 | INFO | AuthAPI | POST Request -> https://practice.expandtesting.com/notes/api/users/login
2026-05-07 12:10:55,770 | INFO | AuthAPI | Payload -> {'email': 'raghu1@gmail.com', 'password': 'raghu1'}
2026-05-07 12:10:57,632 | INFO | AuthAPI | Response Status -> 200
2026-05-07 12:10:57,636 | INFO | NotesAPI | POST Request -> https://practice.expandtesting.com/notes/api/notes
2026-05-07 12:10:57,636 | INFO | NotesAPI | Payload -> {'title': '', 'description': 'Description', 'category': 'Home'}
2026-05-07 12:11:03,915 | INFO | NotesAPI | Response Status -> 400
2026-05-07 12:11:03,922 | INFO | AuthAPI | POST Request -> https://practice.expandtesting.com/notes/api/users/login
2026-05-07 12:11:03,922 | INFO | AuthAPI | Payload -> {'email': 'raghu1@gmail.com', 'password': 'raghu1'}
2026-05-07 12:11:05,393 | INFO | NotesAPI | Response Status -> 401
2026-05-07 12:11:05,396 | INFO | conftest | Launching Chrome browser
2026-05-07 12:11:05,398 | INFO | conftest | Grid not detected - running locally
2026-05-07 12:11:08,140 | INFO | conftest | Performing login fixture setup
2026-05-07 12:11:09,325 | INFO | AuthAPI | Response Status -> 200
2026-05-07 12:11:09,326 | INFO | NotesAPI | Response Status -> 200
2026-05-07 12:11:09,326 | INFO | NotesAPI | GET Request -> https://practice.expandtesting.com/notes/api/notes
2026-05-07 12:11:09,329 | INFO | NotesAPI | DELETE Request -> https://practice.expandtesting.com/notes/api/notes/123456789
2026-05-07 12:11:15,028 | INFO | AuthAPI | Response Status -> 200
2026-05-07 12:11:15,031 | INFO | NotesAPI | POST Request -> https://practice.expandtesting.com/notes/api/notes
2026-05-07 12:11:15,032 | INFO | NotesAPI | Payload -> {'title': 'Title', 'description': '', 'category': 'Home'}
2026-05-07 12:11:15,854 | INFO | NotesAPI | Response Status -> 400
2026-05-07 12:11:15,858 | INFO | conftest | Launching Chrome browser
2026-05-07 12:11:15,860 | INFO | conftest | Grid not detected - running locally
2026-05-07 12:11:19,055 | INFO | NotesAPI | Response Status -> 400
2026-05-07 12:11:19,060 | INFO | conftest | Launching Chrome browser
2026-05-07 12:11:19,064 | INFO | conftest | Grid not detected - running locally
2026-05-07 12:11:20,054 | INFO | conftest | Launching Chrome browser
2026-05-07 12:11:20,054 | INFO | conftest | Grid not detected - running locally
2026-05-07 12:11:22,163 | INFO | NotesAPI | Response Status -> 200
2026-05-07 12:11:22,177 | INFO | AuthAPI | POST Request -> https://practice.expandtesting.com/notes/api/users/login
2026-05-07 12:11:22,178 | INFO | AuthAPI | Payload -> {'email': 'raghu1@gmail.com', 'password': 'raghu1'}
2026-05-07 12:11:23,439 | INFO | conftest | Launching Chrome browser
2026-05-07 12:11:23,439 | INFO | conftest | Grid not detected - running locally
2026-05-07 12:11:24,706 | INFO | conftest | Launching Chrome browser
2026-05-07 12:11:24,706 | INFO | conftest | Grid not detected - running locally
2026-05-07 12:11:28,536 | INFO | conftest | Launching Chrome browser
2026-05-07 12:11:28,536 | INFO | conftest | Grid not detected - running locally
2026-05-07 12:11:34,154 | INFO | AuthAPI | Response Status -> 200
2026-05-07 12:11:34,158 | INFO | test_get_notes | Starting test_get_all_notes
2026-05-07 12:11:34,158 | INFO | NotesAPI | GET Request -> https://practice.expandtesting.com/notes/api/notes
2026-05-07 12:11:39,395 | INFO | NotesAPI | Response Status -> 200
2026-05-07 12:11:39,395 | INFO | test_get_notes | Response received: 200
2026-05-07 12:11:39,396 | INFO | test_get_notes | test_get_all_notes PASSED
2026-05-07 12:11:39,401 | INFO | conftest | Launching Chrome browser
2026-05-07 12:11:39,404 | INFO | conftest | Grid not detected - running locally
2026-05-07 12:11:39,458 | INFO | LoginPage | Attempting login with email: raghu1@gmail.com
2026-05-07 12:11:39,459 | INFO | LoginPage | Typing 'raghu1@gmail.com' into element: ('id', 'email')
2026-05-07 12:11:50,615 | INFO | LoginPage | Attempting login with email: 
2026-05-07 12:11:50,616 | INFO | LoginPage | Typing '' into element: ('id', 'email')
2026-05-07 12:11:50,709 | INFO | LoginPage | Typing 'Password123' into element: ('id', 'password')
2026-05-07 12:11:50,768 | INFO | LoginPage | Typing 'raghu1' into element: ('id', 'password')
2026-05-07 12:11:51,156 | INFO | LoginPage | Login button clicked
2026-05-07 12:11:51,186 | INFO | conftest | Closing browser
2026-05-07 12:11:51,484 | INFO | conftest | Closing browser
2026-05-07 12:11:53,422 | INFO | conftest | Launching Chrome browser
2026-05-07 12:11:53,422 | INFO | conftest | Grid not detected - running locally
2026-05-07 12:11:55,707 | INFO | conftest | Performing login fixture setup
2026-05-07 12:13:31,545 | INFO | AuthAPI | POST Request -> https://practice.expandtesting.com/notes/api/users/login
2026-05-07 12:13:31,546 | INFO | AuthAPI | Payload -> {'email': 'raghu1@gmail.com', 'password': 'raghu1'}
2026-05-07 12:13:31,550 | INFO | AuthAPI | POST Request -> https://practice.expandtesting.com/notes/api/users/login
2026-05-07 12:13:31,550 | INFO | AuthAPI | Payload -> {'email': '', 'password': ''}
2026-05-07 12:13:31,550 | INFO | AuthAPI | POST Request -> https://practice.expandtesting.com/notes/api/users/login
2026-05-07 12:13:31,551 | INFO | AuthAPI | Payload -> {'email': 'raghu1@gmail.com', 'password': 'raghu1'}
2026-05-07 12:13:31,551 | INFO | AuthAPI | POST Request -> https://practice.expandtesting.com/notes/api/users/login
2026-05-07 12:13:31,551 | INFO | AuthAPI | Payload -> {'email': 'raghu1@gmail.com', 'password': 'raghu1'}
2026-05-07 12:13:33,131 | INFO | AuthAPI | Response Status -> 400
2026-05-07 12:13:33,139 | INFO | AuthAPI | POST Request -> https://practice.expandtesting.com/notes/api/users/login
2026-05-07 12:13:33,139 | INFO | AuthAPI | Payload -> {'email': 'raghu1@gmail.com', 'password': 'raghu1'}
2026-05-07 12:13:42,226 | INFO | AuthAPI | Response Status -> 200
2026-05-07 12:13:42,233 | INFO | AuthAPI | Response Status -> 200
2026-05-07 12:13:42,233 | INFO | AuthAPI | POST Request -> https://practice.expandtesting.com/notes/api/users/login
2026-05-07 12:13:42,233 | INFO | AuthAPI | Payload -> {'email': 'wrong@test.com', 'password': 'wrongpass'}
2026-05-07 12:13:42,236 | INFO | NotesAPI | GET Request -> https://practice.expandtesting.com/notes/api/notes
2026-05-07 12:13:42,238 | INFO | AuthAPI | Response Status -> 200
2026-05-07 12:13:42,241 | INFO | NotesAPI | POST Request -> https://practice.expandtesting.com/notes/api/notes
2026-05-07 12:13:42,242 | INFO | NotesAPI | Payload -> {'title': 'DELETE-bf9ead7b-1d82-4930-a4c6-fd3f39d19026', 'description': 'Delete Description', 'category': 'Work'}
2026-05-07 12:14:36,832 | INFO | AuthAPI | POST Request -> https://practice.expandtesting.com/notes/api/users/login
2026-05-07 12:14:36,833 | INFO | AuthAPI | Payload -> {'email': 'raghu1@gmail.com', 'password': 'raghu1'}
2026-05-07 12:14:36,839 | INFO | AuthAPI | POST Request -> https://practice.expandtesting.com/notes/api/users/login
2026-05-07 12:14:36,839 | INFO | AuthAPI | Payload -> {'email': 'raghu1@gmail.com', 'password': 'raghu1'}
2026-05-07 12:14:36,839 | INFO | AuthAPI | POST Request -> https://practice.expandtesting.com/notes/api/users/login
2026-05-07 12:14:36,839 | INFO | AuthAPI | Payload -> {'email': '', 'password': ''}
2026-05-07 12:14:36,839 | INFO | AuthAPI | POST Request -> https://practice.expandtesting.com/notes/api/users/login
2026-05-07 12:14:36,839 | INFO | AuthAPI | Payload -> {'email': 'raghu1@gmail.com', 'password': 'raghu1'}
2026-05-07 12:14:40,621 | INFO | AuthAPI | Response Status -> 400
2026-05-07 12:14:40,627 | INFO | AuthAPI | POST Request -> https://practice.expandtesting.com/notes/api/users/login
2026-05-07 12:14:40,628 | INFO | AuthAPI | Payload -> {'email': 'raghu1@gmail.com', 'password': 'raghu1'}
2026-05-07 12:14:48,810 | INFO | AuthAPI | Response Status -> 200
2026-05-07 12:14:48,811 | INFO | AuthAPI | Response Status -> 200
2026-05-07 12:14:48,811 | INFO | AuthAPI | Response Status -> 200
2026-05-07 12:14:48,813 | INFO | NotesAPI | GET Request -> https://practice.expandtesting.com/notes/api/notes
2026-05-07 12:14:48,813 | INFO | NotesAPI | POST Request -> https://practice.expandtesting.com/notes/api/notes
2026-05-07 12:14:48,813 | INFO | NotesAPI | Payload -> {'title': 'DELETE-0711c92c-dc7e-44d9-8aa7-558f501f90c7', 'description': 'Delete Description', 'category': 'Work'}
2026-05-07 12:14:48,814 | INFO | AuthAPI | POST Request -> https://practice.expandtesting.com/notes/api/users/login
2026-05-07 12:14:48,814 | INFO | AuthAPI | Payload -> {'email': 'wrong@test.com', 'password': 'wrongpass'}
2026-05-07 12:14:50,891 | INFO | AuthAPI | Response Status -> 200
2026-05-07 12:14:50,895 | INFO | NotesAPI | POST Request -> https://practice.expandtesting.com/notes/api/notes
2026-05-07 12:14:50,895 | INFO | NotesAPI | Payload -> {'title': 'API-ad7d7f5a-6e7f-4ded-bc07-15af08962015', 'description': 'API Automation Description', 'category': 'Home'}
2026-05-07 12:14:51,852 | INFO | AuthAPI | Response Status -> 401
2026-05-07 12:14:51,858 | INFO | AuthAPI | POST Request -> https://practice.expandtesting.com/notes/api/users/login
2026-05-07 12:14:51,858 | INFO | AuthAPI | Payload -> {'email': 'raghu1@gmail.com', 'password': 'raghu1'}
2026-05-07 12:14:52,087 | INFO | NotesAPI | Response Status -> 200
2026-05-07 12:14:52,087 | INFO | NotesAPI | DELETE Request -> https://practice.expandtesting.com/notes/api/notes/69fc34e581124e02985c793d
2026-05-07 12:14:52,293 | INFO | NotesAPI | Response Status -> 200
2026-05-07 12:14:52,393 | INFO | NotesAPI | GET Request -> https://practice.expandtesting.com/notes/api/notes
2026-05-07 12:14:52,600 | INFO | NotesAPI | Response Status -> 200
2026-05-07 12:14:52,603 | INFO | AuthAPI | POST Request -> https://practice.expandtesting.com/notes/api/users/login
2026-05-07 12:14:52,603 | INFO | AuthAPI | Payload -> {'email': 'raghu1@gmail.com', 'password': 'raghu1'}
2026-05-07 12:14:56,004 | INFO | AuthAPI | Response Status -> 200
2026-05-07 12:14:56,008 | INFO | NotesAPI | POST Request -> https://practice.expandtesting.com/notes/api/notes
2026-05-07 12:14:56,008 | INFO | NotesAPI | Payload -> {'title': '', 'description': 'Description', 'category': 'Home'}
2026-05-07 12:15:00,710 | INFO | AuthAPI | Response Status -> 200
2026-05-07 12:15:00,713 | INFO | NotesAPI | DELETE Request -> https://practice.expandtesting.com/notes/api/notes/123456789
2026-05-07 12:15:00,718 | INFO | NotesAPI | Response Status -> 200
2026-05-07 12:15:00,718 | INFO | NotesAPI | GET Request -> https://practice.expandtesting.com/notes/api/notes
2026-05-07 12:15:00,718 | INFO | NotesAPI | Response Status -> 401
2026-05-07 12:15:00,722 | INFO | conftest | Launching Chrome browser
2026-05-07 12:15:02,989 | INFO | conftest | Performing login fixture setup
2026-05-07 12:15:05,461 | INFO | NotesAPI | Response Status -> 400
2026-05-07 12:15:05,470 | INFO | AuthAPI | POST Request -> https://practice.expandtesting.com/notes/api/users/login
2026-05-07 12:15:05,470 | INFO | AuthAPI | Payload -> {'email': 'raghu1@gmail.com', 'password': 'raghu1'}
2026-05-07 12:15:08,397 | INFO | NotesAPI | Response Status -> 400
2026-05-07 12:15:08,402 | INFO | conftest | Launching Chrome browser
2026-05-07 12:15:11,125 | INFO | conftest | Performing login fixture setup
2026-05-07 12:15:12,396 | INFO | AuthAPI | Response Status -> 200
2026-05-07 12:15:12,400 | INFO | NotesAPI | POST Request -> https://practice.expandtesting.com/notes/api/notes
2026-05-07 12:15:12,401 | INFO | NotesAPI | Payload -> {'title': 'Title', 'description': '', 'category': 'Home'}
2026-05-07 12:15:14,040 | INFO | NotesAPI | Response Status -> 200
2026-05-07 12:15:14,049 | INFO | AuthAPI | POST Request -> https://practice.expandtesting.com/notes/api/users/login
2026-05-07 12:15:14,049 | INFO | AuthAPI | Payload -> {'email': 'raghu1@gmail.com', 'password': 'raghu1'}
2026-05-07 12:15:19,106 | INFO | NotesAPI | Response Status -> 400
2026-05-07 12:15:19,115 | INFO | conftest | Launching Chrome browser
2026-05-07 12:15:21,624 | INFO | AuthAPI | Response Status -> 200
2026-05-07 12:15:21,632 | INFO | test_get_notes | Starting test_get_all_notes
2026-05-07 12:15:21,632 | INFO | NotesAPI | GET Request -> https://practice.expandtesting.com/notes/api/notes
2026-05-07 12:15:23,469 | INFO | conftest | Performing login fixture setup
2026-05-07 12:15:33,446 | INFO | NotesAPI | Response Status -> 200
2026-05-07 12:15:33,447 | INFO | test_get_notes | Response received: 200
2026-05-07 12:15:33,448 | INFO | test_get_notes | test_get_all_notes PASSED
2026-05-07 12:15:33,458 | INFO | conftest | Launching Chrome browser
2026-05-07 12:15:39,957 | INFO | LoginPage | Attempting login with email: raghu1@gmail.com
2026-05-07 12:15:39,957 | INFO | LoginPage | Typing 'raghu1@gmail.com' into element: ('id', 'email')
2026-05-07 12:15:40,194 | INFO | LoginPage | Attempting login with email: raghu1@gmail.com
2026-05-07 12:15:40,194 | INFO | LoginPage | Typing 'raghu1@gmail.com' into element: ('id', 'email')
2026-05-07 12:15:40,429 | INFO | LoginPage | Typing 'raghu1' into element: ('id', 'password')
2026-05-07 12:15:40,733 | INFO | LoginPage | Login button clicked
2026-05-07 12:15:40,733 | INFO | conftest | Login fixture completed
2026-05-07 12:15:40,736 | INFO | AuthAPI | POST Request -> https://practice.expandtesting.com/notes/api/users/login
2026-05-07 12:15:40,740 | INFO | AuthAPI | Payload -> {'email': 'raghu1@gmail.com', 'password': 'raghu1'}
2026-05-07 12:15:49,980 | INFO | AuthAPI | Response Status -> 200
2026-05-07 12:15:49,987 | INFO | test_api_to_ui_validation | STARTING E2E TEST: API -> UI
2026-05-07 12:15:49,987 | INFO | test_api_to_ui_validation | Creating note via UI | Title: DELETE-9dffda4a-1960-4c85-be26-d551eb28b107
2026-05-07 12:15:49,987 | INFO | NotesPage | Creating note | Title: DELETE-9dffda4a-1960-4c85-be26-d551eb28b107
2026-05-07 12:15:49,988 | INFO | NotesPage | Clicking Add Note button
2026-05-07 12:15:52,190 | INFO | LoginPage | Attempting login with email: raghu1@gmail.com
2026-05-07 12:15:52,190 | INFO | LoginPage | Typing 'raghu1@gmail.com' into element: ('id', 'email')
2026-05-07 12:15:58,210 | INFO | NotesPage | Entering title: DELETE-9dffda4a-1960-4c85-be26-d551eb28b107
2026-05-07 12:15:58,211 | INFO | NotesPage | Typing 'DELETE-9dffda4a-1960-4c85-be26-d551eb28b107' into element: ('id', 'title')
2026-05-07 12:15:58,551 | INFO | NotesPage | Entering description
2026-05-07 12:15:58,551 | INFO | NotesPage | Typing 'Delete validation' into element: ('id', 'description')
2026-05-07 12:15:58,794 | INFO | NotesPage | Selecting category: Work
2026-05-07 12:15:59,041 | INFO | NotesPage | Clicking Create button
2026-05-07 12:15:59,162 | INFO | NotesPage | Checking if note exists: DELETE-9dffda4a-1960-4c85-be26-d551eb28b107
2026-05-07 12:16:01,371 | WARNING | NotesPage | Note NOT found: DELETE-9dffda4a-1960-4c85-be26-d551eb28b107
2026-05-07 12:16:01,873 | INFO | NotesPage | Checking if note exists: DELETE-9dffda4a-1960-4c85-be26-d551eb28b107
2026-05-07 12:16:01,905 | INFO | LoginPage | Typing 'raghu1' into element: ('id', 'password')
2026-05-07 12:16:02,165 | INFO | LoginPage | Login button clicked
2026-05-07 12:16:02,165 | INFO | conftest | Login fixture completed
2026-05-07 12:16:02,168 | INFO | AuthAPI | POST Request -> https://practice.expandtesting.com/notes/api/users/login
2026-05-07 12:16:02,170 | INFO | AuthAPI | Payload -> {'email': 'raghu1@gmail.com', 'password': 'raghu1'}
2026-05-07 12:16:03,972 | WARNING | NotesPage | Note NOT found: DELETE-9dffda4a-1960-4c85-be26-d551eb28b107
2026-05-07 12:16:04,473 | INFO | NotesPage | Checking if note exists: DELETE-9dffda4a-1960-4c85-be26-d551eb28b107
2026-05-07 12:16:06,810 | WARNING | NotesPage | Note NOT found: DELETE-9dffda4a-1960-4c85-be26-d551eb28b107
2026-05-07 12:16:07,311 | INFO | NotesPage | Checking if note exists: DELETE-9dffda4a-1960-4c85-be26-d551eb28b107
2026-05-07 12:16:14,256 | INFO | AuthAPI | Response Status -> 200
2026-05-07 12:16:14,262 | INFO | test_ui_to_api_validation | STARTING E2E TEST: UI -> API
2026-05-07 12:16:14,263 | INFO | test_ui_to_api_validation | Creating note from UI | Title: E2E-3e968885-e7df-43f6-bd31-21fe9357ebc5
2026-05-07 12:16:14,263 | INFO | NotesPage | Creating note | Title: E2E-3e968885-e7df-43f6-bd31-21fe9357ebc5
2026-05-07 12:16:14,263 | INFO | NotesPage | Clicking Add Note button
2026-05-07 12:16:14,335 | INFO | LoginPage | Typing 'raghu1' into element: ('id', 'password')
2026-05-07 12:16:14,810 | INFO | LoginPage | Login button clicked
2026-05-07 12:16:14,811 | INFO | conftest | Login fixture completed
2026-05-07 12:16:14,814 | INFO | NotesPage | Creating note | Title: Instant-7b072455-cf87-4b78-b9b2-516aa5872734
2026-05-07 12:16:14,814 | INFO | NotesPage | Clicking Add Note button
2026-05-07 12:16:25,510 | INFO | conftest | Closing browser
2026-05-07 12:16:25,836 | INFO | conftest | Closing browser
2026-05-07 12:16:27,957 | INFO | conftest | Launching Chrome browser
2026-05-07 12:16:28,214 | INFO | conftest | Launching Chrome browser
2026-05-07 12:16:35,143 | WARNING | NotesPage | Stale element detected. Retrying...
2026-05-07 12:16:35,380 | INFO | conftest | Closing browser
2026-05-07 12:16:37,889 | INFO | conftest | Launching Chrome browser
2026-05-07 12:16:41,454 | INFO | conftest | Performing login fixture setup
2026-05-07 12:16:44,625 | INFO | LoginPage | Attempting login with email: wrong@test.com
2026-05-07 12:16:44,626 | INFO | LoginPage | Typing 'wrong@test.com' into element: ('id', 'email')
2026-05-07 12:16:44,887 | INFO | LoginPage | Typing 'Password123' into element: ('id', 'password')
2026-05-07 12:16:45,256 | INFO | LoginPage | Login button clicked
2026-05-07 12:16:54,837 | INFO | conftest | Closing browser
2026-05-07 12:16:57,372 | INFO | conftest | Launching Chrome browser
2026-05-07 12:17:24,246 | INFO | LoginPage | Attempting login with email: raghu1@gmail.com
2026-05-07 12:17:24,247 | INFO | LoginPage | Typing 'raghu1@gmail.com' into element: ('id', 'email')
2026-05-07 12:17:24,254 | INFO | LoginPage | Attempting login with email: 
2026-05-07 12:17:24,254 | INFO | LoginPage | Typing '' into element: ('id', 'email')
2026-05-07 12:17:24,282 | INFO | LoginPage | Attempting login with email: raghu1@gmail.com
2026-05-07 12:17:24,282 | INFO | LoginPage | Typing 'raghu1@gmail.com' into element: ('id', 'email')
2026-05-07 12:17:24,519 | INFO | LoginPage | Typing 'raghu1' into element: ('id', 'password')
2026-05-07 12:17:24,805 | INFO | LoginPage | Login button clicked
2026-05-07 12:17:24,806 | INFO | LoginPage | Validating login success
2026-05-07 12:17:26,370 | INFO | LoginPage | Attempting login with email: 
2026-05-07 12:17:26,371 | INFO | LoginPage | Typing '' into element: ('id', 'email')
2026-05-07 12:17:26,586 | INFO | LoginPage | Typing 'Password123' into element: ('id', 'password')
2026-05-07 12:17:26,877 | INFO | LoginPage | Login button clicked
2026-05-07 12:17:29,658 | INFO | conftest | Closing browser
2026-05-07 12:17:32,048 | INFO | conftest | Launching Chrome browser
2026-05-07 12:17:32,245 | INFO | conftest | Closing browser
2026-05-07 12:17:34,637 | INFO | conftest | Launching Chrome browser
2026-05-07 12:17:35,355 | INFO | conftest | Performing login fixture setup
2026-05-07 12:17:38,008 | INFO | conftest | Performing login fixture setup
2026-05-07 12:17:41,439 | INFO | LoginPage | Typing 'raghu1' into element: ('id', 'password')
2026-05-07 12:17:41,791 | INFO | LoginPage | Login button clicked
2026-05-07 12:17:41,792 | INFO | conftest | Login fixture completed
2026-05-07 12:17:41,794 | INFO | NotesPage | Creating note | Title: Automation-d693d56d-8707-465f-bc2d-922168cca7fe
2026-05-07 12:17:41,795 | INFO | NotesPage | Clicking Add Note button
2026-05-07 12:17:43,007 | INFO | LoginPage | Typing '' into element: ('id', 'password')
2026-05-07 12:17:43,295 | INFO | LoginPage | Login button clicked
2026-05-07 12:17:48,762 | INFO | conftest | Closing browser
2026-05-07 12:17:50,577 | INFO | LoginPage | Attempting login with email: raghu1@gmail.com
2026-05-07 12:17:50,577 | INFO | LoginPage | Typing 'raghu1@gmail.com' into element: ('id', 'email')
2026-05-07 12:17:50,872 | INFO | LoginPage | Typing 'raghu1' into element: ('id', 'password')
2026-05-07 12:17:51,244 | INFO | NotesPage | Entering title: Automation-d693d56d-8707-465f-bc2d-922168cca7fe
2026-05-07 12:17:51,244 | INFO | NotesPage | Typing 'Automation-d693d56d-8707-465f-bc2d-922168cca7fe' into element: ('id', 'title')
2026-05-07 12:17:51,248 | INFO | LoginPage | Login button clicked
2026-05-07 12:17:51,249 | INFO | conftest | Login fixture completed
2026-05-07 12:17:51,251 | INFO | NotesPage | Clicking Add Note button
2026-05-07 12:17:51,646 | INFO | NotesPage | Entering description
2026-05-07 12:17:51,647 | INFO | NotesPage | Typing 'This is automation testing' into element: ('id', 'description')
2026-05-07 12:17:51,891 | INFO | NotesPage | Selecting category: Home
2026-05-07 12:17:52,105 | INFO | NotesPage | Clicking Create button
2026-05-07 12:17:52,257 | INFO | NotesPage | Checking if note exists: Automation-d693d56d-8707-465f-bc2d-922168cca7fe
2026-05-07 12:17:58,918 | INFO | NotesPage | Entering description
2026-05-07 12:17:58,919 | INFO | NotesPage | Typing 'Missing title' into element: ('id', 'description')
2026-05-07 12:17:59,194 | INFO | NotesPage | Selecting category: Home
2026-05-07 12:17:59,399 | INFO | NotesPage | Clicking Create button
2026-05-07 12:17:59,484 | INFO | NotesPage | Fetching validation errors
2026-05-07 12:17:59,698 | INFO | conftest | Closing browser
2026-05-07 12:18:02,051 | WARNING | NotesPage | Note NOT found: Automation-d693d56d-8707-465f-bc2d-922168cca7fe
2026-05-07 12:18:02,552 | INFO | NotesPage | Checking if note exists: Automation-d693d56d-8707-465f-bc2d-922168cca7fe
2026-05-07 12:18:08,587 | INFO | NotesPage | Note found: Automation-d693d56d-8707-465f-bc2d-922168cca7fe
2026-05-07 12:18:08,587 | INFO | NotesPage | Note created successfully | Title: Automation-d693d56d-8707-465f-bc2d-922168cca7fe
2026-05-07 12:18:08,587 | INFO | NotesPage | Checking if note exists: Automation-d693d56d-8707-465f-bc2d-922168cca7fe
2026-05-07 12:18:09,265 | INFO | LoginPage | Attempting login with email: raghu1@gmail.com
2026-05-07 12:18:09,265 | INFO | LoginPage | Typing 'raghu1@gmail.com' into element: ('id', 'email')
2026-05-07 12:18:09,469 | INFO | LoginPage | Typing 'raghu1' into element: ('id', 'password')
2026-05-07 12:18:09,594 | INFO | LoginPage | Login button clicked
2026-05-07 12:18:09,594 | INFO | conftest | Login fixture completed
2026-05-07 12:18:09,595 | INFO | NotesPage | Clicking Add Note button
2026-05-07 12:18:10,200 | INFO | NotesPage | Note found: Automation-d693d56d-8707-465f-bc2d-922168cca7fe
2026-05-07 12:18:10,202 | INFO | conftest | Closing browser
2026-05-07 12:18:20,125 | INFO | conftest | Closing browser
2026-05-07 12:20:41,945 | INFO | AuthAPI | POST Request -> https://practice.expandtesting.com/notes/api/users/login
2026-05-07 12:20:41,945 | INFO | AuthAPI | Payload -> {'email': 'raghu1@gmail.com', 'password': 'raghu1'}
2026-05-07 12:20:41,945 | INFO | AuthAPI | POST Request -> https://practice.expandtesting.com/notes/api/users/login
2026-05-07 12:20:41,946 | INFO | AuthAPI | Payload -> {'email': '', 'password': ''}
2026-05-07 12:20:41,946 | INFO | AuthAPI | POST Request -> https://practice.expandtesting.com/notes/api/users/login
2026-05-07 12:20:41,946 | INFO | AuthAPI | Payload -> {'email': 'raghu1@gmail.com', 'password': 'raghu1'}
2026-05-07 12:20:41,946 | INFO | AuthAPI | POST Request -> https://practice.expandtesting.com/notes/api/users/login
2026-05-07 12:20:41,947 | INFO | AuthAPI | Payload -> {'email': 'raghu1@gmail.com', 'password': 'raghu1'}
2026-05-07 12:20:43,114 | INFO | AuthAPI | Response Status -> 400
2026-05-07 12:20:43,120 | INFO | AuthAPI | POST Request -> https://practice.expandtesting.com/notes/api/users/login
2026-05-07 12:20:43,120 | INFO | AuthAPI | Payload -> {'email': 'raghu1@gmail.com', 'password': 'raghu1'}
2026-05-07 12:20:46,217 | INFO | AuthAPI | Response Status -> 200
2026-05-07 12:20:46,217 | INFO | AuthAPI | Response Status -> 200
2026-05-07 12:20:46,221 | INFO | NotesAPI | GET Request -> https://practice.expandtesting.com/notes/api/notes
2026-05-07 12:20:46,223 | INFO | AuthAPI | POST Request -> https://practice.expandtesting.com/notes/api/users/login
2026-05-07 12:20:46,223 | INFO | AuthAPI | Payload -> {'email': 'wrong@test.com', 'password': 'wrongpass'}
2026-05-07 12:20:46,882 | INFO | AuthAPI | Response Status -> 200
2026-05-07 12:20:46,884 | INFO | NotesAPI | POST Request -> https://practice.expandtesting.com/notes/api/notes
2026-05-07 12:20:46,884 | INFO | NotesAPI | Payload -> {'title': 'DELETE-3927deee-51a0-4817-831c-8f585e630ca8', 'description': 'Delete Description', 'category': 'Work'}
2026-05-07 12:20:50,009 | INFO | AuthAPI | Response Status -> 200
2026-05-07 12:20:50,014 | INFO | NotesAPI | POST Request -> https://practice.expandtesting.com/notes/api/notes
2026-05-07 12:20:50,014 | INFO | NotesAPI | Payload -> {'title': 'API-e47c26c8-c845-4c5a-a0b5-98a35846a749', 'description': 'API Automation Description', 'category': 'Home'}
2026-05-07 12:20:50,630 | INFO | AuthAPI | Response Status -> 401
2026-05-07 12:20:50,637 | INFO | AuthAPI | POST Request -> https://practice.expandtesting.com/notes/api/users/login
2026-05-07 12:20:50,637 | INFO | AuthAPI | Payload -> {'email': 'raghu1@gmail.com', 'password': 'raghu1'}
2026-05-07 12:20:51,416 | INFO | NotesAPI | Response Status -> 200
2026-05-07 12:20:51,416 | INFO | NotesAPI | DELETE Request -> https://practice.expandtesting.com/notes/api/notes/69fc364c81124e02985c7d53
2026-05-07 12:20:52,041 | INFO | NotesAPI | Response Status -> 200
2026-05-07 12:20:52,138 | INFO | NotesAPI | Response Status -> 200
2026-05-07 12:20:52,141 | INFO | AuthAPI | POST Request -> https://practice.expandtesting.com/notes/api/users/login
2026-05-07 12:20:52,141 | INFO | AuthAPI | Payload -> {'email': 'raghu1@gmail.com', 'password': 'raghu1'}
2026-05-07 12:20:52,151 | INFO | NotesAPI | GET Request -> https://practice.expandtesting.com/notes/api/notes
2026-05-07 12:20:56,489 | INFO | AuthAPI | Response Status -> 200
2026-05-07 12:20:56,494 | INFO | NotesAPI | POST Request -> https://practice.expandtesting.com/notes/api/notes
2026-05-07 12:20:56,494 | INFO | NotesAPI | Payload -> {'title': '', 'description': 'Description', 'category': 'Home'}
2026-05-07 12:20:58,778 | INFO | NotesAPI | Response Status -> 401
2026-05-07 12:20:58,782 | INFO | conftest | Launching Chrome browser
2026-05-07 12:21:00,383 | INFO | AuthAPI | Response Status -> 200
2026-05-07 12:21:00,386 | INFO | NotesAPI | DELETE Request -> https://practice.expandtesting.com/notes/api/notes/123456789
2026-05-07 12:21:00,886 | INFO | NotesAPI | Response Status -> 200
2026-05-07 12:21:00,886 | INFO | NotesAPI | GET Request -> https://practice.expandtesting.com/notes/api/notes
2026-05-07 12:21:01,053 | INFO | conftest | Performing login fixture setup
2026-05-07 12:21:02,557 | INFO | NotesAPI | Response Status -> 400
2026-05-07 12:21:02,565 | INFO | AuthAPI | POST Request -> https://practice.expandtesting.com/notes/api/users/login
2026-05-07 12:21:02,565 | INFO | AuthAPI | Payload -> {'email': 'raghu1@gmail.com', 'password': 'raghu1'}
2026-05-07 12:21:04,165 | INFO | NotesAPI | Response Status -> 400
2026-05-07 12:21:04,176 | INFO | conftest | Launching Chrome browser
2026-05-07 12:21:04,384 | INFO | LoginPage | Attempting login with email: raghu1@gmail.com
2026-05-07 12:21:04,385 | INFO | LoginPage | Typing 'raghu1@gmail.com' into element: ('id', 'email')
2026-05-07 12:21:07,228 | INFO | AuthAPI | Response Status -> 200
2026-05-07 12:21:07,232 | INFO | NotesAPI | POST Request -> https://practice.expandtesting.com/notes/api/notes
2026-05-07 12:21:07,233 | INFO | NotesAPI | Payload -> {'title': 'Title', 'description': '', 'category': 'Home'}
2026-05-07 12:21:07,379 | INFO | NotesAPI | Response Status -> 200
2026-05-07 12:21:07,391 | INFO | AuthAPI | POST Request -> https://practice.expandtesting.com/notes/api/users/login
2026-05-07 12:21:07,391 | INFO | AuthAPI | Payload -> {'email': 'raghu1@gmail.com', 'password': 'raghu1'}
2026-05-07 12:21:07,899 | INFO | conftest | Performing login fixture setup
2026-05-07 12:21:10,860 | INFO | NotesAPI | Response Status -> 400
2026-05-07 12:21:10,871 | INFO | conftest | Launching Chrome browser
2026-05-07 12:21:13,451 | INFO | AuthAPI | Response Status -> 200
2026-05-07 12:21:13,456 | INFO | test_get_notes | Starting test_get_all_notes
2026-05-07 12:21:13,457 | INFO | NotesAPI | GET Request -> https://practice.expandtesting.com/notes/api/notes
2026-05-07 12:21:14,248 | INFO | conftest | Performing login fixture setup
2026-05-07 12:21:21,153 | INFO | NotesAPI | Response Status -> 200
2026-05-07 12:21:21,153 | INFO | test_get_notes | Response received: 200
2026-05-07 12:21:21,154 | INFO | test_get_notes | test_get_all_notes PASSED
2026-05-07 12:21:21,159 | INFO | conftest | Launching Chrome browser
2026-05-07 12:21:21,567 | INFO | LoginPage | Typing 'raghu1' into element: ('id', 'password')
2026-05-07 12:21:21,791 | INFO | LoginPage | Login button clicked
2026-05-07 12:21:21,791 | INFO | conftest | Login fixture completed
2026-05-07 12:21:21,792 | INFO | AuthAPI | POST Request -> https://practice.expandtesting.com/notes/api/users/login
2026-05-07 12:21:21,794 | INFO | AuthAPI | Payload -> {'email': 'raghu1@gmail.com', 'password': 'raghu1'}
2026-05-07 12:21:23,013 | INFO | conftest | Closing browser
2026-05-07 12:21:23,018 | INFO | conftest | Closing browser
2026-05-07 12:21:30,283 | INFO | conftest | Closing browser
2026-05-07 12:24:20,448 | INFO | AuthAPI | POST Request -> https://practice.expandtesting.com/notes/api/users/login
2026-05-07 12:24:20,448 | INFO | AuthAPI | Payload -> {'email': 'raghu1@gmail.com', 'password': 'raghu1'}
2026-05-07 12:24:20,452 | INFO | AuthAPI | POST Request -> https://practice.expandtesting.com/notes/api/users/login
2026-05-07 12:24:20,452 | INFO | AuthAPI | Payload -> {'email': 'raghu1@gmail.com', 'password': 'raghu1'}
2026-05-07 12:24:20,453 | INFO | AuthAPI | POST Request -> https://practice.expandtesting.com/notes/api/users/login
2026-05-07 12:24:20,454 | INFO | AuthAPI | Payload -> {'email': '', 'password': ''}
2026-05-07 12:24:20,454 | INFO | AuthAPI | POST Request -> https://practice.expandtesting.com/notes/api/users/login
2026-05-07 12:24:20,454 | INFO | AuthAPI | Payload -> {'email': 'raghu1@gmail.com', 'password': 'raghu1'}
2026-05-07 12:24:28,410 | INFO | AuthAPI | Response Status -> 400
2026-05-07 12:24:28,416 | INFO | AuthAPI | POST Request -> https://practice.expandtesting.com/notes/api/users/login
2026-05-07 12:24:28,416 | INFO | AuthAPI | Payload -> {'email': 'raghu1@gmail.com', 'password': 'raghu1'}
2026-05-07 12:24:48,359 | INFO | AuthAPI | POST Request -> https://practice.expandtesting.com/notes/api/users/login
2026-05-07 12:24:48,359 | INFO | AuthAPI | Payload -> {'email': 'raghu1@gmail.com', 'password': 'raghu1'}
2026-05-07 12:25:21,896 | INFO | AuthAPI | Response Status -> 200
2026-05-07 12:25:21,903 | INFO | AuthAPI | POST Request -> https://practice.expandtesting.com/notes/api/users/login
2026-05-07 12:25:21,903 | INFO | AuthAPI | Payload -> {'email': 'wrong@test.com', 'password': 'wrongpass'}
2026-05-07 12:25:26,975 | INFO | AuthAPI | Response Status -> 401
2026-05-07 12:25:26,982 | INFO | AuthAPI | POST Request -> https://practice.expandtesting.com/notes/api/users/login
2026-05-07 12:25:26,982 | INFO | AuthAPI | Payload -> {'email': '', 'password': ''}
2026-05-07 12:25:29,399 | INFO | AuthAPI | Response Status -> 400
2026-05-07 12:25:29,405 | INFO | AuthAPI | POST Request -> https://practice.expandtesting.com/notes/api/users/login
2026-05-07 12:25:29,405 | INFO | AuthAPI | Payload -> {'email': 'raghu1@gmail.com', 'password': 'raghu1'}
2026-05-07 12:25:39,348 | INFO | AuthAPI | Response Status -> 200
2026-05-07 12:25:39,351 | INFO | NotesAPI | POST Request -> https://practice.expandtesting.com/notes/api/notes
2026-05-07 12:25:39,351 | INFO | NotesAPI | Payload -> {'title': 'API-4f8670f5-9b16-48e7-942a-0df92a74d3af', 'description': 'API Automation Description', 'category': 'Home'}
2026-05-07 12:25:52,560 | INFO | NotesAPI | Response Status -> 200
2026-05-07 12:25:52,567 | INFO | AuthAPI | POST Request -> https://practice.expandtesting.com/notes/api/users/login
2026-05-07 12:25:52,567 | INFO | AuthAPI | Payload -> {'email': 'raghu1@gmail.com', 'password': 'raghu1'}
2026-05-07 12:26:10,296 | INFO | AuthAPI | Response Status -> 200
2026-05-07 12:26:10,300 | INFO | NotesAPI | POST Request -> https://practice.expandtesting.com/notes/api/notes
2026-05-07 12:26:10,300 | INFO | NotesAPI | Payload -> {'title': 'DELETE-0b36380d-3993-43ff-aa60-91e83145ef7c', 'description': 'Delete Description', 'category': 'Work'}
2026-05-07 12:26:19,273 | INFO | NotesAPI | Response Status -> 200
2026-05-07 12:26:19,273 | INFO | NotesAPI | DELETE Request -> https://practice.expandtesting.com/notes/api/notes/69fc379381124e02985c8047
2026-05-07 12:26:34,542 | INFO | NotesAPI | Response Status -> 200
2026-05-07 12:26:34,542 | INFO | NotesAPI | GET Request -> https://practice.expandtesting.com/notes/api/notes
2026-05-07 12:26:47,314 | INFO | NotesAPI | Response Status -> 200
2026-05-07 12:26:47,323 | INFO | AuthAPI | POST Request -> https://practice.expandtesting.com/notes/api/users/login
2026-05-07 12:26:47,324 | INFO | AuthAPI | Payload -> {'email': 'raghu1@gmail.com', 'password': 'raghu1'}
2026-05-07 12:26:55,592 | INFO | AuthAPI | Response Status -> 200
2026-05-07 12:26:55,595 | INFO | test_get_notes | Starting test_get_all_notes
2026-05-07 12:26:55,596 | INFO | NotesAPI | GET Request -> https://practice.expandtesting.com/notes/api/notes
2026-05-07 12:27:10,945 | INFO | NotesAPI | Response Status -> 200
2026-05-07 12:27:10,946 | INFO | test_get_notes | Response received: 200
2026-05-07 12:27:10,947 | INFO | test_get_notes | test_get_all_notes PASSED
2026-05-07 12:27:10,955 | INFO | AuthAPI | POST Request -> https://practice.expandtesting.com/notes/api/users/login
2026-05-07 12:27:10,955 | INFO | AuthAPI | Payload -> {'email': 'raghu1@gmail.com', 'password': 'raghu1'}
2026-05-07 12:27:26,181 | INFO | AuthAPI | Response Status -> 200
2026-05-07 12:27:26,185 | INFO | NotesAPI | GET Request -> https://practice.expandtesting.com/notes/api/notes
2026-05-07 12:27:40,937 | INFO | NotesAPI | Response Status -> 200
2026-05-07 12:27:41,039 | INFO | NotesAPI | GET Request -> https://practice.expandtesting.com/notes/api/notes
2026-05-07 12:27:59,199 | INFO | NotesAPI | Response Status -> 401
2026-05-07 12:27:59,205 | INFO | AuthAPI | POST Request -> https://practice.expandtesting.com/notes/api/users/login
2026-05-07 12:27:59,205 | INFO | AuthAPI | Payload -> {'email': 'raghu1@gmail.com', 'password': 'raghu1'}
2026-05-07 12:28:08,969 | INFO | AuthAPI | Response Status -> 200
2026-05-07 12:28:08,973 | INFO | NotesAPI | DELETE Request -> https://practice.expandtesting.com/notes/api/notes/123456789
2026-05-07 12:28:16,392 | INFO | NotesAPI | Response Status -> 400
2026-05-07 12:28:16,400 | INFO | AuthAPI | POST Request -> https://practice.expandtesting.com/notes/api/users/login
2026-05-07 12:28:16,401 | INFO | AuthAPI | Payload -> {'email': 'raghu1@gmail.com', 'password': 'raghu1'}
2026-05-07 13:21:01,938 | INFO | AuthAPI | POST Request -> https://practice.expandtesting.com/notes/api/users/login
2026-05-07 13:21:01,938 | INFO | AuthAPI | Payload -> {'email': 'raghu1@gmail.com', 'password': 'raghu1'}
2026-05-07 13:21:02,907 | INFO | AuthAPI | Response Status -> 200
2026-05-07 13:21:02,910 | INFO | AuthAPI | POST Request -> https://practice.expandtesting.com/notes/api/users/login
2026-05-07 13:21:02,910 | INFO | AuthAPI | Payload -> {'email': 'wrong@test.com', 'password': 'wrongpass'}
2026-05-07 13:21:03,493 | INFO | AuthAPI | Response Status -> 401
2026-05-07 13:21:03,495 | INFO | AuthAPI | POST Request -> https://practice.expandtesting.com/notes/api/users/login
2026-05-07 13:21:03,495 | INFO | AuthAPI | Payload -> {'email': '', 'password': ''}
2026-05-07 13:21:04,035 | INFO | AuthAPI | Response Status -> 400
2026-05-07 13:21:04,038 | INFO | AuthAPI | POST Request -> https://practice.expandtesting.com/notes/api/users/login
2026-05-07 13:21:04,038 | INFO | AuthAPI | Payload -> {'email': 'raghu1@gmail.com', 'password': 'raghu1'}
2026-05-07 13:21:04,703 | INFO | AuthAPI | Response Status -> 200
2026-05-07 13:21:04,704 | INFO | NotesAPI | POST Request -> https://practice.expandtesting.com/notes/api/notes
2026-05-07 13:21:04,704 | INFO | NotesAPI | Payload -> {'title': 'API-70e21a6d-b724-4a87-9f98-34467067477e', 'description': 'API Automation Description', 'category': 'Home'}
2026-05-07 13:21:05,320 | INFO | NotesAPI | Response Status -> 200
2026-05-07 13:21:05,322 | INFO | AuthAPI | POST Request -> https://practice.expandtesting.com/notes/api/users/login
2026-05-07 13:21:05,322 | INFO | AuthAPI | Payload -> {'email': 'raghu1@gmail.com', 'password': 'raghu1'}
2026-05-07 13:21:05,968 | INFO | AuthAPI | Response Status -> 200
2026-05-07 13:21:05,969 | INFO | NotesAPI | POST Request -> https://practice.expandtesting.com/notes/api/notes
2026-05-07 13:21:05,969 | INFO | NotesAPI | Payload -> {'title': 'DELETE-d61bf115-1aa4-449d-9e44-28c3a1f2cf54', 'description': 'Delete Description', 'category': 'Work'}
2026-05-07 13:21:06,508 | INFO | NotesAPI | Response Status -> 200
2026-05-07 13:21:06,508 | INFO | NotesAPI | DELETE Request -> https://practice.expandtesting.com/notes/api/notes/69fc446c81124e02985c929d
2026-05-07 13:21:07,049 | INFO | NotesAPI | Response Status -> 200
2026-05-07 13:21:07,049 | INFO | NotesAPI | GET Request -> https://practice.expandtesting.com/notes/api/notes
2026-05-07 13:21:07,724 | INFO | NotesAPI | Response Status -> 200
2026-05-07 13:21:07,728 | INFO | AuthAPI | POST Request -> https://practice.expandtesting.com/notes/api/users/login
2026-05-07 13:21:07,728 | INFO | AuthAPI | Payload -> {'email': 'raghu1@gmail.com', 'password': 'raghu1'}
2026-05-07 13:21:08,315 | INFO | AuthAPI | Response Status -> 200
2026-05-07 13:21:08,316 | INFO | test_get_notes | Starting test_get_all_notes
2026-05-07 13:21:08,316 | INFO | NotesAPI | GET Request -> https://practice.expandtesting.com/notes/api/notes
2026-05-07 13:21:08,925 | INFO | NotesAPI | Response Status -> 200
2026-05-07 13:21:08,925 | INFO | test_get_notes | Response received: 200
2026-05-07 13:21:08,925 | INFO | test_get_notes | test_get_all_notes PASSED
2026-05-07 13:21:08,927 | INFO | AuthAPI | POST Request -> https://practice.expandtesting.com/notes/api/users/login
2026-05-07 13:21:08,928 | INFO | AuthAPI | Payload -> {'email': 'raghu1@gmail.com', 'password': 'raghu1'}
2026-05-07 13:21:09,816 | INFO | AuthAPI | Response Status -> 200
2026-05-07 13:21:09,817 | INFO | NotesAPI | GET Request -> https://practice.expandtesting.com/notes/api/notes
2026-05-07 13:21:10,404 | INFO | NotesAPI | Response Status -> 200
2026-05-07 13:21:10,406 | INFO | NotesAPI | GET Request -> https://practice.expandtesting.com/notes/api/notes
2026-05-07 13:21:11,208 | INFO | NotesAPI | Response Status -> 401
2026-05-07 13:21:11,210 | INFO | AuthAPI | POST Request -> https://practice.expandtesting.com/notes/api/users/login
2026-05-07 13:21:11,210 | INFO | AuthAPI | Payload -> {'email': 'raghu1@gmail.com', 'password': 'raghu1'}
2026-05-07 13:21:11,922 | INFO | AuthAPI | Response Status -> 200
2026-05-07 13:21:11,924 | INFO | NotesAPI | DELETE Request -> https://practice.expandtesting.com/notes/api/notes/123456789
2026-05-07 13:21:12,525 | INFO | NotesAPI | Response Status -> 400
2026-05-07 13:21:12,528 | INFO | AuthAPI | POST Request -> https://practice.expandtesting.com/notes/api/users/login
2026-05-07 13:21:12,528 | INFO | AuthAPI | Payload -> {'email': 'raghu1@gmail.com', 'password': 'raghu1'}
2026-05-07 13:21:13,195 | INFO | AuthAPI | Response Status -> 200
2026-05-07 13:21:13,213 | INFO | NotesAPI | POST Request -> https://practice.expandtesting.com/notes/api/notes
2026-05-07 13:21:13,213 | INFO | NotesAPI | Payload -> {'title': '', 'description': 'Description', 'category': 'Home'}
2026-05-07 13:21:13,881 | INFO | NotesAPI | Response Status -> 400
2026-05-07 13:21:13,886 | INFO | AuthAPI | POST Request -> https://practice.expandtesting.com/notes/api/users/login
2026-05-07 13:21:13,886 | INFO | AuthAPI | Payload -> {'email': 'raghu1@gmail.com', 'password': 'raghu1'}
2026-05-07 13:21:14,580 | INFO | AuthAPI | Response Status -> 200
2026-05-07 13:21:14,584 | INFO | NotesAPI | POST Request -> https://practice.expandtesting.com/notes/api/notes
2026-05-07 13:21:14,584 | INFO | NotesAPI | Payload -> {'title': 'Title', 'description': '', 'category': 'Home'}
2026-05-07 13:21:15,244 | INFO | NotesAPI | Response Status -> 400
2026-05-07 13:21:15,249 | INFO | conftest | Launching Chrome browser
2026-05-07 13:21:19,439 | INFO | conftest | Performing login fixture setup
2026-05-07 13:21:49,829 | INFO | LoginPage | Attempting login with email: raghu1@gmail.com
2026-05-07 13:21:49,830 | INFO | LoginPage | Typing 'raghu1@gmail.com' into element: ('id', 'email')
2026-05-07 13:21:52,965 | INFO | LoginPage | Typing 'raghu1' into element: ('id', 'password')
2026-05-07 13:21:53,169 | INFO | LoginPage | Login button clicked
2026-05-07 13:21:53,169 | INFO | conftest | Login fixture completed
2026-05-07 13:21:53,171 | INFO | AuthAPI | POST Request -> https://practice.expandtesting.com/notes/api/users/login
2026-05-07 13:21:53,171 | INFO | AuthAPI | Payload -> {'email': 'raghu1@gmail.com', 'password': 'raghu1'}
2026-05-07 13:21:54,227 | INFO | AuthAPI | Response Status -> 200
2026-05-07 13:21:54,232 | INFO | test_api_to_ui_validation | STARTING E2E TEST: API -> UI
2026-05-07 13:21:54,233 | INFO | test_api_to_ui_validation | Creating note via UI | Title: DELETE-252072f1-7938-481f-9aee-211c2e504885
2026-05-07 13:21:54,233 | INFO | NotesPage | Creating note | Title: DELETE-252072f1-7938-481f-9aee-211c2e504885
2026-05-07 13:21:54,233 | INFO | NotesPage | Clicking Add Note button
2026-05-07 13:21:54,437 | INFO | NotesPage | Entering title: DELETE-252072f1-7938-481f-9aee-211c2e504885
2026-05-07 13:21:54,437 | INFO | NotesPage | Typing 'DELETE-252072f1-7938-481f-9aee-211c2e504885' into element: ('id', 'title')
2026-05-07 13:21:54,684 | INFO | NotesPage | Entering description
2026-05-07 13:21:54,684 | INFO | NotesPage | Typing 'Delete validation' into element: ('id', 'description')
2026-05-07 13:21:54,858 | INFO | NotesPage | Selecting category: Work
2026-05-07 13:21:55,067 | INFO | NotesPage | Clicking Create button
2026-05-07 13:21:55,181 | INFO | NotesPage | Checking if note exists: DELETE-252072f1-7938-481f-9aee-211c2e504885
2026-05-07 13:21:58,740 | WARNING | NotesPage | Stale element detected. Retrying...
2026-05-07 13:22:00,570 | INFO | NotesPage | Note created successfully | Title: DELETE-252072f1-7938-481f-9aee-211c2e504885
2026-05-07 13:22:00,571 | INFO | test_api_to_ui_validation | Note created successfully
2026-05-07 13:22:00,571 | INFO | NotesPage | Checking if note exists: DELETE-252072f1-7938-481f-9aee-211c2e504885
2026-05-07 13:22:02,357 | INFO | NotesPage | Note found: DELETE-252072f1-7938-481f-9aee-211c2e504885
2026-05-07 13:22:02,358 | INFO | test_api_to_ui_validation | Note created and visible in UI
2026-05-07 13:22:02,358 | INFO | NotesAPI | GET Request -> https://practice.expandtesting.com/notes/api/notes
2026-05-07 13:22:03,856 | INFO | NotesAPI | Response Status -> 200
2026-05-07 13:22:03,856 | INFO | test_api_to_ui_validation | GET Notes Status: 200
2026-05-07 13:22:03,859 | INFO | test_api_to_ui_validation | Located Note ID: 69fc449d81124e02985c9389
2026-05-07 13:22:03,859 | INFO | test_api_to_ui_validation | Deleting note via API | ID: 69fc449d81124e02985c9389
2026-05-07 13:22:03,860 | INFO | NotesAPI | DELETE Request -> https://practice.expandtesting.com/notes/api/notes/69fc449d81124e02985c9389
2026-05-07 13:22:04,814 | INFO | NotesAPI | Response Status -> 200
2026-05-07 13:22:04,814 | INFO | test_api_to_ui_validation | Delete Status: 200
2026-05-07 13:22:04,815 | INFO | test_api_to_ui_validation | Refreshing UI page
2026-05-07 13:22:04,815 | INFO | NotesPage | Refreshing browser page
2026-05-07 13:22:06,874 | INFO | NotesPage | Checking if note exists: DELETE-252072f1-7938-481f-9aee-211c2e504885
2026-05-07 13:22:08,846 | WARNING | NotesPage | Note NOT found: DELETE-252072f1-7938-481f-9aee-211c2e504885
2026-05-07 13:22:08,847 | INFO | test_api_to_ui_validation | Deleted note removed from UI successfully
2026-05-07 13:22:08,847 | INFO | test_api_to_ui_validation | E2E API -> UI validation PASSED
2026-05-07 13:22:08,853 | INFO | conftest | Closing browser
2026-05-07 13:22:11,394 | INFO | conftest | Launching Chrome browser
2026-05-07 13:22:14,886 | INFO | conftest | Performing login fixture setup
2026-05-07 13:22:44,576 | INFO | LoginPage | Attempting login with email: raghu1@gmail.com
2026-05-07 13:22:44,576 | INFO | LoginPage | Typing 'raghu1@gmail.com' into element: ('id', 'email')
2026-05-07 13:22:44,834 | INFO | LoginPage | Typing 'raghu1' into element: ('id', 'password')
2026-05-07 13:22:45,078 | INFO | LoginPage | Login button clicked
2026-05-07 13:22:45,078 | INFO | conftest | Login fixture completed
2026-05-07 13:22:45,085 | INFO | AuthAPI | POST Request -> https://practice.expandtesting.com/notes/api/users/login
2026-05-07 13:22:45,085 | INFO | AuthAPI | Payload -> {'email': 'raghu1@gmail.com', 'password': 'raghu1'}
2026-05-07 13:22:51,831 | INFO | AuthAPI | Response Status -> 200
2026-05-07 13:22:51,833 | INFO | test_ui_to_api_validation | STARTING E2E TEST: UI -> API
2026-05-07 13:22:51,833 | INFO | test_ui_to_api_validation | Creating note from UI | Title: E2E-a4569d0e-0b32-4174-a16c-abd20d2e3a00
2026-05-07 13:22:51,834 | INFO | NotesPage | Creating note | Title: E2E-a4569d0e-0b32-4174-a16c-abd20d2e3a00
2026-05-07 13:22:51,834 | INFO | NotesPage | Clicking Add Note button
2026-05-07 13:22:55,274 | INFO | NotesPage | Entering title: E2E-a4569d0e-0b32-4174-a16c-abd20d2e3a00
2026-05-07 13:22:55,275 | INFO | NotesPage | Typing 'E2E-a4569d0e-0b32-4174-a16c-abd20d2e3a00' into element: ('id', 'title')
2026-05-07 13:22:55,573 | INFO | NotesPage | Entering description
2026-05-07 13:22:55,573 | INFO | NotesPage | Typing 'Hybrid UI API Validation' into element: ('id', 'description')
2026-05-07 13:22:55,760 | INFO | NotesPage | Selecting category: Home
2026-05-07 13:22:55,898 | INFO | NotesPage | Clicking Create button
2026-05-07 13:22:55,971 | INFO | NotesPage | Checking if note exists: E2E-a4569d0e-0b32-4174-a16c-abd20d2e3a00
2026-05-07 13:22:57,907 | WARNING | NotesPage | Note NOT found: E2E-a4569d0e-0b32-4174-a16c-abd20d2e3a00
2026-05-07 13:22:58,408 | INFO | NotesPage | Checking if note exists: E2E-a4569d0e-0b32-4174-a16c-abd20d2e3a00
2026-05-07 13:23:05,291 | WARNING | NotesPage | Stale element detected. Retrying...
2026-05-07 13:23:05,813 | INFO | NotesPage | Checking if note exists: E2E-a4569d0e-0b32-4174-a16c-abd20d2e3a00
2026-05-07 13:23:12,924 | INFO | NotesPage | Note found: E2E-a4569d0e-0b32-4174-a16c-abd20d2e3a00
2026-05-07 13:23:12,924 | INFO | NotesPage | Note created successfully | Title: E2E-a4569d0e-0b32-4174-a16c-abd20d2e3a00
2026-05-07 13:23:12,924 | INFO | test_ui_to_api_validation | Note creation completed
2026-05-07 13:23:12,924 | INFO | NotesPage | Checking if note exists: E2E-a4569d0e-0b32-4174-a16c-abd20d2e3a00
2026-05-07 13:23:14,726 | INFO | NotesPage | Note found: E2E-a4569d0e-0b32-4174-a16c-abd20d2e3a00
2026-05-07 13:23:14,726 | INFO | test_ui_to_api_validation | Note visible in UI successfully
2026-05-07 13:23:14,726 | INFO | test_ui_to_api_validation | Calling GET /notes API
2026-05-07 13:23:14,726 | INFO | NotesAPI | GET Request -> https://practice.expandtesting.com/notes/api/notes
2026-05-07 13:23:24,219 | INFO | NotesAPI | Response Status -> 200
2026-05-07 13:23:24,220 | INFO | test_ui_to_api_validation | API Response Status: 200
2026-05-07 13:23:24,221 | INFO | test_ui_to_api_validation | API Response Time: 9.471235
2026-05-07 13:23:24,980 | INFO | conftest | Closing browser
2026-05-07 13:23:27,358 | INFO | conftest | Launching Chrome browser
2026-05-07 13:23:30,581 | INFO | conftest | Performing login fixture setup
2026-05-07 13:23:56,444 | INFO | LoginPage | Attempting login with email: raghu1@gmail.com
2026-05-07 13:23:56,444 | INFO | LoginPage | Typing 'raghu1@gmail.com' into element: ('id', 'email')
2026-05-07 13:24:11,711 | INFO | LoginPage | Typing 'raghu1' into element: ('id', 'password')
2026-05-07 13:24:11,936 | INFO | LoginPage | Login button clicked
2026-05-07 13:24:11,936 | INFO | conftest | Login fixture completed
2026-05-07 13:24:11,937 | INFO | NotesPage | Creating note | Title: Automation-928cd20b-3e62-4b30-8eae-fdea420af04e
2026-05-07 13:24:11,937 | INFO | NotesPage | Clicking Add Note button
2026-05-07 13:24:22,417 | INFO | conftest | Closing browser
2026-05-07 13:24:24,685 | INFO | conftest | Launching Chrome browser
2026-05-07 13:24:27,542 | INFO | conftest | Performing login fixture setup
2026-05-07 13:24:54,211 | INFO | LoginPage | Attempting login with email: raghu1@gmail.com
2026-05-07 13:24:54,212 | INFO | LoginPage | Typing 'raghu1@gmail.com' into element: ('id', 'email')
2026-05-07 13:25:00,840 | INFO | LoginPage | Typing 'raghu1' into element: ('id', 'password')
2026-05-07 13:25:01,088 | INFO | LoginPage | Login button clicked
2026-05-07 13:25:01,088 | INFO | conftest | Login fixture completed
2026-05-07 13:25:01,090 | INFO | NotesPage | Creating note | Title: Instant-f14b13e3-faf8-47dc-a39b-73e032241577
2026-05-07 13:25:01,090 | INFO | NotesPage | Clicking Add Note button
2026-05-07 13:25:05,558 | INFO | NotesPage | Entering title: Instant-f14b13e3-faf8-47dc-a39b-73e032241577
2026-05-07 13:25:05,558 | INFO | NotesPage | Typing 'Instant-f14b13e3-faf8-47dc-a39b-73e032241577' into element: ('id', 'title')
2026-05-07 13:25:05,835 | INFO | NotesPage | Entering description
2026-05-07 13:25:05,835 | INFO | NotesPage | Typing 'DOM validation' into element: ('id', 'description')
2026-05-07 13:25:06,006 | INFO | NotesPage | Selecting category: Work
2026-05-07 13:25:06,227 | INFO | NotesPage | Clicking Create button
2026-05-07 13:25:06,302 | INFO | NotesPage | Checking if note exists: Instant-f14b13e3-faf8-47dc-a39b-73e032241577
2026-05-07 13:25:14,121 | WARNING | NotesPage | Stale element detected. Retrying...
2026-05-07 13:25:16,043 | INFO | NotesPage | Note created successfully | Title: Instant-f14b13e3-faf8-47dc-a39b-73e032241577
2026-05-07 13:25:16,043 | INFO | NotesPage | Checking if note exists: Instant-f14b13e3-faf8-47dc-a39b-73e032241577
2026-05-07 13:25:17,903 | INFO | NotesPage | Note found: Instant-f14b13e3-faf8-47dc-a39b-73e032241577
2026-05-07 13:25:17,906 | INFO | conftest | Closing browser
2026-05-07 13:25:20,356 | INFO | conftest | Launching Chrome browser
2026-05-07 13:26:03,643 | INFO | LoginPage | Attempting login with email: raghu1@gmail.com
2026-05-07 13:26:03,644 | INFO | LoginPage | Typing 'raghu1@gmail.com' into element: ('id', 'email')
2026-05-07 13:26:03,718 | INFO | LoginPage | Typing 'raghu1' into element: ('id', 'password')
2026-05-07 13:26:03,816 | INFO | LoginPage | Login button clicked
2026-05-07 13:26:03,817 | INFO | LoginPage | Validating login success
2026-05-07 13:26:10,083 | INFO | conftest | Closing browser
2026-05-07 13:26:12,369 | INFO | conftest | Launching Chrome browser
2026-05-07 13:27:24,191 | INFO | conftest | Closing browser
2026-05-07 13:28:27,930 | INFO | AuthAPI | POST Request -> https://practice.expandtesting.com/notes/api/users/login
2026-05-07 13:28:27,930 | INFO | AuthAPI | POST Request -> https://practice.expandtesting.com/notes/api/users/login
2026-05-07 13:28:27,930 | INFO | AuthAPI | Payload -> {'email': 'raghu1@gmail.com', 'password': 'raghu1'}
2026-05-07 13:28:27,930 | INFO | AuthAPI | Payload -> {'email': 'raghu1@gmail.com', 'password': 'raghu1'}
2026-05-07 13:28:27,931 | INFO | AuthAPI | POST Request -> https://practice.expandtesting.com/notes/api/users/login
2026-05-07 13:28:27,931 | INFO | AuthAPI | Payload -> {'email': '', 'password': ''}
2026-05-07 13:28:31,116 | INFO | AuthAPI | Response Status -> 400
2026-05-07 13:28:31,124 | INFO | AuthAPI | POST Request -> https://practice.expandtesting.com/notes/api/users/login
2026-05-07 13:28:31,124 | INFO | AuthAPI | Payload -> {'email': 'raghu1@gmail.com', 'password': 'raghu1'}
2026-05-07 13:28:37,013 | INFO | AuthAPI | Response Status -> 200
2026-05-07 13:28:37,018 | INFO | AuthAPI | POST Request -> https://practice.expandtesting.com/notes/api/users/login
2026-05-07 13:28:37,019 | INFO | AuthAPI | Payload -> {'email': 'wrong@test.com', 'password': 'wrongpass'}
2026-05-07 13:28:37,485 | INFO | AuthAPI | Response Status -> 200
2026-05-07 13:28:37,488 | INFO | NotesAPI | POST Request -> https://practice.expandtesting.com/notes/api/notes
2026-05-07 13:28:37,488 | INFO | NotesAPI | Payload -> {'title': 'DELETE-342467b1-6be6-4d54-81df-9be7ec745239', 'description': 'Delete Description', 'category': 'Work'}
2026-05-07 13:28:40,842 | INFO | AuthAPI | Response Status -> 200
2026-05-07 13:28:40,846 | INFO | NotesAPI | POST Request -> https://practice.expandtesting.com/notes/api/notes
2026-05-07 13:28:40,846 | INFO | NotesAPI | Payload -> {'title': 'API-015d5a75-e710-41b6-a219-b26bea95b0df', 'description': 'API Automation Description', 'category': 'Home'}
2026-05-07 13:28:41,566 | INFO | AuthAPI | Response Status -> 401
2026-05-07 13:28:41,574 | INFO | NotesAPI | GET Request -> https://practice.expandtesting.com/notes/api/notes
2026-05-07 13:28:43,661 | INFO | NotesAPI | Response Status -> 200
2026-05-07 13:28:43,662 | INFO | NotesAPI | DELETE Request -> https://practice.expandtesting.com/notes/api/notes/69fc463481124e02985c9744
2026-05-07 13:28:45,294 | INFO | NotesAPI | Response Status -> 200
2026-05-07 13:28:45,301 | INFO | AuthAPI | POST Request -> https://practice.expandtesting.com/notes/api/users/login
2026-05-07 13:28:45,301 | INFO | AuthAPI | Payload -> {'email': 'raghu1@gmail.com', 'password': 'raghu1'}
2026-05-07 13:28:45,480 | INFO | NotesAPI | Response Status -> 401
2026-05-07 13:28:45,486 | INFO | AuthAPI | POST Request -> https://practice.expandtesting.com/notes/api/users/login
2026-05-07 13:28:45,486 | INFO | AuthAPI | Payload -> {'email': 'raghu1@gmail.com', 'password': 'raghu1'}
2026-05-07 13:28:52,311 | INFO | AuthAPI | Response Status -> 200
2026-05-07 13:28:52,312 | INFO | AuthAPI | Response Status -> 200
2026-05-07 13:28:52,315 | INFO | NotesAPI | DELETE Request -> https://practice.expandtesting.com/notes/api/notes/123456789
2026-05-07 13:28:52,316 | INFO | NotesAPI | GET Request -> https://practice.expandtesting.com/notes/api/notes
2026-05-07 13:28:53,631 | INFO | NotesAPI | Response Status -> 200
2026-05-07 13:28:53,632 | INFO | NotesAPI | GET Request -> https://practice.expandtesting.com/notes/api/notes
2026-05-07 13:28:57,849 | INFO | NotesAPI | Response Status -> 400
2026-05-07 13:28:57,854 | INFO | AuthAPI | POST Request -> https://practice.expandtesting.com/notes/api/users/login
2026-05-07 13:28:57,854 | INFO | AuthAPI | Payload -> {'email': 'raghu1@gmail.com', 'password': 'raghu1'}
2026-05-07 13:28:59,509 | INFO | NotesAPI | Response Status -> 200
2026-05-07 13:28:59,591 | INFO | AuthAPI | POST Request -> https://practice.expandtesting.com/notes/api/users/login
2026-05-07 13:28:59,591 | INFO | AuthAPI | Payload -> {'email': 'raghu1@gmail.com', 'password': 'raghu1'}
2026-05-07 13:28:59,736 | INFO | NotesAPI | Response Status -> 200
2026-05-07 13:28:59,743 | INFO | AuthAPI | POST Request -> https://practice.expandtesting.com/notes/api/users/login
2026-05-07 13:28:59,743 | INFO | AuthAPI | Payload -> {'email': 'raghu1@gmail.com', 'password': 'raghu1'}
2026-05-07 13:29:02,731 | INFO | AuthAPI | Response Status -> 200
2026-05-07 13:29:02,735 | INFO | NotesAPI | POST Request -> https://practice.expandtesting.com/notes/api/notes
2026-05-07 13:29:02,735 | INFO | NotesAPI | Payload -> {'title': 'Title', 'description': '', 'category': 'Home'}
2026-05-07 13:29:09,169 | INFO | AuthAPI | Response Status -> 200
2026-05-07 13:29:09,173 | INFO | test_get_notes | Starting test_get_all_notes
2026-05-07 13:29:09,173 | INFO | NotesAPI | GET Request -> https://practice.expandtesting.com/notes/api/notes
2026-05-07 13:29:09,173 | INFO | NotesAPI | POST Request -> https://practice.expandtesting.com/notes/api/notes
2026-05-07 13:29:09,173 | INFO | NotesAPI | Payload -> {'title': '', 'description': 'Description', 'category': 'Home'}
2026-05-07 13:29:09,680 | INFO | NotesAPI | Response Status -> 400
2026-05-07 13:29:09,685 | INFO | conftest | Launching Chrome browser
2026-05-07 13:29:13,073 | INFO | conftest | Performing login fixture setup
2026-05-07 13:29:15,641 | INFO | NotesAPI | Response Status -> 400
2026-05-07 13:29:15,649 | INFO | conftest | Launching Chrome browser
2026-05-07 13:29:18,598 | INFO | NotesAPI | Response Status -> 200
2026-05-07 13:29:18,599 | INFO | test_get_notes | Response received: 200
2026-05-07 13:29:18,599 | INFO | test_get_notes | test_get_all_notes PASSED
2026-05-07 13:29:18,610 | INFO | conftest | Launching Chrome browser
2026-05-07 13:29:18,956 | INFO | conftest | Performing login fixture setup
2026-05-07 13:29:23,969 | INFO | conftest | Performing login fixture setup
2026-05-07 13:29:36,485 | INFO | LoginPage | Attempting login with email: raghu1@gmail.com
2026-05-07 13:29:36,485 | INFO | LoginPage | Typing 'raghu1@gmail.com' into element: ('id', 'email')
2026-05-07 13:29:36,583 | INFO | LoginPage | Typing 'raghu1' into element: ('id', 'password')
2026-05-07 13:29:36,726 | INFO | LoginPage | Login button clicked
2026-05-07 13:29:36,727 | INFO | conftest | Login fixture completed
2026-05-07 13:29:36,727 | INFO | AuthAPI | POST Request -> https://practice.expandtesting.com/notes/api/users/login
2026-05-07 13:29:36,728 | INFO | AuthAPI | Payload -> {'email': 'raghu1@gmail.com', 'password': 'raghu1'}
2026-05-07 13:29:45,230 | INFO | LoginPage | Attempting login with email: raghu1@gmail.com
2026-05-07 13:29:45,230 | INFO | LoginPage | Typing 'raghu1@gmail.com' into element: ('id', 'email')
2026-05-07 13:29:50,833 | INFO | AuthAPI | Response Status -> 200
2026-05-07 13:29:50,838 | INFO | test_api_to_ui_validation | STARTING E2E TEST: API -> UI
2026-05-07 13:29:50,838 | INFO | test_api_to_ui_validation | Creating note via UI | Title: DELETE-7134451c-1315-4e3c-8d0f-d1e68644b42b
2026-05-07 13:29:50,838 | INFO | NotesPage | Creating note | Title: DELETE-7134451c-1315-4e3c-8d0f-d1e68644b42b
2026-05-07 13:29:50,838 | INFO | NotesPage | Clicking Add Note button
2026-05-07 13:29:57,557 | INFO | LoginPage | Attempting login with email: raghu1@gmail.com
2026-05-07 13:29:57,557 | INFO | LoginPage | Typing 'raghu1@gmail.com' into element: ('id', 'email')
2026-05-07 13:30:01,523 | INFO | conftest | Closing browser
2026-05-07 13:30:03,734 | INFO | conftest | Launching Chrome browser
2026-05-07 13:30:06,343 | INFO | conftest | Closing browser
2026-05-07 13:30:06,439 | INFO | conftest | Closing browser
2026-05-07 13:34:41,853 | INFO | AuthAPI | POST Request -> https://practice.expandtesting.com/notes/api/users/login
2026-05-07 13:34:41,853 | INFO | AuthAPI | Payload -> {'email': 'raghu1@gmail.com', 'password': 'raghu1'}
2026-05-07 13:34:43,302 | INFO | AuthAPI | Response Status -> 200
2026-05-07 13:34:43,307 | INFO | AuthAPI | POST Request -> https://practice.expandtesting.com/notes/api/users/login
2026-05-07 13:34:43,308 | INFO | AuthAPI | Payload -> {'email': 'wrong@test.com', 'password': 'wrongpass'}
2026-05-07 13:34:44,327 | INFO | AuthAPI | Response Status -> 401
2026-05-07 13:34:44,332 | INFO | AuthAPI | POST Request -> https://practice.expandtesting.com/notes/api/users/login
2026-05-07 13:34:44,332 | INFO | AuthAPI | Payload -> {'email': '', 'password': ''}
2026-05-07 13:34:45,145 | INFO | AuthAPI | Response Status -> 400
2026-05-07 13:34:45,148 | INFO | AuthAPI | POST Request -> https://practice.expandtesting.com/notes/api/users/login
2026-05-07 13:34:45,148 | INFO | AuthAPI | Payload -> {'email': 'raghu1@gmail.com', 'password': 'raghu1'}
2026-05-07 13:34:46,471 | INFO | AuthAPI | Response Status -> 200
2026-05-07 13:34:46,474 | INFO | NotesAPI | POST Request -> https://practice.expandtesting.com/notes/api/notes
2026-05-07 13:34:46,474 | INFO | NotesAPI | Payload -> {'title': 'API-4aaf231f-91e7-422a-a6aa-32b8d2fb333e', 'description': 'API Automation Description', 'category': 'Home'}
2026-05-07 13:34:47,375 | INFO | NotesAPI | Response Status -> 200
2026-05-07 13:34:47,380 | INFO | AuthAPI | POST Request -> https://practice.expandtesting.com/notes/api/users/login
2026-05-07 13:34:47,380 | INFO | AuthAPI | Payload -> {'email': 'raghu1@gmail.com', 'password': 'raghu1'}
2026-05-07 13:34:49,009 | INFO | AuthAPI | Response Status -> 200
2026-05-07 13:34:49,010 | INFO | NotesAPI | POST Request -> https://practice.expandtesting.com/notes/api/notes
2026-05-07 13:34:49,010 | INFO | NotesAPI | Payload -> {'title': 'DELETE-17fa5dd7-9fc2-4cef-99f6-d5ddfd740db5', 'description': 'Delete Description', 'category': 'Work'}
2026-05-07 13:34:50,685 | INFO | NotesAPI | Response Status -> 200
2026-05-07 13:34:50,686 | INFO | NotesAPI | DELETE Request -> https://practice.expandtesting.com/notes/api/notes/69fc47a381124e02985c9a5a
2026-05-07 13:34:51,389 | INFO | NotesAPI | Response Status -> 200
2026-05-07 13:34:51,389 | INFO | NotesAPI | GET Request -> https://practice.expandtesting.com/notes/api/notes
2026-05-07 13:34:52,344 | INFO | NotesAPI | Response Status -> 200
2026-05-07 13:34:52,349 | INFO | AuthAPI | POST Request -> https://practice.expandtesting.com/notes/api/users/login
2026-05-07 13:34:52,349 | INFO | AuthAPI | Payload -> {'email': 'raghu1@gmail.com', 'password': 'raghu1'}
2026-05-07 13:34:54,177 | INFO | AuthAPI | Response Status -> 200
2026-05-07 13:34:54,180 | INFO | test_get_notes | Starting test_get_all_notes
2026-05-07 13:34:54,180 | INFO | NotesAPI | GET Request -> https://practice.expandtesting.com/notes/api/notes
2026-05-07 13:34:56,899 | INFO | NotesAPI | Response Status -> 200
2026-05-07 13:34:56,899 | INFO | test_get_notes | Response received: 200
2026-05-07 13:34:56,900 | INFO | test_get_notes | test_get_all_notes PASSED
2026-05-07 13:34:56,904 | INFO | AuthAPI | POST Request -> https://practice.expandtesting.com/notes/api/users/login
2026-05-07 13:34:56,919 | INFO | AuthAPI | Payload -> {'email': 'raghu1@gmail.com', 'password': 'raghu1'}
2026-05-07 13:34:58,450 | INFO | AuthAPI | Response Status -> 200
2026-05-07 13:34:58,453 | INFO | NotesAPI | GET Request -> https://practice.expandtesting.com/notes/api/notes
2026-05-07 13:35:01,840 | INFO | NotesAPI | Response Status -> 200
2026-05-07 13:35:01,921 | INFO | NotesAPI | GET Request -> https://practice.expandtesting.com/notes/api/notes
2026-05-07 13:35:02,801 | INFO | NotesAPI | Response Status -> 401
2026-05-07 13:35:02,807 | INFO | AuthAPI | POST Request -> https://practice.expandtesting.com/notes/api/users/login
2026-05-07 13:35:02,808 | INFO | AuthAPI | Payload -> {'email': 'raghu1@gmail.com', 'password': 'raghu1'}
2026-05-07 13:35:06,195 | INFO | AuthAPI | Response Status -> 200
2026-05-07 13:35:06,198 | INFO | NotesAPI | DELETE Request -> https://practice.expandtesting.com/notes/api/notes/123456789
2026-05-07 13:35:13,186 | INFO | NotesAPI | Response Status -> 400
2026-05-07 13:35:13,191 | INFO | AuthAPI | POST Request -> https://practice.expandtesting.com/notes/api/users/login
2026-05-07 13:35:13,191 | INFO | AuthAPI | Payload -> {'email': 'raghu1@gmail.com', 'password': 'raghu1'}
2026-05-07 13:35:18,397 | INFO | AuthAPI | Response Status -> 200
2026-05-07 13:35:18,401 | INFO | NotesAPI | POST Request -> https://practice.expandtesting.com/notes/api/notes
2026-05-07 13:35:18,401 | INFO | NotesAPI | Payload -> {'title': '', 'description': 'Description', 'category': 'Home'}
2026-05-07 13:35:20,534 | INFO | NotesAPI | Response Status -> 400
2026-05-07 13:35:20,540 | INFO | AuthAPI | POST Request -> https://practice.expandtesting.com/notes/api/users/login
2026-05-07 13:35:20,540 | INFO | AuthAPI | Payload -> {'email': 'raghu1@gmail.com', 'password': 'raghu1'}
2026-05-07 13:35:29,413 | INFO | AuthAPI | Response Status -> 200
2026-05-07 13:35:29,416 | INFO | NotesAPI | POST Request -> https://practice.expandtesting.com/notes/api/notes
2026-05-07 13:35:29,417 | INFO | NotesAPI | Payload -> {'title': 'Title', 'description': '', 'category': 'Home'}
2026-05-07 13:35:36,271 | INFO | NotesAPI | Response Status -> 400
2026-05-07 13:35:36,275 | INFO | conftest | Launching Chrome browser
2026-05-07 13:35:42,035 | INFO | conftest | Performing login fixture setup
2026-05-07 13:36:04,112 | INFO | LoginPage | Attempting login with email: raghu1@gmail.com
2026-05-07 13:36:04,112 | INFO | LoginPage | Typing 'raghu1@gmail.com' into element: ('id', 'email')
2026-05-07 13:36:04,238 | INFO | LoginPage | Typing 'raghu1' into element: ('id', 'password')
2026-05-07 13:36:04,333 | INFO | LoginPage | Login button clicked
2026-05-07 13:36:04,333 | INFO | conftest | Login fixture completed
2026-05-07 13:36:04,334 | INFO | AuthAPI | POST Request -> https://practice.expandtesting.com/notes/api/users/login
2026-05-07 13:36:04,334 | INFO | AuthAPI | Payload -> {'email': 'raghu1@gmail.com', 'password': 'raghu1'}
2026-05-07 13:36:07,587 | INFO | AuthAPI | Response Status -> 200
2026-05-07 13:36:07,592 | INFO | test_api_to_ui_validation | STARTING E2E TEST: API -> UI
2026-05-07 13:36:07,592 | INFO | test_api_to_ui_validation | Creating note via UI | Title: DELETE-722d27f9-4802-423a-866c-4187c7458cc3
2026-05-07 13:36:07,593 | INFO | NotesPage | Creating note | Title: DELETE-722d27f9-4802-423a-866c-4187c7458cc3
2026-05-07 13:36:07,593 | INFO | NotesPage | Clicking Add Note button
2026-05-07 13:36:07,670 | INFO | NotesPage | Entering title: DELETE-722d27f9-4802-423a-866c-4187c7458cc3
2026-05-07 13:36:07,670 | INFO | NotesPage | Typing 'DELETE-722d27f9-4802-423a-866c-4187c7458cc3' into element: ('id', 'title')
2026-05-07 13:36:07,765 | INFO | NotesPage | Entering description
2026-05-07 13:36:07,765 | INFO | NotesPage | Typing 'Delete validation' into element: ('id', 'description')
2026-05-07 13:36:07,843 | INFO | NotesPage | Selecting category: Work
2026-05-07 13:36:07,993 | INFO | NotesPage | Clicking Create button
2026-05-07 13:36:08,019 | INFO | NotesPage | Checking if note exists: DELETE-722d27f9-4802-423a-866c-4187c7458cc3
2026-05-07 13:36:08,711 | WARNING | NotesPage | Note NOT found: DELETE-722d27f9-4802-423a-866c-4187c7458cc3
2026-05-07 13:36:09,211 | INFO | NotesPage | Checking if note exists: DELETE-722d27f9-4802-423a-866c-4187c7458cc3
2026-05-07 13:36:13,144 | INFO | NotesPage | Note found: DELETE-722d27f9-4802-423a-866c-4187c7458cc3
2026-05-07 13:36:13,144 | INFO | NotesPage | Note created successfully | Title: DELETE-722d27f9-4802-423a-866c-4187c7458cc3
2026-05-07 13:36:13,144 | INFO | test_api_to_ui_validation | Note created successfully
2026-05-07 13:36:13,144 | INFO | NotesPage | Checking if note exists: DELETE-722d27f9-4802-423a-866c-4187c7458cc3
2026-05-07 13:36:13,817 | INFO | NotesPage | Note found: DELETE-722d27f9-4802-423a-866c-4187c7458cc3
2026-05-07 13:36:13,818 | INFO | test_api_to_ui_validation | Note created and visible in UI
2026-05-07 13:36:13,818 | INFO | NotesAPI | GET Request -> https://practice.expandtesting.com/notes/api/notes
2026-05-07 13:36:16,359 | INFO | NotesAPI | Response Status -> 200
2026-05-07 13:36:16,360 | INFO | test_api_to_ui_validation | GET Notes Status: 200
2026-05-07 13:36:16,362 | INFO | test_api_to_ui_validation | Located Note ID: 69fc47f281124e02985c9ad9
2026-05-07 13:36:16,362 | INFO | test_api_to_ui_validation | Deleting note via API | ID: 69fc47f281124e02985c9ad9
2026-05-07 13:36:16,362 | INFO | NotesAPI | DELETE Request -> https://practice.expandtesting.com/notes/api/notes/69fc47f281124e02985c9ad9
2026-05-07 13:36:20,641 | INFO | NotesAPI | Response Status -> 200
2026-05-07 13:36:20,641 | INFO | test_api_to_ui_validation | Delete Status: 200
2026-05-07 13:36:20,641 | INFO | test_api_to_ui_validation | Refreshing UI page
2026-05-07 13:36:20,642 | INFO | NotesPage | Refreshing browser page
2026-05-07 13:36:23,577 | INFO | NotesPage | Checking if note exists: DELETE-722d27f9-4802-423a-866c-4187c7458cc3
2026-05-07 13:36:24,398 | WARNING | NotesPage | Note NOT found: DELETE-722d27f9-4802-423a-866c-4187c7458cc3
2026-05-07 13:36:24,399 | INFO | test_api_to_ui_validation | Deleted note removed from UI successfully
2026-05-07 13:36:24,399 | INFO | test_api_to_ui_validation | E2E API -> UI validation PASSED
2026-05-07 13:36:24,402 | INFO | conftest | Closing browser
2026-05-07 13:36:26,719 | INFO | conftest | Launching Chrome browser
2026-05-07 13:36:32,378 | INFO | conftest | Performing login fixture setup
2026-05-07 13:37:07,951 | INFO | LoginPage | Attempting login with email: raghu1@gmail.com
2026-05-07 13:37:07,952 | INFO | LoginPage | Typing 'raghu1@gmail.com' into element: ('id', 'email')
2026-05-07 13:37:08,042 | INFO | LoginPage | Typing 'raghu1' into element: ('id', 'password')
2026-05-07 13:37:08,168 | INFO | LoginPage | Login button clicked
2026-05-07 13:37:08,169 | INFO | conftest | Login fixture completed
2026-05-07 13:37:08,170 | INFO | AuthAPI | POST Request -> https://practice.expandtesting.com/notes/api/users/login
2026-05-07 13:37:08,170 | INFO | AuthAPI | Payload -> {'email': 'raghu1@gmail.com', 'password': 'raghu1'}
2026-05-07 13:37:17,643 | INFO | AuthAPI | Response Status -> 200
2026-05-07 13:37:17,647 | INFO | test_ui_to_api_validation | STARTING E2E TEST: UI -> API
2026-05-07 13:37:17,648 | INFO | test_ui_to_api_validation | Creating note from UI | Title: E2E-36ece5d7-ed72-4ca9-8f88-b730e795b3c4
2026-05-07 13:37:17,648 | INFO | NotesPage | Creating note | Title: E2E-36ece5d7-ed72-4ca9-8f88-b730e795b3c4
2026-05-07 13:37:17,648 | INFO | NotesPage | Clicking Add Note button
2026-05-07 13:37:17,745 | INFO | NotesPage | Entering title: E2E-36ece5d7-ed72-4ca9-8f88-b730e795b3c4
2026-05-07 13:37:17,745 | INFO | NotesPage | Typing 'E2E-36ece5d7-ed72-4ca9-8f88-b730e795b3c4' into element: ('id', 'title')
2026-05-07 13:37:17,862 | INFO | NotesPage | Entering description
2026-05-07 13:37:17,862 | INFO | NotesPage | Typing 'Hybrid UI API Validation' into element: ('id', 'description')
2026-05-07 13:37:17,967 | INFO | NotesPage | Selecting category: Home
2026-05-07 13:37:18,077 | INFO | NotesPage | Clicking Create button
2026-05-07 13:37:18,143 | INFO | NotesPage | Checking if note exists: E2E-36ece5d7-ed72-4ca9-8f88-b730e795b3c4
2026-05-07 13:37:28,005 | WARNING | NotesPage | Stale element detected. Retrying...
2026-05-07 13:37:28,738 | INFO | NotesPage | Note created successfully | Title: E2E-36ece5d7-ed72-4ca9-8f88-b730e795b3c4
2026-05-07 13:37:28,738 | INFO | test_ui_to_api_validation | Note creation completed
2026-05-07 13:37:28,738 | INFO | NotesPage | Checking if note exists: E2E-36ece5d7-ed72-4ca9-8f88-b730e795b3c4
2026-05-07 13:37:29,590 | INFO | NotesPage | Note found: E2E-36ece5d7-ed72-4ca9-8f88-b730e795b3c4
2026-05-07 13:37:29,590 | INFO | test_ui_to_api_validation | Note visible in UI successfully
2026-05-07 13:37:29,590 | INFO | test_ui_to_api_validation | Calling GET /notes API
2026-05-07 13:37:29,590 | INFO | NotesAPI | GET Request -> https://practice.expandtesting.com/notes/api/notes
2026-05-07 13:37:32,073 | INFO | NotesAPI | Response Status -> 200
2026-05-07 13:37:32,073 | INFO | test_ui_to_api_validation | API Response Status: 200
2026-05-07 13:37:32,076 | INFO | test_ui_to_api_validation | API Response Time: 2.4802
2026-05-07 13:37:32,151 | INFO | conftest | Closing browser
2026-05-07 13:37:34,388 | INFO | conftest | Launching Chrome browser
2026-05-07 13:37:39,309 | INFO | conftest | Performing login fixture setup
2026-05-07 13:37:51,212 | INFO | LoginPage | Attempting login with email: raghu1@gmail.com
2026-05-07 13:37:51,213 | INFO | LoginPage | Typing 'raghu1@gmail.com' into element: ('id', 'email')
2026-05-07 13:37:51,285 | INFO | LoginPage | Typing 'raghu1' into element: ('id', 'password')
2026-05-07 13:37:51,361 | INFO | LoginPage | Login button clicked
2026-05-07 13:37:51,361 | INFO | conftest | Login fixture completed
2026-05-07 13:37:51,362 | INFO | NotesPage | Creating note | Title: Automation-841ec5a5-4a83-4c50-93c7-d0689ac9ea66
2026-05-07 13:37:51,362 | INFO | NotesPage | Clicking Add Note button
2026-05-07 13:37:56,685 | INFO | NotesPage | Entering title: Automation-841ec5a5-4a83-4c50-93c7-d0689ac9ea66
2026-05-07 13:37:56,686 | INFO | NotesPage | Typing 'Automation-841ec5a5-4a83-4c50-93c7-d0689ac9ea66' into element: ('id', 'title')
2026-05-07 13:37:56,788 | INFO | NotesPage | Entering description
2026-05-07 13:37:56,788 | INFO | NotesPage | Typing 'This is automation testing' into element: ('id', 'description')
2026-05-07 13:37:56,879 | INFO | NotesPage | Selecting category: Home
2026-05-07 13:37:56,956 | INFO | NotesPage | Clicking Create button
2026-05-07 13:37:56,990 | INFO | NotesPage | Checking if note exists: Automation-841ec5a5-4a83-4c50-93c7-d0689ac9ea66
2026-05-07 13:37:58,134 | WARNING | NotesPage | Note NOT found: Automation-841ec5a5-4a83-4c50-93c7-d0689ac9ea66
2026-05-07 13:37:58,634 | INFO | NotesPage | Checking if note exists: Automation-841ec5a5-4a83-4c50-93c7-d0689ac9ea66
2026-05-07 13:38:05,788 | INFO | NotesPage | Note found: Automation-841ec5a5-4a83-4c50-93c7-d0689ac9ea66
2026-05-07 13:38:05,788 | INFO | NotesPage | Note created successfully | Title: Automation-841ec5a5-4a83-4c50-93c7-d0689ac9ea66
2026-05-07 13:38:05,788 | INFO | NotesPage | Checking if note exists: Automation-841ec5a5-4a83-4c50-93c7-d0689ac9ea66
2026-05-07 13:38:06,360 | INFO | NotesPage | Note found: Automation-841ec5a5-4a83-4c50-93c7-d0689ac9ea66
2026-05-07 13:38:06,361 | INFO | conftest | Closing browser
2026-05-07 13:38:08,638 | INFO | conftest | Launching Chrome browser
2026-05-07 13:38:16,065 | INFO | conftest | Performing login fixture setup
2026-05-07 13:38:39,258 | INFO | conftest | Closing browser
2026-05-07 13:40:41,776 | INFO | AuthAPI | POST Request -> https://practice.expandtesting.com/notes/api/users/login
2026-05-07 13:40:41,776 | INFO | AuthAPI | Payload -> {'email': 'raghu1@gmail.com', 'password': 'raghu1'}
2026-05-07 13:40:41,777 | INFO | AuthAPI | POST Request -> https://practice.expandtesting.com/notes/api/users/login
2026-05-07 13:40:41,777 | INFO | AuthAPI | Payload -> {'email': '', 'password': ''}
2026-05-07 13:40:41,781 | INFO | AuthAPI | POST Request -> https://practice.expandtesting.com/notes/api/users/login
2026-05-07 13:40:41,781 | INFO | AuthAPI | POST Request -> https://practice.expandtesting.com/notes/api/users/login
2026-05-07 13:40:41,781 | INFO | AuthAPI | Payload -> {'email': 'raghu1@gmail.com', 'password': 'raghu1'}
2026-05-07 13:40:41,782 | INFO | AuthAPI | Payload -> {'email': 'raghu1@gmail.com', 'password': 'raghu1'}
2026-05-07 13:40:41,782 | INFO | AuthAPI | POST Request -> https://practice.expandtesting.com/notes/api/users/login
2026-05-07 13:40:41,782 | INFO | AuthAPI | Payload -> {'email': 'raghu1@gmail.com', 'password': 'raghu1'}
2026-05-07 13:40:53,172 | INFO | AuthAPI | POST Request -> https://practice.expandtesting.com/notes/api/users/login
2026-05-07 13:40:53,173 | INFO | AuthAPI | Payload -> {'email': 'wrong@test.com', 'password': 'wrongpass'}
2026-05-07 13:40:53,177 | INFO | AuthAPI | POST Request -> https://practice.expandtesting.com/notes/api/users/login
2026-05-07 13:40:53,177 | INFO | AuthAPI | POST Request -> https://practice.expandtesting.com/notes/api/users/login
2026-05-07 13:40:53,177 | INFO | AuthAPI | Payload -> {'email': 'raghu1@gmail.com', 'password': 'raghu1'}
2026-05-07 13:40:53,178 | INFO | AuthAPI | Payload -> {'email': 'raghu1@gmail.com', 'password': 'raghu1'}
2026-05-07 13:40:53,178 | INFO | AuthAPI | POST Request -> https://practice.expandtesting.com/notes/api/users/login
2026-05-07 13:40:53,178 | INFO | AuthAPI | Payload -> {'email': 'raghu1@gmail.com', 'password': 'raghu1'}
2026-05-07 13:40:53,178 | INFO | NotesAPI | GET Request -> https://practice.expandtesting.com/notes/api/notes
2026-05-07 13:40:56,602 | INFO | NotesAPI | Response Status -> 401
2026-05-07 13:40:56,602 | INFO | AuthAPI | Response Status -> 200
2026-05-07 13:40:56,602 | INFO | AuthAPI | Response Status -> 401
2026-05-07 13:40:56,602 | INFO | AuthAPI | Response Status -> 200
2026-05-07 13:40:56,604 | INFO | NotesAPI | POST Request -> https://practice.expandtesting.com/notes/api/notes
2026-05-07 13:40:56,604 | INFO | NotesAPI | Payload -> {'title': 'API-11d2469f-a012-48b8-b4f3-30ef82c20b3a', 'description': 'API Automation Description', 'category': 'Home'}
2026-05-07 13:40:56,604 | INFO | test_get_notes | Starting test_get_all_notes
2026-05-07 13:40:56,604 | INFO | NotesAPI | GET Request -> https://practice.expandtesting.com/notes/api/notes
2026-05-07 13:40:56,605 | INFO | AuthAPI | POST Request -> https://practice.expandtesting.com/notes/api/users/login
2026-05-07 13:40:56,605 | INFO | AuthAPI | Payload -> {'email': 'raghu1@gmail.com', 'password': 'raghu1'}
2026-05-07 13:40:56,605 | INFO | conftest | Launching Chrome browser
2026-05-07 13:40:58,259 | INFO | AuthAPI | Response Status -> 200
2026-05-07 13:40:58,259 | INFO | NotesAPI | Response Status -> 200
2026-05-07 13:40:58,260 | INFO | test_get_notes | Response received: 200
2026-05-07 13:40:58,260 | INFO | test_get_notes | test_get_all_notes PASSED
2026-05-07 13:40:58,263 | INFO | NotesAPI | POST Request -> https://practice.expandtesting.com/notes/api/notes
2026-05-07 13:40:58,263 | INFO | NotesAPI | Payload -> {'title': 'Title', 'description': '', 'category': 'Home'}
2026-05-07 13:40:58,266 | INFO | conftest | Launching Chrome browser
2026-05-07 13:40:59,779 | INFO | NotesAPI | Response Status -> 200
2026-05-07 13:40:59,782 | INFO | conftest | Launching Chrome browser
2026-05-07 13:41:00,128 | INFO | NotesAPI | Response Status -> 400
2026-05-07 13:41:00,132 | INFO | conftest | Launching Chrome browser
2026-05-07 13:41:01,884 | INFO | conftest | Performing login fixture setup
2026-05-07 13:41:02,972 | INFO | conftest | Performing login fixture setup
2026-05-07 13:41:03,357 | INFO | AuthAPI | Response Status -> 200
2026-05-07 13:41:03,362 | INFO | NotesAPI | POST Request -> https://practice.expandtesting.com/notes/api/notes
2026-05-07 13:41:03,363 | INFO | NotesAPI | Payload -> {'title': '', 'description': 'Description', 'category': 'Home'}
2026-05-07 13:41:04,105 | INFO | conftest | Performing login fixture setup
2026-05-07 13:41:05,323 | INFO | NotesAPI | Response Status -> 400
2026-05-07 13:41:05,331 | INFO | conftest | Launching Chrome browser
2026-05-07 13:41:11,196 | INFO | conftest | Performing login fixture setup
2026-05-07 13:41:16,585 | INFO | LoginPage | Attempting login with email: raghu1@gmail.com
2026-05-07 13:41:16,585 | INFO | LoginPage | Typing 'raghu1@gmail.com' into element: ('id', 'email')
2026-05-07 13:41:16,902 | INFO | LoginPage | Typing 'raghu1' into element: ('id', 'password')
2026-05-07 13:41:17,225 | INFO | LoginPage | Login button clicked
2026-05-07 13:41:17,226 | INFO | conftest | Login fixture completed
2026-05-07 13:41:17,228 | INFO | AuthAPI | POST Request -> https://practice.expandtesting.com/notes/api/users/login
2026-05-07 13:41:17,229 | INFO | AuthAPI | Payload -> {'email': 'raghu1@gmail.com', 'password': 'raghu1'}
2026-05-07 13:41:18,634 | INFO | AuthAPI | Response Status -> 200
2026-05-07 13:41:18,639 | INFO | test_ui_to_api_validation | STARTING E2E TEST: UI -> API
2026-05-07 13:41:18,639 | INFO | test_ui_to_api_validation | Creating note from UI | Title: E2E-7a342922-e3a9-44b8-9eb7-34b6f6694708
2026-05-07 13:41:18,639 | INFO | NotesPage | Creating note | Title: E2E-7a342922-e3a9-44b8-9eb7-34b6f6694708
2026-05-07 13:41:18,640 | INFO | NotesPage | Clicking Add Note button
2026-05-07 13:41:18,877 | INFO | NotesPage | Entering title: E2E-7a342922-e3a9-44b8-9eb7-34b6f6694708
2026-05-07 13:41:18,877 | INFO | NotesPage | Typing 'E2E-7a342922-e3a9-44b8-9eb7-34b6f6694708' into element: ('id', 'title')
2026-05-07 13:41:19,166 | INFO | NotesPage | Entering description
2026-05-07 13:41:19,167 | INFO | NotesPage | Typing 'Hybrid UI API Validation' into element: ('id', 'description')
2026-05-07 13:41:19,443 | INFO | NotesPage | Selecting category: Home
2026-05-07 13:41:19,625 | INFO | NotesPage | Clicking Create button
2026-05-07 13:41:19,703 | INFO | NotesPage | Checking if note exists: E2E-7a342922-e3a9-44b8-9eb7-34b6f6694708
2026-05-07 13:41:24,739 | INFO | LoginPage | Attempting login with email: raghu1@gmail.com
2026-05-07 13:41:24,740 | INFO | LoginPage | Typing 'raghu1@gmail.com' into element: ('id', 'email')
2026-05-07 13:41:25,534 | WARNING | NotesPage | Stale element detected. Retrying...
2026-05-07 13:41:27,127 | INFO | LoginPage | Attempting login with email: raghu1@gmail.com
2026-05-07 13:41:27,128 | INFO | LoginPage | Typing 'raghu1@gmail.com' into element: ('id', 'email')
2026-05-07 13:41:27,992 | INFO | NotesPage | Note created successfully | Title: E2E-7a342922-e3a9-44b8-9eb7-34b6f6694708
2026-05-07 13:41:27,992 | INFO | test_ui_to_api_validation | Note creation completed
2026-05-07 13:41:27,992 | INFO | NotesPage | Checking if note exists: E2E-7a342922-e3a9-44b8-9eb7-34b6f6694708
2026-05-07 13:41:31,180 | INFO | NotesPage | Note found: E2E-7a342922-e3a9-44b8-9eb7-34b6f6694708
2026-05-07 13:41:31,181 | INFO | test_ui_to_api_validation | Note visible in UI successfully
2026-05-07 13:41:31,181 | INFO | test_ui_to_api_validation | Calling GET /notes API
2026-05-07 13:41:31,181 | INFO | NotesAPI | GET Request -> https://practice.expandtesting.com/notes/api/notes
2026-05-07 13:41:31,240 | INFO | LoginPage | Attempting login with email: raghu1@gmail.com
2026-05-07 13:41:31,241 | INFO | LoginPage | Typing 'raghu1@gmail.com' into element: ('id', 'email')
2026-05-07 13:41:31,561 | INFO | LoginPage | Typing 'raghu1' into element: ('id', 'password')
2026-05-07 13:41:31,885 | INFO | LoginPage | Login button clicked
2026-05-07 13:41:31,885 | INFO | conftest | Login fixture completed
2026-05-07 13:41:31,888 | INFO | NotesPage | Creating note | Title: Instant-d32d8865-a47e-45bf-bb96-d7f42a06edfd
2026-05-07 13:41:31,891 | INFO | NotesPage | Clicking Add Note button
2026-05-07 13:41:32,676 | INFO | NotesAPI | Response Status -> 200
2026-05-07 13:41:32,677 | INFO | test_ui_to_api_validation | API Response Status: 200
2026-05-07 13:41:32,678 | INFO | test_ui_to_api_validation | API Response Time: 1.414365
2026-05-07 13:41:32,679 | INFO | test_ui_to_api_validation | Total Notes Returned: 138
2026-05-07 13:41:32,679 | INFO | test_ui_to_api_validation | Matched Note: {'id': '69fc492981124e02985c9d28', 'title': 'E2E-7a342922-e3a9-44b8-9eb7-34b6f6694708', 'description': 'Hybrid UI API Validation', 'category': 'Home', 'completed': False, 'created_at': '2026-05-07T08:11:21.972Z', 'updated_at': '2026-05-07T08:11:21.972Z', 'user_id': '69fb505d81124e02985b5b90'}
2026-05-07 13:41:32,680 | INFO | test_ui_to_api_validation | E2E UI -> API validation PASSED
2026-05-07 13:41:32,686 | INFO | conftest | Closing browser
2026-05-07 13:41:33,208 | INFO | NotesPage | Entering title: Instant-d32d8865-a47e-45bf-bb96-d7f42a06edfd
2026-05-07 13:41:33,209 | INFO | NotesPage | Typing 'Instant-d32d8865-a47e-45bf-bb96-d7f42a06edfd' into element: ('id', 'title')
2026-05-07 13:41:33,695 | INFO | NotesPage | Entering description
2026-05-07 13:41:33,695 | INFO | NotesPage | Typing 'DOM validation' into element: ('id', 'description')
2026-05-07 13:41:33,985 | INFO | NotesPage | Selecting category: Work
2026-05-07 13:41:34,262 | INFO | NotesPage | Clicking Create button
2026-05-07 13:41:34,382 | INFO | NotesPage | Checking if note exists: Instant-d32d8865-a47e-45bf-bb96-d7f42a06edfd
2026-05-07 13:41:35,365 | INFO | conftest | Launching Chrome browser
2026-05-07 13:41:37,497 | INFO | LoginPage | Typing 'raghu1' into element: ('id', 'password')
2026-05-07 13:41:37,967 | INFO | LoginPage | Login button clicked
2026-05-07 13:41:37,968 | INFO | LoginPage | Validating login success
2026-05-07 13:41:39,544 | INFO | conftest | Closing browser
2026-05-07 13:41:42,001 | INFO | conftest | Launching Chrome browser
2026-05-07 13:41:47,984 | INFO | conftest | Performing login fixture setup
2026-05-07 13:41:52,626 | INFO | LoginPage | Typing 'raghu1' into element: ('id', 'password')
2026-05-07 13:41:52,906 | INFO | LoginPage | Login button clicked
2026-05-07 13:41:52,907 | INFO | conftest | Login fixture completed
2026-05-07 13:41:52,908 | INFO | NotesPage | Creating note | Title: Automation-72bd890a-0725-4f92-a2a0-59fa75ff6703
2026-05-07 13:41:52,908 | INFO | NotesPage | Clicking Add Note button
2026-05-07 13:41:55,288 | INFO | NotesPage | Entering title: Automation-72bd890a-0725-4f92-a2a0-59fa75ff6703
2026-05-07 13:41:55,289 | INFO | NotesPage | Typing 'Automation-72bd890a-0725-4f92-a2a0-59fa75ff6703' into element: ('id', 'title')
2026-05-07 13:41:55,563 | INFO | NotesPage | Entering description
2026-05-07 13:41:55,563 | INFO | NotesPage | Typing 'This is automation testing' into element: ('id', 'description')
2026-05-07 13:41:55,707 | INFO | NotesPage | Selecting category: Home
2026-05-07 13:41:55,875 | INFO | NotesPage | Clicking Create button
2026-05-07 13:41:55,926 | INFO | NotesPage | Checking if note exists: Automation-72bd890a-0725-4f92-a2a0-59fa75ff6703
2026-05-07 13:42:01,520 | WARNING | NotesPage | Stale element detected. Retrying...
2026-05-07 13:42:02,133 | WARNING | NotesPage | Stale element detected. Retrying...
2026-05-07 13:42:03,322 | INFO | LoginPage | Attempting login with email: 
2026-05-07 13:42:03,322 | INFO | LoginPage | Typing '' into element: ('id', 'email')
2026-05-07 13:42:04,538 | INFO | NotesPage | Note created successfully | Title: Instant-d32d8865-a47e-45bf-bb96-d7f42a06edfd
2026-05-07 13:42:04,538 | INFO | NotesPage | Checking if note exists: Instant-d32d8865-a47e-45bf-bb96-d7f42a06edfd
2026-05-07 13:42:05,069 | INFO | NotesPage | Note created successfully | Title: Automation-72bd890a-0725-4f92-a2a0-59fa75ff6703
2026-05-07 13:42:05,070 | INFO | NotesPage | Checking if note exists: Automation-72bd890a-0725-4f92-a2a0-59fa75ff6703
2026-05-07 13:42:06,529 | INFO | LoginPage | Attempting login with email: raghu1@gmail.com
2026-05-07 13:42:06,529 | INFO | LoginPage | Typing 'raghu1@gmail.com' into element: ('id', 'email')
2026-05-07 13:42:06,745 | INFO | LoginPage | Typing 'raghu1' into element: ('id', 'password')
2026-05-07 13:42:06,935 | INFO | NotesPage | Note found: Instant-d32d8865-a47e-45bf-bb96-d7f42a06edfd
2026-05-07 13:42:06,937 | INFO | conftest | Closing browser
2026-05-07 13:42:06,990 | INFO | LoginPage | Login button clicked
2026-05-07 13:42:06,990 | INFO | conftest | Login fixture completed
2026-05-07 13:42:06,992 | INFO | AuthAPI | POST Request -> https://practice.expandtesting.com/notes/api/users/login
2026-05-07 13:42:06,992 | INFO | AuthAPI | Payload -> {'email': 'raghu1@gmail.com', 'password': 'raghu1'}
2026-05-07 13:42:07,469 | INFO | NotesPage | Note found: Automation-72bd890a-0725-4f92-a2a0-59fa75ff6703
2026-05-07 13:42:07,470 | INFO | conftest | Closing browser
2026-05-07 13:42:08,572 | INFO | LoginPage | Typing '' into element: ('id', 'password')
2026-05-07 13:42:08,775 | INFO | LoginPage | Login button clicked
2026-05-07 13:42:08,853 | INFO | AuthAPI | Response Status -> 200
2026-05-07 13:42:08,857 | INFO | test_api_to_ui_validation | STARTING E2E TEST: API -> UI
2026-05-07 13:42:08,857 | INFO | test_api_to_ui_validation | Creating note via UI | Title: DELETE-0b416aab-9dc3-4890-8b47-f622a9c747ca
2026-05-07 13:42:08,857 | INFO | NotesPage | Creating note | Title: DELETE-0b416aab-9dc3-4890-8b47-f622a9c747ca
2026-05-07 13:42:08,857 | INFO | NotesPage | Clicking Add Note button
2026-05-07 13:42:09,374 | INFO | conftest | Launching Chrome browser
2026-05-07 13:42:09,684 | INFO | NotesPage | Entering title: DELETE-0b416aab-9dc3-4890-8b47-f622a9c747ca
2026-05-07 13:42:09,684 | INFO | NotesPage | Typing 'DELETE-0b416aab-9dc3-4890-8b47-f622a9c747ca' into element: ('id', 'title')
2026-05-07 13:42:09,781 | INFO | conftest | Launching Chrome browser
2026-05-07 13:42:10,044 | INFO | NotesPage | Entering description
2026-05-07 13:42:10,044 | INFO | NotesPage | Typing 'Delete validation' into element: ('id', 'description')
2026-05-07 13:42:10,307 | INFO | NotesPage | Selecting category: Work
2026-05-07 13:42:10,643 | INFO | NotesPage | Clicking Create button
2026-05-07 13:42:10,721 | INFO | NotesPage | Checking if note exists: DELETE-0b416aab-9dc3-4890-8b47-f622a9c747ca
2026-05-07 13:42:11,043 | INFO | LoginPage | Attempting login with email: raghu1@gmail.com
2026-05-07 13:42:11,043 | INFO | LoginPage | Typing 'raghu1@gmail.com' into element: ('id', 'email')
2026-05-07 13:42:13,901 | INFO | conftest | Closing browser
2026-05-07 13:42:17,555 | WARNING | NotesPage | Stale element detected. Retrying...
2026-05-07 13:42:18,426 | INFO | LoginPage | Typing 'raghu1' into element: ('id', 'password')
2026-05-07 13:42:18,754 | INFO | LoginPage | Login button clicked
2026-05-07 13:42:18,754 | INFO | conftest | Login fixture completed
2026-05-07 13:42:18,757 | INFO | NotesPage | Clicking Add Note button
2026-05-07 13:42:20,444 | INFO | NotesPage | Note created successfully | Title: DELETE-0b416aab-9dc3-4890-8b47-f622a9c747ca
2026-05-07 13:42:20,445 | INFO | test_api_to_ui_validation | Note created successfully
2026-05-07 13:42:20,446 | INFO | NotesPage | Checking if note exists: DELETE-0b416aab-9dc3-4890-8b47-f622a9c747ca
2026-05-07 13:42:21,604 | INFO | NotesPage | Entering description
2026-05-07 13:42:21,605 | INFO | NotesPage | Typing 'Missing title' into element: ('id', 'description')
2026-05-07 13:42:21,795 | INFO | NotesPage | Selecting category: Home
2026-05-07 13:42:21,975 | INFO | NotesPage | Clicking Create button
2026-05-07 13:42:22,077 | INFO | NotesPage | Fetching validation errors
2026-05-07 13:42:22,240 | INFO | conftest | Closing browser
2026-05-07 13:42:23,021 | INFO | NotesPage | Note found: DELETE-0b416aab-9dc3-4890-8b47-f622a9c747ca
2026-05-07 13:42:23,021 | INFO | test_api_to_ui_validation | Note created and visible in UI
2026-05-07 13:42:23,021 | INFO | NotesAPI | GET Request -> https://practice.expandtesting.com/notes/api/notes
2026-05-07 13:42:25,475 | INFO | NotesAPI | Response Status -> 200
2026-05-07 13:42:25,475 | INFO | test_api_to_ui_validation | GET Notes Status: 200
2026-05-07 13:42:25,477 | INFO | test_api_to_ui_validation | Located Note ID: 69fc495c81124e02985c9dbf
2026-05-07 13:42:25,478 | INFO | test_api_to_ui_validation | Deleting note via API | ID: 69fc495c81124e02985c9dbf
2026-05-07 13:42:25,478 | INFO | NotesAPI | DELETE Request -> https://practice.expandtesting.com/notes/api/notes/69fc495c81124e02985c9dbf
2026-05-07 13:42:26,870 | INFO | NotesAPI | Response Status -> 200
2026-05-07 13:42:26,871 | INFO | test_api_to_ui_validation | Delete Status: 200
2026-05-07 13:42:26,871 | INFO | test_api_to_ui_validation | Refreshing UI page
2026-05-07 13:42:26,871 | INFO | NotesPage | Refreshing browser page
2026-05-07 13:42:31,756 | INFO | NotesPage | Checking if note exists: DELETE-0b416aab-9dc3-4890-8b47-f622a9c747ca
2026-05-07 13:42:33,976 | WARNING | NotesPage | Note NOT found: DELETE-0b416aab-9dc3-4890-8b47-f622a9c747ca
2026-05-07 13:42:33,976 | INFO | test_api_to_ui_validation | Deleted note removed from UI successfully
2026-05-07 13:42:33,976 | INFO | test_api_to_ui_validation | E2E API -> UI validation PASSED
2026-05-07 13:42:33,982 | INFO | conftest | Closing browser
2026-05-07 13:42:36,479 | INFO | conftest | Launching Chrome browser
2026-05-07 13:42:39,023 | INFO | LoginPage | Attempting login with email: 
2026-05-07 13:42:39,024 | INFO | LoginPage | Typing '' into element: ('id', 'email')
2026-05-07 13:42:39,223 | INFO | LoginPage | Typing 'Password123' into element: ('id', 'password')
2026-05-07 13:42:39,484 | INFO | LoginPage | Login button clicked
2026-05-07 13:42:39,528 | INFO | LoginPage | Attempting login with email: wrong@test.com
2026-05-07 13:42:39,528 | INFO | LoginPage | Typing 'wrong@test.com' into element: ('id', 'email')
2026-05-07 13:42:39,675 | INFO | LoginPage | Typing 'Password123' into element: ('id', 'password')
2026-05-07 13:42:39,825 | INFO | LoginPage | Login button clicked
2026-05-07 13:42:40,383 | INFO | conftest | Closing browser
2026-05-07 13:42:41,032 | INFO | conftest | Performing login fixture setup
2026-05-07 13:42:44,755 | INFO | conftest | Closing browser
2026-05-07 13:43:15,482 | INFO | LoginPage | Attempting login with email: raghu1@gmail.com
2026-05-07 13:43:15,483 | INFO | LoginPage | Typing 'raghu1@gmail.com' into element: ('id', 'email')
2026-05-07 13:43:15,670 | INFO | LoginPage | Typing 'raghu1' into element: ('id', 'password')
2026-05-07 13:43:15,955 | INFO | LoginPage | Login button clicked
2026-05-07 13:43:15,956 | INFO | conftest | Login fixture completed
2026-05-07 13:43:15,957 | INFO | NotesPage | Clicking Add Note button
2026-05-07 13:43:17,245 | INFO | NotesPage | Entering title: Negative-0b75f5d5-92a0-4300-915e-11e66fdfbf40
2026-05-07 13:43:17,245 | INFO | NotesPage | Typing 'Negative-0b75f5d5-92a0-4300-915e-11e66fdfbf40' into element: ('id', 'title')
2026-05-07 13:43:17,597 | INFO | NotesPage | Selecting category: Work
2026-05-07 13:43:17,764 | INFO | NotesPage | Clicking Create button
2026-05-07 13:43:17,822 | INFO | NotesPage | Fetching validation errors
2026-05-07 13:43:17,861 | INFO | conftest | Closing browser
2026-05-07 13:45:29,528 | INFO | AuthAPI | POST Request -> https://practice.expandtesting.com/notes/api/users/login
2026-05-07 13:45:29,528 | INFO | AuthAPI | Payload -> {'email': 'raghu1@gmail.com', 'password': 'raghu1'}
2026-05-07 13:45:29,529 | INFO | AuthAPI | POST Request -> https://practice.expandtesting.com/notes/api/users/login
2026-05-07 13:45:29,529 | INFO | AuthAPI | Payload -> {'email': 'raghu1@gmail.com', 'password': 'raghu1'}
2026-05-07 13:45:29,530 | INFO | AuthAPI | POST Request -> https://practice.expandtesting.com/notes/api/users/login
2026-05-07 13:45:29,530 | INFO | AuthAPI | Payload -> {'email': '', 'password': ''}
2026-05-07 13:45:31,074 | INFO | AuthAPI | Response Status -> 200
2026-05-07 13:45:31,077 | INFO | NotesAPI | POST Request -> https://practice.expandtesting.com/notes/api/notes
2026-05-07 13:45:31,077 | INFO | NotesAPI | Payload -> {'title': 'DELETE-3c3aec09-03b1-4e06-8457-9b0607e51f4f', 'description': 'Delete Description', 'category': 'Work'}
2026-05-07 13:45:31,427 | INFO | AuthAPI | Response Status -> 400
2026-05-07 13:45:31,432 | INFO | AuthAPI | POST Request -> https://practice.expandtesting.com/notes/api/users/login
2026-05-07 13:45:31,432 | INFO | AuthAPI | Payload -> {'email': 'raghu1@gmail.com', 'password': 'raghu1'}
2026-05-07 13:45:32,682 | INFO | AuthAPI | Response Status -> 200
2026-05-07 13:45:32,689 | INFO | AuthAPI | POST Request -> https://practice.expandtesting.com/notes/api/users/login
2026-05-07 13:45:32,689 | INFO | AuthAPI | Payload -> {'email': 'wrong@test.com', 'password': 'wrongpass'}
2026-05-07 13:45:35,614 | INFO | AuthAPI | Response Status -> 200
2026-05-07 13:45:35,615 | INFO | NotesAPI | Response Status -> 200
2026-05-07 13:45:35,615 | INFO | AuthAPI | Response Status -> 401
2026-05-07 13:45:35,616 | INFO | NotesAPI | DELETE Request -> https://practice.expandtesting.com/notes/api/notes/69fc4a2881124e02985c9f13
2026-05-07 13:45:35,618 | INFO | NotesAPI | POST Request -> https://practice.expandtesting.com/notes/api/notes
2026-05-07 13:45:35,618 | INFO | NotesAPI | Payload -> {'title': 'API-5a583fa3-711b-409f-afc7-b7fad3b8a3fa', 'description': 'API Automation Description', 'category': 'Home'}
2026-05-07 13:45:35,620 | INFO | NotesAPI | GET Request -> https://practice.expandtesting.com/notes/api/notes
2026-05-07 13:45:38,622 | INFO | NotesAPI | Response Status -> 200
2026-05-07 13:45:38,622 | INFO | NotesAPI | Response Status -> 200
2026-05-07 13:45:38,622 | INFO | NotesAPI | GET Request -> https://practice.expandtesting.com/notes/api/notes
2026-05-07 13:45:38,622 | INFO | NotesAPI | Response Status -> 401
2026-05-07 13:45:38,628 | INFO | AuthAPI | POST Request -> https://practice.expandtesting.com/notes/api/users/login
2026-05-07 13:45:38,629 | INFO | AuthAPI | Payload -> {'email': 'raghu1@gmail.com', 'password': 'raghu1'}
2026-05-07 13:45:38,629 | INFO | AuthAPI | Payload -> {'email': 'raghu1@gmail.com', 'password': 'raghu1'}
2026-05-07 13:45:43,752 | INFO | AuthAPI | Response Status -> 200
2026-05-07 13:45:43,753 | INFO | AuthAPI | Response Status -> 200
2026-05-07 13:45:43,754 | INFO | NotesAPI | Response Status -> 200
2026-05-07 13:45:43,756 | INFO | NotesAPI | DELETE Request -> https://practice.expandtesting.com/notes/api/notes/123456789
2026-05-07 13:45:43,756 | INFO | NotesAPI | GET Request -> https://practice.expandtesting.com/notes/api/notes
2026-05-07 13:45:43,761 | INFO | AuthAPI | POST Request -> https://practice.expandtesting.com/notes/api/users/login
2026-05-07 13:45:43,762 | INFO | AuthAPI | Payload -> {'email': 'raghu1@gmail.com', 'password': 'raghu1'}
2026-05-07 13:45:46,505 | INFO | AuthAPI | Response Status -> 200
2026-05-07 13:45:46,508 | INFO | test_get_notes | Starting test_get_all_notes
2026-05-07 13:45:46,508 | INFO | NotesAPI | GET Request -> https://practice.expandtesting.com/notes/api/notes
2026-05-07 13:45:46,807 | INFO | NotesAPI | Response Status -> 400
2026-05-07 13:45:46,810 | INFO | AuthAPI | POST Request -> https://practice.expandtesting.com/notes/api/users/login
2026-05-07 13:45:46,810 | INFO | AuthAPI | Payload -> {'email': 'raghu1@gmail.com', 'password': 'raghu1'}
2026-05-07 13:45:47,249 | INFO | NotesAPI | Response Status -> 200
2026-05-07 13:45:47,342 | INFO | AuthAPI | POST Request -> https://practice.expandtesting.com/notes/api/users/login
2026-05-07 13:45:47,342 | INFO | AuthAPI | Payload -> {'email': 'raghu1@gmail.com', 'password': 'raghu1'}
2026-05-07 13:45:47,897 | INFO | NotesAPI | Response Status -> 200
2026-05-07 13:45:47,897 | INFO | test_get_notes | Response received: 200
2026-05-07 13:45:47,898 | INFO | test_get_notes | test_get_all_notes PASSED
2026-05-07 13:45:47,904 | INFO | conftest | Launching Chrome browser
2026-05-07 13:45:47,908 | INFO | conftest | Running tests locally
2026-05-07 13:45:50,354 | INFO | AuthAPI | Response Status -> 200
2026-05-07 13:45:50,358 | INFO | NotesAPI | POST Request -> https://practice.expandtesting.com/notes/api/notes
2026-05-07 13:45:50,358 | INFO | NotesAPI | Payload -> {'title': 'Title', 'description': '', 'category': 'Home'}
2026-05-07 13:45:53,778 | INFO | conftest | Performing login fixture setup
2026-05-07 13:45:54,030 | INFO | AuthAPI | Response Status -> 200
2026-05-07 13:45:54,030 | INFO | NotesAPI | Response Status -> 400
2026-05-07 13:45:54,033 | INFO | NotesAPI | POST Request -> https://practice.expandtesting.com/notes/api/notes
2026-05-07 13:45:54,034 | INFO | NotesAPI | Payload -> {'title': '', 'description': 'Description', 'category': 'Home'}
2026-05-07 13:45:54,037 | INFO | conftest | Launching Chrome browser
2026-05-07 13:45:54,042 | INFO | conftest | Running tests locally
2026-05-07 13:45:56,504 | INFO | NotesAPI | Response Status -> 400
2026-05-07 13:45:56,510 | INFO | conftest | Launching Chrome browser
2026-05-07 13:45:56,517 | INFO | conftest | Running tests locally
2026-05-07 13:46:00,177 | INFO | conftest | Launching Chrome browser
2026-05-07 13:46:00,177 | INFO | conftest | Running tests locally
2026-05-07 13:46:03,204 | INFO | conftest | Launching Chrome browser
2026-05-07 13:46:03,205 | INFO | conftest | Running tests locally
2026-05-07 13:46:03,982 | INFO | LoginPage | Attempting login with email: raghu1@gmail.com
2026-05-07 13:46:03,982 | INFO | LoginPage | Typing 'raghu1@gmail.com' into element: ('id', 'email')
2026-05-07 13:46:04,156 | INFO | LoginPage | Typing 'raghu1' into element: ('id', 'password')
2026-05-07 13:46:04,346 | INFO | LoginPage | Login button clicked
2026-05-07 13:46:04,346 | INFO | conftest | Login fixture completed
2026-05-07 13:46:04,348 | INFO | AuthAPI | POST Request -> https://practice.expandtesting.com/notes/api/users/login
2026-05-07 13:46:04,348 | INFO | AuthAPI | Payload -> {'email': 'raghu1@gmail.com', 'password': 'raghu1'}
2026-05-07 13:46:05,738 | INFO | conftest | Launching Chrome browser
2026-05-07 13:46:05,738 | INFO | conftest | Running tests locally
2026-05-07 13:46:08,900 | INFO | conftest | Launching Chrome browser
2026-05-07 13:46:08,900 | INFO | conftest | Running tests locally
2026-05-07 13:46:11,743 | INFO | conftest | Launching Chrome browser
2026-05-07 13:46:11,743 | INFO | conftest | Running tests locally
2026-05-07 13:46:12,905 | INFO | AuthAPI | Response Status -> 200
2026-05-07 13:46:12,908 | INFO | test_api_to_ui_validation | STARTING E2E TEST: API -> UI
2026-05-07 13:46:12,908 | INFO | test_api_to_ui_validation | Creating note via UI | Title: DELETE-0548adeb-833c-4d3e-b7f0-a746263fdcaa
2026-05-07 13:46:12,908 | INFO | NotesPage | Creating note | Title: DELETE-0548adeb-833c-4d3e-b7f0-a746263fdcaa
2026-05-07 13:46:12,908 | INFO | NotesPage | Clicking Add Note button
2026-05-07 13:46:24,241 | INFO | LoginPage | Attempting login with email: 
2026-05-07 13:46:24,242 | INFO | LoginPage | Typing '' into element: ('id', 'email')
2026-05-07 13:46:30,500 | INFO | NotesPage | Entering title: DELETE-0548adeb-833c-4d3e-b7f0-a746263fdcaa
2026-05-07 13:46:30,501 | INFO | NotesPage | Typing 'DELETE-0548adeb-833c-4d3e-b7f0-a746263fdcaa' into element: ('id', 'title')
2026-05-07 13:46:30,669 | INFO | NotesPage | Entering description
2026-05-07 13:46:30,669 | INFO | NotesPage | Typing 'Delete validation' into element: ('id', 'description')
2026-05-07 13:46:30,796 | INFO | NotesPage | Selecting category: Work
2026-05-07 13:46:30,948 | INFO | NotesPage | Clicking Create button
2026-05-07 13:46:31,032 | INFO | NotesPage | Checking if note exists: DELETE-0548adeb-833c-4d3e-b7f0-a746263fdcaa
2026-05-07 13:46:33,413 | WARNING | NotesPage | Note NOT found: DELETE-0548adeb-833c-4d3e-b7f0-a746263fdcaa
2026-05-07 13:46:33,914 | INFO | NotesPage | Checking if note exists: DELETE-0548adeb-833c-4d3e-b7f0-a746263fdcaa
2026-05-07 13:46:35,009 | INFO | conftest | Closing browser
2026-05-07 13:46:36,099 | WARNING | NotesPage | Note NOT found: DELETE-0548adeb-833c-4d3e-b7f0-a746263fdcaa
2026-05-07 13:46:36,600 | INFO | NotesPage | Checking if note exists: DELETE-0548adeb-833c-4d3e-b7f0-a746263fdcaa
2026-05-07 13:46:37,357 | INFO | conftest | Launching Chrome browser
2026-05-07 13:46:37,358 | INFO | conftest | Running tests locally
2026-05-07 13:46:40,991 | INFO | conftest | Performing login fixture setup
2026-05-07 13:46:48,320 | INFO | LoginPage | Attempting login with email: raghu1@gmail.com
2026-05-07 13:46:48,321 | INFO | LoginPage | Typing 'raghu1@gmail.com' into element: ('id', 'email')
2026-05-07 13:46:48,324 | WARNING | NotesPage | Stale element detected. Retrying...
2026-05-07 13:46:54,629 | INFO | NotesPage | Note created successfully | Title: DELETE-0548adeb-833c-4d3e-b7f0-a746263fdcaa
2026-05-07 13:46:54,629 | INFO | test_api_to_ui_validation | Note created successfully
2026-05-07 13:46:54,629 | INFO | NotesPage | Checking if note exists: DELETE-0548adeb-833c-4d3e-b7f0-a746263fdcaa
2026-05-07 13:46:56,699 | INFO | NotesPage | Note found: DELETE-0548adeb-833c-4d3e-b7f0-a746263fdcaa
2026-05-07 13:46:56,699 | INFO | test_api_to_ui_validation | Note created and visible in UI
2026-05-07 13:46:56,699 | INFO | NotesAPI | GET Request -> https://practice.expandtesting.com/notes/api/notes
2026-05-07 13:46:58,316 | INFO | NotesAPI | Response Status -> 200
2026-05-07 13:46:58,316 | INFO | test_api_to_ui_validation | GET Notes Status: 200
2026-05-07 13:46:58,318 | INFO | test_api_to_ui_validation | Located Note ID: 69fc4a6481124e02985c9f8f
2026-05-07 13:46:58,318 | INFO | test_api_to_ui_validation | Deleting note via API | ID: 69fc4a6481124e02985c9f8f
2026-05-07 13:46:58,318 | INFO | NotesAPI | DELETE Request -> https://practice.expandtesting.com/notes/api/notes/69fc4a6481124e02985c9f8f
2026-05-07 13:46:58,968 | INFO | conftest | Closing browser
2026-05-07 13:46:59,736 | INFO | NotesAPI | Response Status -> 200
2026-05-07 13:46:59,736 | INFO | test_api_to_ui_validation | Delete Status: 200
2026-05-07 13:46:59,736 | INFO | test_api_to_ui_validation | Refreshing UI page
2026-05-07 13:46:59,737 | INFO | NotesPage | Refreshing browser page
2026-05-07 13:47:04,481 | INFO | NotesPage | Checking if note exists: DELETE-0548adeb-833c-4d3e-b7f0-a746263fdcaa
2026-05-07 13:47:06,747 | WARNING | NotesPage | Note NOT found: DELETE-0548adeb-833c-4d3e-b7f0-a746263fdcaa
2026-05-07 13:47:06,748 | INFO | test_api_to_ui_validation | Deleted note removed from UI successfully
2026-05-07 13:47:06,748 | INFO | test_api_to_ui_validation | E2E API -> UI validation PASSED
2026-05-07 13:47:06,754 | INFO | conftest | Closing browser
2026-05-07 13:47:09,266 | INFO | conftest | Launching Chrome browser
2026-05-07 13:47:09,267 | INFO | conftest | Running tests locally
2026-05-07 13:47:13,720 | INFO | conftest | Performing login fixture setup
2026-05-07 13:47:54,871 | INFO | LoginPage | Attempting login with email: raghu1@gmail.com
2026-05-07 13:47:54,872 | INFO | LoginPage | Typing 'raghu1@gmail.com' into element: ('id', 'email')
2026-05-07 13:47:55,148 | INFO | LoginPage | Typing 'raghu1' into element: ('id', 'password')
2026-05-07 13:47:55,361 | INFO | LoginPage | Login button clicked
2026-05-07 13:47:55,361 | INFO | conftest | Login fixture completed
2026-05-07 13:47:55,363 | INFO | NotesPage | Creating note | Title: Instant-7afc631f-81c7-4cf1-8103-6869dc98f03b
2026-05-07 13:47:55,364 | INFO | NotesPage | Clicking Add Note button
2026-05-07 13:47:58,308 | INFO | NotesPage | Entering title: Instant-7afc631f-81c7-4cf1-8103-6869dc98f03b
2026-05-07 13:47:58,308 | INFO | NotesPage | Typing 'Instant-7afc631f-81c7-4cf1-8103-6869dc98f03b' into element: ('id', 'title')
2026-05-07 13:47:58,618 | INFO | NotesPage | Entering description
2026-05-07 13:47:58,619 | INFO | NotesPage | Typing 'DOM validation' into element: ('id', 'description')
2026-05-07 13:47:58,791 | INFO | NotesPage | Selecting category: Work
2026-05-07 13:47:58,960 | INFO | NotesPage | Clicking Create button
2026-05-07 13:47:59,032 | INFO | NotesPage | Checking if note exists: Instant-7afc631f-81c7-4cf1-8103-6869dc98f03b
2026-05-07 13:48:00,991 | WARNING | NotesPage | Note NOT found: Instant-7afc631f-81c7-4cf1-8103-6869dc98f03b
2026-05-07 13:48:01,492 | INFO | NotesPage | Checking if note exists: Instant-7afc631f-81c7-4cf1-8103-6869dc98f03b
2026-05-07 13:48:03,286 | WARNING | NotesPage | Note NOT found: Instant-7afc631f-81c7-4cf1-8103-6869dc98f03b
2026-05-07 13:48:03,787 | INFO | NotesPage | Checking if note exists: Instant-7afc631f-81c7-4cf1-8103-6869dc98f03b
2026-05-07 13:48:17,431 | WARNING | NotesPage | Stale element detected. Retrying...
2026-05-07 13:48:23,030 | INFO | conftest | Closing browser
2026-05-07 13:48:58,077 | INFO | AuthAPI | POST Request -> https://practice.expandtesting.com/notes/api/users/login
2026-05-07 13:48:58,078 | INFO | AuthAPI | Payload -> {'email': 'raghu1@gmail.com', 'password': 'raghu1'}
2026-05-07 13:49:01,850 | INFO | AuthAPI | Response Status -> 200
2026-05-07 13:49:01,857 | INFO | AuthAPI | POST Request -> https://practice.expandtesting.com/notes/api/users/login
2026-05-07 13:49:01,857 | INFO | AuthAPI | Payload -> {'email': 'wrong@test.com', 'password': 'wrongpass'}
2026-05-07 13:49:05,466 | INFO | AuthAPI | Response Status -> 401
2026-05-07 13:49:05,470 | INFO | AuthAPI | POST Request -> https://practice.expandtesting.com/notes/api/users/login
2026-05-07 13:49:05,470 | INFO | AuthAPI | Payload -> {'email': '', 'password': ''}
2026-05-07 13:49:10,980 | INFO | AuthAPI | Response Status -> 400
2026-05-07 13:49:10,984 | INFO | AuthAPI | POST Request -> https://practice.expandtesting.com/notes/api/users/login
2026-05-07 13:49:10,984 | INFO | AuthAPI | Payload -> {'email': 'raghu1@gmail.com', 'password': 'raghu1'}
2026-05-07 13:49:19,144 | INFO | AuthAPI | Response Status -> 200
2026-05-07 13:49:19,147 | INFO | NotesAPI | POST Request -> https://practice.expandtesting.com/notes/api/notes
2026-05-07 13:49:19,148 | INFO | NotesAPI | Payload -> {'title': 'API-192b1cb2-8fd1-42ef-93be-45d3d3dd244d', 'description': 'API Automation Description', 'category': 'Home'}
2026-05-07 13:49:25,766 | INFO | NotesAPI | Response Status -> 200
2026-05-07 13:49:25,777 | INFO | AuthAPI | POST Request -> https://practice.expandtesting.com/notes/api/users/login
2026-05-07 13:49:25,777 | INFO | AuthAPI | Payload -> {'email': 'raghu1@gmail.com', 'password': 'raghu1'}
2026-05-07 13:49:37,095 | INFO | AuthAPI | Response Status -> 200
2026-05-07 13:49:37,099 | INFO | NotesAPI | POST Request -> https://practice.expandtesting.com/notes/api/notes
2026-05-07 13:49:37,099 | INFO | NotesAPI | Payload -> {'title': 'DELETE-fd1b141b-81de-4f46-8438-aaea64b731b2', 'description': 'Delete Description', 'category': 'Work'}
2026-05-07 13:49:41,925 | INFO | NotesAPI | Response Status -> 200
2026-05-07 13:49:41,925 | INFO | NotesAPI | DELETE Request -> https://practice.expandtesting.com/notes/api/notes/69fc4b1f81124e02985ca0b9
2026-05-07 13:49:45,700 | INFO | NotesAPI | Response Status -> 200
2026-05-07 13:49:45,701 | INFO | NotesAPI | GET Request -> https://practice.expandtesting.com/notes/api/notes
2026-05-07 13:49:48,373 | INFO | NotesAPI | Response Status -> 200
2026-05-07 13:49:48,385 | INFO | AuthAPI | POST Request -> https://practice.expandtesting.com/notes/api/users/login
2026-05-07 13:49:48,385 | INFO | AuthAPI | Payload -> {'email': 'raghu1@gmail.com', 'password': 'raghu1'}
2026-05-07 13:49:54,520 | INFO | AuthAPI | Response Status -> 200
2026-05-07 13:49:54,523 | INFO | test_get_notes | Starting test_get_all_notes
2026-05-07 13:49:54,524 | INFO | NotesAPI | GET Request -> https://practice.expandtesting.com/notes/api/notes
2026-05-07 13:50:01,210 | INFO | NotesAPI | Response Status -> 200
2026-05-07 13:50:01,211 | INFO | test_get_notes | Response received: 200
2026-05-07 13:50:01,211 | INFO | test_get_notes | test_get_all_notes PASSED
2026-05-07 13:50:01,216 | INFO | AuthAPI | POST Request -> https://practice.expandtesting.com/notes/api/users/login
2026-05-07 13:50:01,217 | INFO | AuthAPI | Payload -> {'email': 'raghu1@gmail.com', 'password': 'raghu1'}
2026-05-07 13:50:17,592 | INFO | AuthAPI | Response Status -> 200
2026-05-07 13:50:17,594 | INFO | NotesAPI | GET Request -> https://practice.expandtesting.com/notes/api/notes
2026-05-07 13:50:27,499 | INFO | NotesAPI | Response Status -> 200
2026-05-07 13:50:27,591 | INFO | NotesAPI | GET Request -> https://practice.expandtesting.com/notes/api/notes
2026-05-07 13:50:35,737 | INFO | NotesAPI | Response Status -> 401
2026-05-07 13:50:35,742 | INFO | AuthAPI | POST Request -> https://practice.expandtesting.com/notes/api/users/login
2026-05-07 13:50:35,742 | INFO | AuthAPI | Payload -> {'email': 'raghu1@gmail.com', 'password': 'raghu1'}
2026-05-07 13:50:45,280 | INFO | AuthAPI | Response Status -> 200
2026-05-07 13:50:45,283 | INFO | NotesAPI | DELETE Request -> https://practice.expandtesting.com/notes/api/notes/123456789
2026-05-07 13:50:52,919 | INFO | NotesAPI | Response Status -> 400
2026-05-07 13:50:52,923 | INFO | AuthAPI | POST Request -> https://practice.expandtesting.com/notes/api/users/login
2026-05-07 13:50:52,924 | INFO | AuthAPI | Payload -> {'email': 'raghu1@gmail.com', 'password': 'raghu1'}
2026-05-07 13:50:57,383 | INFO | AuthAPI | Response Status -> 200
2026-05-07 13:50:57,387 | INFO | NotesAPI | POST Request -> https://practice.expandtesting.com/notes/api/notes
2026-05-07 13:50:57,387 | INFO | NotesAPI | Payload -> {'title': '', 'description': 'Description', 'category': 'Home'}
2026-05-07 13:50:59,000 | INFO | NotesAPI | Response Status -> 400
2026-05-07 13:50:59,007 | INFO | AuthAPI | POST Request -> https://practice.expandtesting.com/notes/api/users/login
2026-05-07 13:50:59,007 | INFO | AuthAPI | Payload -> {'email': 'raghu1@gmail.com', 'password': 'raghu1'}
2026-05-07 13:51:03,523 | INFO | AuthAPI | Response Status -> 200
2026-05-07 13:51:03,525 | INFO | NotesAPI | POST Request -> https://practice.expandtesting.com/notes/api/notes
2026-05-07 13:51:03,525 | INFO | NotesAPI | Payload -> {'title': 'Title', 'description': '', 'category': 'Home'}
2026-05-07 13:51:05,134 | INFO | NotesAPI | Response Status -> 400
2026-05-07 13:51:05,141 | INFO | conftest | Launching Chrome browser
2026-05-07 13:51:05,146 | INFO | conftest | Running tests locally
2026-05-07 13:51:09,394 | INFO | conftest | Performing login fixture setup
2026-05-07 13:51:48,510 | INFO | LoginPage | Attempting login with email: raghu1@gmail.com
2026-05-07 13:51:48,510 | INFO | LoginPage | Typing 'raghu1@gmail.com' into element: ('id', 'email')
2026-05-07 13:51:48,582 | INFO | LoginPage | Typing 'raghu1' into element: ('id', 'password')
2026-05-07 13:51:48,649 | INFO | LoginPage | Login button clicked
2026-05-07 13:51:48,649 | INFO | conftest | Login fixture completed
2026-05-07 13:51:48,650 | INFO | AuthAPI | POST Request -> https://practice.expandtesting.com/notes/api/users/login
2026-05-07 13:51:48,651 | INFO | AuthAPI | Payload -> {'email': 'raghu1@gmail.com', 'password': 'raghu1'}
2026-05-07 13:51:55,020 | INFO | AuthAPI | Response Status -> 200
2026-05-07 13:51:55,023 | INFO | test_api_to_ui_validation | STARTING E2E TEST: API -> UI
2026-05-07 13:51:55,024 | INFO | test_api_to_ui_validation | Creating note via UI | Title: DELETE-88a61cb6-f73f-4822-868c-b2b03621643b
2026-05-07 13:51:55,024 | INFO | NotesPage | Creating note | Title: DELETE-88a61cb6-f73f-4822-868c-b2b03621643b
2026-05-07 13:51:55,024 | INFO | NotesPage | Clicking Add Note button
2026-05-07 13:51:57,640 | INFO | NotesPage | Entering title: DELETE-88a61cb6-f73f-4822-868c-b2b03621643b
2026-05-07 13:51:57,640 | INFO | NotesPage | Typing 'DELETE-88a61cb6-f73f-4822-868c-b2b03621643b' into element: ('id', 'title')
2026-05-07 13:51:57,758 | INFO | NotesPage | Entering description
2026-05-07 13:51:57,758 | INFO | NotesPage | Typing 'Delete validation' into element: ('id', 'description')
2026-05-07 13:51:57,830 | INFO | NotesPage | Selecting category: Work
2026-05-07 13:51:57,940 | INFO | NotesPage | Clicking Create button
2026-05-07 13:51:57,964 | INFO | NotesPage | Checking if note exists: DELETE-88a61cb6-f73f-4822-868c-b2b03621643b
2026-05-07 13:51:58,684 | WARNING | NotesPage | Note NOT found: DELETE-88a61cb6-f73f-4822-868c-b2b03621643b
2026-05-07 13:51:59,185 | INFO | NotesPage | Checking if note exists: DELETE-88a61cb6-f73f-4822-868c-b2b03621643b
2026-05-07 13:52:06,394 | WARNING | NotesPage | Stale element detected. Retrying...
2026-05-07 13:52:11,539 | INFO | conftest | Closing browser
2026-05-07 13:52:13,826 | INFO | conftest | Launching Chrome browser
2026-05-07 13:52:13,826 | INFO | conftest | Running tests locally
2026-05-07 13:52:17,645 | INFO | conftest | Performing login fixture setup
2026-05-07 13:52:29,666 | INFO | LoginPage | Attempting login with email: raghu1@gmail.com
2026-05-07 13:52:29,666 | INFO | LoginPage | Typing 'raghu1@gmail.com' into element: ('id', 'email')
2026-05-07 13:52:29,746 | INFO | LoginPage | Typing 'raghu1' into element: ('id', 'password')
2026-05-07 13:52:29,822 | INFO | LoginPage | Login button clicked
2026-05-07 13:52:29,822 | INFO | conftest | Login fixture completed
2026-05-07 13:52:29,823 | INFO | AuthAPI | POST Request -> https://practice.expandtesting.com/notes/api/users/login
2026-05-07 13:52:29,823 | INFO | AuthAPI | Payload -> {'email': 'raghu1@gmail.com', 'password': 'raghu1'}
2026-05-07 13:52:40,852 | INFO | AuthAPI | Response Status -> 200
2026-05-07 13:52:40,853 | INFO | test_ui_to_api_validation | STARTING E2E TEST: UI -> API
2026-05-07 13:52:40,854 | INFO | test_ui_to_api_validation | Creating note from UI | Title: E2E-c156360e-0e4f-4be4-94c9-1033b4ee1424
2026-05-07 13:52:40,854 | INFO | NotesPage | Creating note | Title: E2E-c156360e-0e4f-4be4-94c9-1033b4ee1424
2026-05-07 13:52:40,854 | INFO | NotesPage | Clicking Add Note button
2026-05-07 13:52:44,150 | INFO | NotesPage | Entering title: E2E-c156360e-0e4f-4be4-94c9-1033b4ee1424
2026-05-07 13:52:44,150 | INFO | NotesPage | Typing 'E2E-c156360e-0e4f-4be4-94c9-1033b4ee1424' into element: ('id', 'title')
2026-05-07 13:52:44,264 | INFO | NotesPage | Entering description
2026-05-07 13:52:44,264 | INFO | NotesPage | Typing 'Hybrid UI API Validation' into element: ('id', 'description')
2026-05-07 13:52:44,339 | INFO | NotesPage | Selecting category: Home
2026-05-07 13:52:44,392 | INFO | NotesPage | Clicking Create button
2026-05-07 13:52:44,414 | INFO | NotesPage | Checking if note exists: E2E-c156360e-0e4f-4be4-94c9-1033b4ee1424
2026-05-07 13:52:45,024 | WARNING | NotesPage | Note NOT found: E2E-c156360e-0e4f-4be4-94c9-1033b4ee1424
2026-05-07 13:52:45,524 | INFO | NotesPage | Checking if note exists: E2E-c156360e-0e4f-4be4-94c9-1033b4ee1424
2026-05-07 13:52:46,142 | WARNING | NotesPage | Note NOT found: E2E-c156360e-0e4f-4be4-94c9-1033b4ee1424
2026-05-07 13:52:46,643 | INFO | NotesPage | Checking if note exists: E2E-c156360e-0e4f-4be4-94c9-1033b4ee1424
2026-05-07 13:52:47,289 | WARNING | NotesPage | Note NOT found: E2E-c156360e-0e4f-4be4-94c9-1033b4ee1424
2026-05-07 13:52:47,789 | INFO | NotesPage | Checking if note exists: E2E-c156360e-0e4f-4be4-94c9-1033b4ee1424
2026-05-07 13:52:48,411 | WARNING | NotesPage | Note NOT found: E2E-c156360e-0e4f-4be4-94c9-1033b4ee1424
2026-05-07 13:52:48,911 | INFO | NotesPage | Checking if note exists: E2E-c156360e-0e4f-4be4-94c9-1033b4ee1424
2026-05-07 13:52:57,897 | WARNING | NotesPage | Stale element detected. Retrying...
2026-05-07 13:52:58,652 | INFO | NotesPage | Note created successfully | Title: E2E-c156360e-0e4f-4be4-94c9-1033b4ee1424
2026-05-07 13:52:58,652 | INFO | test_ui_to_api_validation | Note creation completed
2026-05-07 13:52:58,652 | INFO | NotesPage | Checking if note exists: E2E-c156360e-0e4f-4be4-94c9-1033b4ee1424
2026-05-07 13:52:59,243 | INFO | NotesPage | Note found: E2E-c156360e-0e4f-4be4-94c9-1033b4ee1424
2026-05-07 13:52:59,243 | INFO | test_ui_to_api_validation | Note visible in UI successfully
2026-05-07 13:52:59,243 | INFO | test_ui_to_api_validation | Calling GET /notes API
2026-05-07 13:52:59,243 | INFO | NotesAPI | GET Request -> https://practice.expandtesting.com/notes/api/notes
2026-05-07 13:53:03,197 | INFO | NotesAPI | Response Status -> 200
2026-05-07 13:53:03,198 | INFO | test_ui_to_api_validation | API Response Status: 200
2026-05-07 13:53:03,199 | INFO | test_ui_to_api_validation | API Response Time: 3.952858
2026-05-07 13:53:03,299 | INFO | conftest | Closing browser
2026-05-07 13:53:05,596 | INFO | conftest | Launching Chrome browser
2026-05-07 13:53:05,597 | INFO | conftest | Running tests locally
2026-05-07 13:53:10,170 | INFO | conftest | Performing login fixture setup
2026-05-07 13:53:45,298 | INFO | LoginPage | Attempting login with email: raghu1@gmail.com
2026-05-07 13:53:45,298 | INFO | LoginPage | Typing 'raghu1@gmail.com' into element: ('id', 'email')
2026-05-07 13:53:45,442 | INFO | LoginPage | Typing 'raghu1' into element: ('id', 'password')
2026-05-07 13:53:45,509 | INFO | LoginPage | Login button clicked
2026-05-07 13:53:45,509 | INFO | conftest | Login fixture completed
2026-05-07 13:53:45,510 | INFO | NotesPage | Creating note | Title: Automation-52f341b8-c190-4cf0-badb-7045bf68a534
2026-05-07 13:53:45,510 | INFO | NotesPage | Clicking Add Note button
2026-05-07 13:53:56,136 | INFO | conftest | Closing browser
2026-05-07 13:53:58,411 | INFO | conftest | Launching Chrome browser
2026-05-07 13:53:58,412 | INFO | conftest | Running tests locally
2026-05-07 13:54:01,430 | INFO | conftest | Performing login fixture setup
2026-05-07 13:54:06,749 | INFO | LoginPage | Attempting login with email: raghu1@gmail.com
2026-05-07 13:54:06,749 | INFO | LoginPage | Typing 'raghu1@gmail.com' into element: ('id', 'email')
2026-05-07 13:54:06,813 | INFO | conftest | Closing browser
2026-05-07 13:54:08,886 | INFO | conftest | Launching Chrome browser
2026-05-07 13:54:08,887 | INFO | conftest | Running tests locally
2026-05-07 13:57:27,030 | INFO | AuthAPI | POST Request -> https://practice.expandtesting.com/notes/api/users/login
2026-05-07 13:57:27,030 | INFO | AuthAPI | Payload -> {'email': 'raghu1@gmail.com', 'password': 'raghu1'}
2026-05-07 13:57:27,034 | INFO | AuthAPI | POST Request -> https://practice.expandtesting.com/notes/api/users/login
2026-05-07 13:57:27,034 | INFO | AuthAPI | Payload -> {'email': 'raghu1@gmail.com', 'password': 'raghu1'}
2026-05-07 13:57:27,035 | INFO | AuthAPI | POST Request -> https://practice.expandtesting.com/notes/api/users/login
2026-05-07 13:57:27,035 | INFO | AuthAPI | Payload -> {'email': 'raghu1@gmail.com', 'password': 'raghu1'}
2026-05-07 13:57:27,036 | INFO | AuthAPI | POST Request -> https://practice.expandtesting.com/notes/api/users/login
2026-05-07 13:57:27,036 | INFO | AuthAPI | Payload -> {'email': '', 'password': ''}
2026-05-07 13:57:33,179 | INFO | AuthAPI | Response Status -> 400
2026-05-07 13:57:33,184 | INFO | AuthAPI | POST Request -> https://practice.expandtesting.com/notes/api/users/login
2026-05-07 13:57:33,184 | INFO | AuthAPI | Payload -> {'email': 'raghu1@gmail.com', 'password': 'raghu1'}
2026-05-07 13:57:37,810 | INFO | AuthAPI | Response Status -> 200
2026-05-07 13:57:37,813 | INFO | AuthAPI | POST Request -> https://practice.expandtesting.com/notes/api/users/login
2026-05-07 13:57:37,813 | INFO | AuthAPI | Payload -> {'email': 'wrong@test.com', 'password': 'wrongpass'}
2026-05-07 13:57:41,254 | INFO | AuthAPI | Response Status -> 200
2026-05-07 13:57:41,258 | INFO | NotesAPI | GET Request -> https://practice.expandtesting.com/notes/api/notes
2026-05-07 13:57:41,592 | INFO | AuthAPI | Response Status -> 200
2026-05-07 13:57:41,595 | INFO | NotesAPI | POST Request -> https://practice.expandtesting.com/notes/api/notes
2026-05-07 13:57:41,595 | INFO | NotesAPI | Payload -> {'title': 'DELETE-af5cd2bb-82ee-4ffc-b629-9fd7d271dead', 'description': 'Delete Description', 'category': 'Work'}
2026-05-07 13:57:46,178 | INFO | AuthAPI | Response Status -> 200
2026-05-07 13:57:46,178 | INFO | AuthAPI | Response Status -> 401
2026-05-07 13:57:46,181 | INFO | NotesAPI | POST Request -> https://practice.expandtesting.com/notes/api/notes
2026-05-07 13:57:46,182 | INFO | NotesAPI | Payload -> {'title': 'API-52e38206-e879-4f74-92cf-15600972c3b9', 'description': 'API Automation Description', 'category': 'Home'}
2026-05-07 13:57:46,183 | INFO | AuthAPI | POST Request -> https://practice.expandtesting.com/notes/api/users/login
2026-05-07 13:57:46,183 | INFO | AuthAPI | Payload -> {'email': 'raghu1@gmail.com', 'password': 'raghu1'}
2026-05-07 13:57:50,737 | INFO | NotesAPI | Response Status -> 200
2026-05-07 13:57:50,737 | INFO | NotesAPI | Response Status -> 200
2026-05-07 13:57:50,738 | INFO | NotesAPI | Response Status -> 200
2026-05-07 13:57:50,738 | INFO | NotesAPI | DELETE Request -> https://practice.expandtesting.com/notes/api/notes/69fc4d0781124e02985ca4b9
2026-05-07 13:57:50,747 | INFO | AuthAPI | POST Request -> https://practice.expandtesting.com/notes/api/users/login
2026-05-07 13:57:50,747 | INFO | AuthAPI | Payload -> {'email': 'raghu1@gmail.com', 'password': 'raghu1'}
2026-05-07 13:57:51,136 | INFO | NotesAPI | GET Request -> https://practice.expandtesting.com/notes/api/notes
2026-05-07 13:57:52,932 | INFO | AuthAPI | Response Status -> 200
2026-05-07 13:57:52,937 | INFO | NotesAPI | POST Request -> https://practice.expandtesting.com/notes/api/notes
2026-05-07 13:57:52,937 | INFO | NotesAPI | Payload -> {'title': '', 'description': 'Description', 'category': 'Home'}
2026-05-07 13:57:54,676 | INFO | NotesAPI | Response Status -> 401
2026-05-07 13:57:54,687 | INFO | conftest | Launching Chrome browser
2026-05-07 13:57:54,694 | INFO | conftest | Running tests locally
2026-05-07 13:57:55,658 | INFO | NotesAPI | Response Status -> 200
2026-05-07 13:57:55,659 | INFO | NotesAPI | GET Request -> https://practice.expandtesting.com/notes/api/notes
2026-05-07 13:57:55,664 | INFO | NotesAPI | DELETE Request -> https://practice.expandtesting.com/notes/api/notes/123456789
2026-05-07 13:57:56,501 | INFO | NotesAPI | Response Status -> 400
2026-05-07 13:57:56,516 | INFO | AuthAPI | POST Request -> https://practice.expandtesting.com/notes/api/users/login
2026-05-07 13:57:56,517 | INFO | AuthAPI | Payload -> {'email': 'raghu1@gmail.com', 'password': 'raghu1'}
2026-05-07 13:57:59,419 | INFO | NotesAPI | Response Status -> 400
2026-05-07 13:57:59,430 | INFO | conftest | Launching Chrome browser
2026-05-07 13:57:59,450 | INFO | conftest | Running tests locally
2026-05-07 13:57:59,954 | INFO | conftest | Performing login fixture setup
2026-05-07 13:58:00,616 | INFO | AuthAPI | Response Status -> 200
2026-05-07 13:58:00,619 | INFO | NotesAPI | POST Request -> https://practice.expandtesting.com/notes/api/notes
2026-05-07 13:58:00,620 | INFO | NotesAPI | Payload -> {'title': 'Title', 'description': '', 'category': 'Home'}
2026-05-07 13:58:01,190 | INFO | NotesAPI | Response Status -> 200
2026-05-07 13:58:01,201 | INFO | AuthAPI | POST Request -> https://practice.expandtesting.com/notes/api/users/login
2026-05-07 13:58:01,202 | INFO | AuthAPI | Payload -> {'email': 'raghu1@gmail.com', 'password': 'raghu1'}
2026-05-07 13:58:03,072 | INFO | NotesAPI | Response Status -> 400
2026-05-07 13:58:03,078 | INFO | conftest | Launching Chrome browser
2026-05-07 13:58:03,081 | INFO | conftest | Running tests locally
2026-05-07 13:58:04,187 | INFO | AuthAPI | Response Status -> 200
2026-05-07 13:58:04,191 | INFO | test_get_notes | Starting test_get_all_notes
2026-05-07 13:58:04,191 | INFO | NotesAPI | GET Request -> https://practice.expandtesting.com/notes/api/notes
2026-05-07 13:58:05,677 | INFO | NotesAPI | Response Status -> 200
2026-05-07 13:58:05,677 | INFO | test_get_notes | Response received: 200
2026-05-07 13:58:05,678 | INFO | test_get_notes | test_get_all_notes PASSED
2026-05-07 13:58:05,683 | INFO | conftest | Launching Chrome browser
2026-05-07 13:58:05,686 | INFO | conftest | Running tests locally
2026-05-07 13:58:07,365 | INFO | conftest | Launching Chrome browser
2026-05-07 13:58:07,365 | INFO | conftest | Running tests locally
2026-05-07 13:58:09,387 | INFO | conftest | Launching Chrome browser
2026-05-07 13:58:09,387 | INFO | conftest | Running tests locally
2026-05-07 13:58:12,383 | INFO | conftest | Launching Chrome browser
2026-05-07 13:58:12,383 | INFO | conftest | Running tests locally
2026-05-07 13:58:14,059 | INFO | LoginPage | Attempting login with email: raghu1@gmail.com
2026-05-07 13:58:14,059 | INFO | LoginPage | Typing 'raghu1@gmail.com' into element: ('id', 'email')
2026-05-07 13:58:14,294 | INFO | LoginPage | Typing 'raghu1' into element: ('id', 'password')
2026-05-07 13:58:14,379 | INFO | conftest | Launching Chrome browser
2026-05-07 13:58:14,379 | INFO | conftest | Running tests locally
2026-05-07 13:58:14,586 | INFO | LoginPage | Login button clicked
2026-05-07 13:58:14,586 | INFO | conftest | Login fixture completed
2026-05-07 13:58:14,591 | INFO | AuthAPI | POST Request -> https://practice.expandtesting.com/notes/api/users/login
2026-05-07 13:58:14,591 | INFO | AuthAPI | Payload -> {'email': 'raghu1@gmail.com', 'password': 'raghu1'}
2026-05-07 13:58:17,809 | INFO | conftest | Launching Chrome browser
2026-05-07 13:58:17,809 | INFO | conftest | Running tests locally
2026-05-07 13:58:22,275 | INFO | AuthAPI | Response Status -> 200
2026-05-07 13:58:22,281 | INFO | test_ui_to_api_validation | STARTING E2E TEST: UI -> API
2026-05-07 13:58:22,281 | INFO | test_ui_to_api_validation | Creating note from UI | Title: E2E-3d22e74b-11bc-4d5d-bdac-923c1c1eabe4
2026-05-07 13:58:22,282 | INFO | NotesPage | Creating note | Title: E2E-3d22e74b-11bc-4d5d-bdac-923c1c1eabe4
2026-05-07 13:58:22,283 | INFO | NotesPage | Clicking Add Note button
2026-05-07 13:58:25,153 | INFO | NotesPage | Entering title: E2E-3d22e74b-11bc-4d5d-bdac-923c1c1eabe4
2026-05-07 13:58:25,153 | INFO | NotesPage | Typing 'E2E-3d22e74b-11bc-4d5d-bdac-923c1c1eabe4' into element: ('id', 'title')
2026-05-07 13:58:25,426 | INFO | NotesPage | Entering description
2026-05-07 13:58:25,426 | INFO | NotesPage | Typing 'Hybrid UI API Validation' into element: ('id', 'description')
2026-05-07 13:58:25,622 | INFO | NotesPage | Selecting category: Home
2026-05-07 13:58:25,783 | INFO | NotesPage | Clicking Create button
2026-05-07 13:58:25,872 | INFO | NotesPage | Checking if note exists: E2E-3d22e74b-11bc-4d5d-bdac-923c1c1eabe4
2026-05-07 13:58:28,290 | WARNING | NotesPage | Note NOT found: E2E-3d22e74b-11bc-4d5d-bdac-923c1c1eabe4
2026-05-07 13:58:28,791 | INFO | NotesPage | Checking if note exists: E2E-3d22e74b-11bc-4d5d-bdac-923c1c1eabe4
2026-05-07 13:58:30,835 | WARNING | NotesPage | Note NOT found: E2E-3d22e74b-11bc-4d5d-bdac-923c1c1eabe4
2026-05-07 13:58:31,336 | INFO | NotesPage | Checking if note exists: E2E-3d22e74b-11bc-4d5d-bdac-923c1c1eabe4
2026-05-07 13:58:32,120 | WARNING | NotesPage | Note NOT found: E2E-3d22e74b-11bc-4d5d-bdac-923c1c1eabe4
2026-05-07 13:58:32,621 | INFO | NotesPage | Checking if note exists: E2E-3d22e74b-11bc-4d5d-bdac-923c1c1eabe4
2026-05-07 13:58:39,425 | INFO | NotesPage | Note found: E2E-3d22e74b-11bc-4d5d-bdac-923c1c1eabe4
2026-05-07 13:58:39,425 | INFO | NotesPage | Note created successfully | Title: E2E-3d22e74b-11bc-4d5d-bdac-923c1c1eabe4
2026-05-07 13:58:39,426 | INFO | test_ui_to_api_validation | Note creation completed
2026-05-07 13:58:39,426 | INFO | NotesPage | Checking if note exists: E2E-3d22e74b-11bc-4d5d-bdac-923c1c1eabe4
2026-05-07 13:58:41,332 | INFO | NotesPage | Note found: E2E-3d22e74b-11bc-4d5d-bdac-923c1c1eabe4
2026-05-07 13:58:41,333 | INFO | test_ui_to_api_validation | Note visible in UI successfully
2026-05-07 13:58:41,333 | INFO | test_ui_to_api_validation | Calling GET /notes API
2026-05-07 13:58:41,333 | INFO | NotesAPI | GET Request -> https://practice.expandtesting.com/notes/api/notes
2026-05-07 13:58:43,069 | INFO | NotesAPI | Response Status -> 200
2026-05-07 13:58:43,070 | INFO | test_ui_to_api_validation | API Response Status: 200
2026-05-07 13:58:43,071 | INFO | test_ui_to_api_validation | API Response Time: 1.55837
2026-05-07 13:58:43,072 | INFO | test_ui_to_api_validation | Total Notes Returned: 147
2026-05-07 13:58:43,072 | INFO | test_ui_to_api_validation | Matched Note: {'id': '69fc4d3181124e02985ca50b', 'title': 'E2E-3d22e74b-11bc-4d5d-bdac-923c1c1eabe4', 'description': 'Hybrid UI API Validation', 'category': 'Home', 'completed': False, 'created_at': '2026-05-07T08:28:33.230Z', 'updated_at': '2026-05-07T08:28:33.230Z', 'user_id': '69fb505d81124e02985b5b90'}
2026-05-07 13:58:43,072 | INFO | test_ui_to_api_validation | E2E UI -> API validation PASSED
2026-05-07 13:58:43,077 | INFO | conftest | Closing browser
2026-05-07 13:58:45,483 | INFO | conftest | Launching Chrome browser
2026-05-07 13:58:45,484 | INFO | conftest | Running tests locally
2026-05-07 13:58:50,018 | INFO | conftest | Performing login fixture setup
2026-05-07 13:59:24,102 | INFO | conftest | Closing browser
2026-05-07 14:02:37,979 | INFO | AuthAPI | POST Request -> https://practice.expandtesting.com/notes/api/users/login
2026-05-07 14:02:37,979 | INFO | AuthAPI | POST Request -> https://practice.expandtesting.com/notes/api/users/login
2026-05-07 14:02:37,979 | INFO | AuthAPI | Payload -> {'email': 'raghu1@gmail.com', 'password': 'raghu1'}
2026-05-07 14:02:37,979 | INFO | AuthAPI | Payload -> {'email': 'raghu1@gmail.com', 'password': 'raghu1'}
2026-05-07 14:02:37,980 | INFO | AuthAPI | POST Request -> https://practice.expandtesting.com/notes/api/users/login
2026-05-07 14:02:37,980 | INFO | AuthAPI | Payload -> {'email': '', 'password': ''}
2026-05-07 14:02:37,981 | INFO | AuthAPI | POST Request -> https://practice.expandtesting.com/notes/api/users/login
2026-05-07 14:02:37,981 | INFO | AuthAPI | Payload -> {'email': 'raghu1@gmail.com', 'password': 'raghu1'}
2026-05-07 14:02:46,548 | INFO | AuthAPI | Response Status -> 400
2026-05-07 14:02:46,555 | INFO | AuthAPI | POST Request -> https://practice.expandtesting.com/notes/api/users/login
2026-05-07 14:02:46,556 | INFO | AuthAPI | Payload -> {'email': 'raghu1@gmail.com', 'password': 'raghu1'}
2026-05-07 14:02:59,737 | INFO | AuthAPI | Response Status -> 200
2026-05-07 14:02:59,740 | INFO | NotesAPI | POST Request -> https://practice.expandtesting.com/notes/api/notes
2026-05-07 14:02:59,740 | INFO | NotesAPI | Payload -> {'title': 'API-f7d5a605-0755-4634-8c85-0a7d91e21e8f', 'description': 'API Automation Description', 'category': 'Home'}
2026-05-07 14:03:03,755 | INFO | AuthAPI | Response Status -> 200
2026-05-07 14:03:03,755 | INFO | AuthAPI | Response Status -> 200
2026-05-07 14:03:03,760 | INFO | NotesAPI | POST Request -> https://practice.expandtesting.com/notes/api/notes
2026-05-07 14:03:03,760 | INFO | NotesAPI | GET Request -> https://practice.expandtesting.com/notes/api/notes
2026-05-07 14:03:03,760 | INFO | NotesAPI | Payload -> {'title': 'DELETE-7162b2c1-3246-49e1-9d31-d75912b733f0', 'description': 'Delete Description', 'category': 'Work'}
2026-05-07 14:03:03,761 | INFO | AuthAPI | POST Request -> https://practice.expandtesting.com/notes/api/users/login
2026-05-07 14:03:03,762 | INFO | AuthAPI | Payload -> {'email': 'wrong@test.com', 'password': 'wrongpass'}
2026-05-07 14:03:09,535 | INFO | AuthAPI | Response Status -> 401
2026-05-07 14:03:09,536 | INFO | NotesAPI | Response Status -> 200
2026-05-07 14:03:09,544 | INFO | AuthAPI | POST Request -> https://practice.expandtesting.com/notes/api/users/login
2026-05-07 14:03:09,545 | INFO | AuthAPI | Payload -> {'email': 'raghu1@gmail.com', 'password': 'raghu1'}
2026-05-07 14:03:09,937 | INFO | NotesAPI | GET Request -> https://practice.expandtesting.com/notes/api/notes
2026-05-07 14:03:12,020 | INFO | NotesAPI | Response Status -> 200
2026-05-07 14:03:12,030 | INFO | AuthAPI | POST Request -> https://practice.expandtesting.com/notes/api/users/login
2026-05-07 14:03:12,031 | INFO | AuthAPI | Payload -> {'email': 'raghu1@gmail.com', 'password': 'raghu1'}
2026-05-07 14:03:13,918 | INFO | AuthAPI | Response Status -> 200
2026-05-07 14:03:13,918 | INFO | NotesAPI | Response Status -> 401
2026-05-07 14:03:13,923 | INFO | NotesAPI | POST Request -> https://practice.expandtesting.com/notes/api/notes
2026-05-07 14:03:13,923 | INFO | NotesAPI | Payload -> {'title': '', 'description': 'Description', 'category': 'Home'}
2026-05-07 14:03:13,926 | INFO | conftest | Launching Chrome browser
2026-05-07 14:03:13,951 | INFO | conftest | Selenium Grid detected
2026-05-07 14:03:15,002 | INFO | conftest | Performing login fixture setup
2026-05-07 14:03:15,315 | INFO | AuthAPI | Response Status -> 200
2026-05-07 14:03:15,320 | INFO | NotesAPI | DELETE Request -> https://practice.expandtesting.com/notes/api/notes/123456789
2026-05-07 14:03:16,571 | INFO | NotesAPI | Response Status -> 400
2026-05-07 14:03:16,580 | INFO | AuthAPI | POST Request -> https://practice.expandtesting.com/notes/api/users/login
2026-05-07 14:03:16,581 | INFO | AuthAPI | Payload -> {'email': 'raghu1@gmail.com', 'password': 'raghu1'}
2026-05-07 14:03:18,218 | INFO | NotesAPI | Response Status -> 400
2026-05-07 14:03:18,227 | INFO | conftest | Launching Chrome browser
2026-05-07 14:03:18,248 | INFO | conftest | Selenium Grid detected
2026-05-07 14:03:18,765 | INFO | conftest | Performing login fixture setup
2026-05-07 14:03:21,417 | INFO | AuthAPI | Response Status -> 200
2026-05-07 14:03:21,424 | INFO | NotesAPI | POST Request -> https://practice.expandtesting.com/notes/api/notes
2026-05-07 14:03:21,425 | INFO | NotesAPI | Payload -> {'title': 'Title', 'description': '', 'category': 'Home'}
2026-05-07 14:03:36,026 | INFO | conftest | Closing browser
2026-05-07 14:03:37,721 | INFO | conftest | Closing browser
2026-05-07 14:05:30,375 | INFO | AuthAPI | POST Request -> https://practice.expandtesting.com/notes/api/users/login
2026-05-07 14:05:30,375 | INFO | AuthAPI | POST Request -> https://practice.expandtesting.com/notes/api/users/login
2026-05-07 14:05:30,376 | INFO | AuthAPI | Payload -> {'email': 'raghu1@gmail.com', 'password': 'raghu1'}
2026-05-07 14:05:30,375 | INFO | AuthAPI | POST Request -> https://practice.expandtesting.com/notes/api/users/login
2026-05-07 14:05:30,376 | INFO | AuthAPI | Payload -> {'email': '', 'password': ''}
2026-05-07 14:05:30,376 | INFO | AuthAPI | POST Request -> https://practice.expandtesting.com/notes/api/users/login
2026-05-07 14:05:30,376 | INFO | AuthAPI | Payload -> {'email': 'raghu1@gmail.com', 'password': 'raghu1'}
2026-05-07 14:05:33,007 | INFO | AuthAPI | Response Status -> 200
2026-05-07 14:05:33,007 | INFO | AuthAPI | Response Status -> 400
2026-05-07 14:05:33,007 | INFO | AuthAPI | Response Status -> 200
2026-05-07 14:05:33,011 | INFO | NotesAPI | POST Request -> https://practice.expandtesting.com/notes/api/notes
2026-05-07 14:05:33,011 | INFO | NotesAPI | GET Request -> https://practice.expandtesting.com/notes/api/notes
2026-05-07 14:05:33,012 | INFO | NotesAPI | Payload -> {'title': 'DELETE-59a6d7d2-f697-492d-a4a4-c2724aadb465', 'description': 'Delete Description', 'category': 'Work'}
2026-05-07 14:05:33,014 | INFO | AuthAPI | POST Request -> https://practice.expandtesting.com/notes/api/users/login
2026-05-07 14:05:33,015 | INFO | AuthAPI | Payload -> {'email': 'raghu1@gmail.com', 'password': 'raghu1'}
2026-05-07 14:05:33,414 | INFO | AuthAPI | Response Status -> 200
2026-05-07 14:05:33,420 | INFO | AuthAPI | POST Request -> https://practice.expandtesting.com/notes/api/users/login
2026-05-07 14:05:33,420 | INFO | AuthAPI | Payload -> {'email': 'wrong@test.com', 'password': 'wrongpass'}
2026-05-07 14:05:35,604 | INFO | NotesAPI | Response Status -> 200
2026-05-07 14:05:35,604 | INFO | AuthAPI | Response Status -> 200
2026-05-07 14:05:35,605 | INFO | NotesAPI | DELETE Request -> https://practice.expandtesting.com/notes/api/notes/69fc4ed981124e02985ca834
2026-05-07 14:05:35,607 | INFO | NotesAPI | POST Request -> https://practice.expandtesting.com/notes/api/notes
2026-05-07 14:05:35,608 | INFO | NotesAPI | Payload -> {'title': 'API-c80adeaf-e99e-460c-813a-771fb64df634', 'description': 'API Automation Description', 'category': 'Home'}
2026-05-07 14:05:35,726 | INFO | NotesAPI | Response Status -> 200
2026-05-07 14:05:35,819 | INFO | NotesAPI | GET Request -> https://practice.expandtesting.com/notes/api/notes
2026-05-07 14:05:38,041 | INFO | AuthAPI | Response Status -> 401
2026-05-07 14:05:38,051 | INFO | AuthAPI | POST Request -> https://practice.expandtesting.com/notes/api/users/login
2026-05-07 14:05:38,051 | INFO | AuthAPI | Payload -> {'email': 'raghu1@gmail.com', 'password': 'raghu1'}
2026-05-07 14:05:38,582 | INFO | NotesAPI | Response Status -> 401
2026-05-07 14:05:38,592 | INFO | AuthAPI | POST Request -> https://practice.expandtesting.com/notes/api/users/login
2026-05-07 14:05:38,603 | INFO | AuthAPI | Payload -> {'email': 'raghu1@gmail.com', 'password': 'raghu1'}
2026-05-07 14:05:39,448 | INFO | NotesAPI | Response Status -> 200
2026-05-07 14:05:39,458 | INFO | AuthAPI | POST Request -> https://practice.expandtesting.com/notes/api/users/login
2026-05-07 14:05:39,459 | INFO | AuthAPI | Payload -> {'email': 'raghu1@gmail.com', 'password': 'raghu1'}
2026-05-07 14:05:39,737 | INFO | NotesAPI | Response Status -> 200
2026-05-07 14:05:39,737 | INFO | NotesAPI | GET Request -> https://practice.expandtesting.com/notes/api/notes
2026-05-07 14:07:59,134 | INFO | AuthAPI | POST Request -> https://practice.expandtesting.com/notes/api/users/login
2026-05-07 14:07:59,134 | INFO | AuthAPI | Payload -> {'email': 'raghu1@gmail.com', 'password': 'raghu1'}
2026-05-07 14:07:59,138 | INFO | AuthAPI | POST Request -> https://practice.expandtesting.com/notes/api/users/login
2026-05-07 14:07:59,138 | INFO | AuthAPI | Payload -> {'email': '', 'password': ''}
2026-05-07 14:07:59,139 | INFO | AuthAPI | POST Request -> https://practice.expandtesting.com/notes/api/users/login
2026-05-07 14:07:59,139 | INFO | AuthAPI | Payload -> {'email': 'raghu1@gmail.com', 'password': 'raghu1'}
2026-05-07 14:08:00,600 | INFO | AuthAPI | Response Status -> 400
2026-05-07 14:08:00,603 | INFO | AuthAPI | POST Request -> https://practice.expandtesting.com/notes/api/users/login
2026-05-07 14:08:00,603 | INFO | AuthAPI | Payload -> {'email': 'raghu1@gmail.com', 'password': 'raghu1'}
2026-05-07 14:08:00,953 | INFO | AuthAPI | Response Status -> 200
2026-05-07 14:08:00,955 | INFO | NotesAPI | POST Request -> https://practice.expandtesting.com/notes/api/notes
2026-05-07 14:08:00,956 | INFO | NotesAPI | Payload -> {'title': 'DELETE-a2d661d3-1642-468e-bbb7-91ea58e5b9f0', 'description': 'Delete Description', 'category': 'Work'}
2026-05-07 14:08:02,127 | INFO | AuthAPI | Response Status -> 200
2026-05-07 14:08:02,133 | INFO | AuthAPI | POST Request -> https://practice.expandtesting.com/notes/api/users/login
2026-05-07 14:08:02,133 | INFO | AuthAPI | Payload -> {'email': 'wrong@test.com', 'password': 'wrongpass'}
2026-05-07 14:08:04,254 | INFO | AuthAPI | Response Status -> 200
2026-05-07 14:08:04,260 | INFO | NotesAPI | POST Request -> https://practice.expandtesting.com/notes/api/notes
2026-05-07 14:08:04,260 | INFO | NotesAPI | Payload -> {'title': 'API-9f6500ac-0783-490c-b5f4-98c836b8f9af', 'description': 'API Automation Description', 'category': 'Home'}
2026-05-07 14:08:04,612 | INFO | NotesAPI | Response Status -> 200
2026-05-07 14:08:04,613 | INFO | NotesAPI | DELETE Request -> https://practice.expandtesting.com/notes/api/notes/69fc4f6c81124e02985ca947
2026-05-07 14:08:04,621 | INFO | NotesAPI | GET Request -> https://practice.expandtesting.com/notes/api/notes
2026-05-07 14:08:08,621 | INFO | NotesAPI | Response Status -> 401
2026-05-07 14:08:08,630 | INFO | AuthAPI | POST Request -> https://practice.expandtesting.com/notes/api/users/login
2026-05-07 14:08:08,630 | INFO | AuthAPI | Payload -> {'email': 'raghu1@gmail.com', 'password': 'raghu1'}
2026-05-07 14:08:09,500 | INFO | NotesAPI | Response Status -> 200
2026-05-07 14:08:09,509 | INFO | AuthAPI | POST Request -> https://practice.expandtesting.com/notes/api/users/login
2026-05-07 14:08:09,510 | INFO | AuthAPI | Payload -> {'email': 'raghu1@gmail.com', 'password': 'raghu1'}
2026-05-07 14:08:09,788 | INFO | NotesAPI | Response Status -> 200
2026-05-07 14:08:09,789 | INFO | NotesAPI | GET Request -> https://practice.expandtesting.com/notes/api/notes
2026-05-07 14:08:11,863 | INFO | AuthAPI | Response Status -> 200
2026-05-07 14:08:11,866 | INFO | NotesAPI | DELETE Request -> https://practice.expandtesting.com/notes/api/notes/123456789
2026-05-07 14:08:14,778 | INFO | AuthAPI | Response Status -> 200
2026-05-07 14:08:14,784 | INFO | NotesAPI | GET Request -> https://practice.expandtesting.com/notes/api/notes
2026-05-07 14:08:15,234 | INFO | NotesAPI | Response Status -> 200
2026-05-07 14:08:15,246 | INFO | AuthAPI | POST Request -> https://practice.expandtesting.com/notes/api/users/login
2026-05-07 14:08:15,246 | INFO | AuthAPI | Payload -> {'email': 'raghu1@gmail.com', 'password': 'raghu1'}
2026-05-07 14:08:15,339 | INFO | NotesAPI | Response Status -> 400
2026-05-07 14:08:15,349 | INFO | AuthAPI | POST Request -> https://practice.expandtesting.com/notes/api/users/login
2026-05-07 14:08:15,350 | INFO | AuthAPI | Payload -> {'email': 'raghu1@gmail.com', 'password': 'raghu1'}
2026-05-07 14:08:21,806 | INFO | AuthAPI | Response Status -> 200
2026-05-07 14:08:21,810 | INFO | test_get_notes | Starting test_get_all_notes
2026-05-07 14:08:21,810 | INFO | NotesAPI | GET Request -> https://practice.expandtesting.com/notes/api/notes
2026-05-07 14:08:24,375 | INFO | AuthAPI | Response Status -> 200
2026-05-07 14:08:24,378 | INFO | NotesAPI | POST Request -> https://practice.expandtesting.com/notes/api/notes
2026-05-07 14:08:24,378 | INFO | NotesAPI | Payload -> {'title': '', 'description': 'Description', 'category': 'Home'}
2026-05-07 14:08:24,988 | INFO | NotesAPI | Response Status -> 200
2026-05-07 14:08:25,071 | INFO | AuthAPI | POST Request -> https://practice.expandtesting.com/notes/api/users/login
2026-05-07 14:08:25,072 | INFO | AuthAPI | Payload -> {'email': 'raghu1@gmail.com', 'password': 'raghu1'}
2026-05-07 14:08:26,866 | INFO | NotesAPI | Response Status -> 400
2026-05-07 14:08:26,873 | INFO | conftest | Launching Chrome browser
2026-05-07 14:08:26,888 | INFO | conftest | Selenium Grid detected
2026-05-07 14:08:26,888 | INFO | conftest | Running tests on Selenium Grid
2026-05-07 14:08:27,392 | INFO | NotesAPI | Response Status -> 200
2026-05-07 14:08:27,392 | INFO | test_get_notes | Response received: 200
2026-05-07 14:08:27,392 | INFO | test_get_notes | test_get_all_notes PASSED
2026-05-07 14:08:27,395 | INFO | conftest | Launching Chrome browser
2026-05-07 14:08:27,408 | INFO | conftest | Selenium Grid detected
2026-05-07 14:08:27,408 | INFO | conftest | Running tests on Selenium Grid
2026-05-07 14:08:28,026 | INFO | conftest | Performing login fixture setup
2026-05-07 14:08:28,027 | INFO | conftest | Performing login fixture setup
2026-05-07 14:08:29,742 | INFO | AuthAPI | Response Status -> 200
2026-05-07 14:08:29,747 | INFO | NotesAPI | POST Request -> https://practice.expandtesting.com/notes/api/notes
2026-05-07 14:08:29,747 | INFO | NotesAPI | Payload -> {'title': 'Title', 'description': '', 'category': 'Home'}
2026-05-07 14:08:33,862 | INFO | NotesAPI | Response Status -> 400
2026-05-07 14:08:33,870 | INFO | conftest | Launching Chrome browser
2026-05-07 14:08:33,899 | INFO | conftest | Selenium Grid detected
2026-05-07 14:08:33,900 | INFO | conftest | Running tests on Selenium Grid
2026-05-07 14:08:34,436 | INFO | conftest | Performing login fixture setup
2026-05-07 14:08:44,882 | INFO | LoginPage | Attempting login with email: raghu1@gmail.com
2026-05-07 14:08:44,882 | INFO | LoginPage | Typing 'raghu1@gmail.com' into element: ('id', 'email')
2026-05-07 14:08:45,084 | INFO | LoginPage | Typing 'raghu1' into element: ('id', 'password')
2026-05-07 14:08:45,537 | INFO | LoginPage | Login button clicked
2026-05-07 14:08:45,538 | INFO | conftest | Login fixture completed
2026-05-07 14:08:45,540 | INFO | AuthAPI | POST Request -> https://practice.expandtesting.com/notes/api/users/login
2026-05-07 14:08:45,540 | INFO | AuthAPI | Payload -> {'email': 'raghu1@gmail.com', 'password': 'raghu1'}
2026-05-07 14:08:46,666 | INFO | LoginPage | Attempting login with email: raghu1@gmail.com
2026-05-07 14:08:46,666 | INFO | LoginPage | Typing 'raghu1@gmail.com' into element: ('id', 'email')
2026-05-07 14:08:46,912 | INFO | LoginPage | Typing 'raghu1' into element: ('id', 'password')
2026-05-07 14:08:47,369 | INFO | LoginPage | Login button clicked
2026-05-07 14:08:47,369 | INFO | conftest | Login fixture completed
2026-05-07 14:08:47,371 | INFO | AuthAPI | POST Request -> https://practice.expandtesting.com/notes/api/users/login
2026-05-07 14:08:47,371 | INFO | AuthAPI | Payload -> {'email': 'raghu1@gmail.com', 'password': 'raghu1'}
2026-05-07 14:08:50,374 | INFO | LoginPage | Attempting login with email: raghu1@gmail.com
2026-05-07 14:08:50,375 | INFO | LoginPage | Typing 'raghu1@gmail.com' into element: ('id', 'email')
2026-05-07 14:08:50,633 | INFO | LoginPage | Typing 'raghu1' into element: ('id', 'password')
2026-05-07 14:08:51,042 | INFO | LoginPage | Login button clicked
2026-05-07 14:08:51,043 | INFO | conftest | Login fixture completed
2026-05-07 14:08:51,045 | INFO | NotesPage | Creating note | Title: Automation-8ac49240-461b-4720-bb94-65d7abb0a389
2026-05-07 14:08:51,045 | INFO | NotesPage | Clicking Add Note button
2026-05-07 14:08:51,618 | INFO | AuthAPI | Response Status -> 200
2026-05-07 14:08:51,624 | INFO | test_ui_to_api_validation | STARTING E2E TEST: UI -> API
2026-05-07 14:08:51,625 | INFO | test_ui_to_api_validation | Creating note from UI | Title: E2E-88ec62a2-d1e5-4e5c-9ead-02c5b1a03e24
2026-05-07 14:08:51,625 | INFO | NotesPage | Creating note | Title: E2E-88ec62a2-d1e5-4e5c-9ead-02c5b1a03e24
2026-05-07 14:08:51,625 | INFO | NotesPage | Clicking Add Note button
2026-05-07 14:08:51,952 | INFO | NotesPage | Entering title: E2E-88ec62a2-d1e5-4e5c-9ead-02c5b1a03e24
2026-05-07 14:08:51,952 | INFO | NotesPage | Typing 'E2E-88ec62a2-d1e5-4e5c-9ead-02c5b1a03e24' into element: ('id', 'title')
2026-05-07 14:08:52,196 | INFO | NotesPage | Entering description
2026-05-07 14:08:52,196 | INFO | NotesPage | Typing 'Hybrid UI API Validation' into element: ('id', 'description')
2026-05-07 14:08:52,411 | INFO | NotesPage | Selecting category: Home
2026-05-07 14:08:52,641 | INFO | NotesPage | Clicking Create button
2026-05-07 14:08:52,932 | INFO | NotesPage | Checking if note exists: E2E-88ec62a2-d1e5-4e5c-9ead-02c5b1a03e24
2026-05-07 14:08:54,071 | INFO | AuthAPI | Response Status -> 200
2026-05-07 14:08:54,077 | INFO | test_api_to_ui_validation | STARTING E2E TEST: API -> UI
2026-05-07 14:08:54,077 | INFO | test_api_to_ui_validation | Creating note via UI | Title: DELETE-98d99f0a-c22e-41d9-bd36-a5edaf60c6c2
2026-05-07 14:08:54,077 | INFO | NotesPage | Creating note | Title: DELETE-98d99f0a-c22e-41d9-bd36-a5edaf60c6c2
2026-05-07 14:08:54,077 | INFO | NotesPage | Clicking Add Note button
2026-05-07 14:08:55,015 | WARNING | NotesPage | Note NOT found: E2E-88ec62a2-d1e5-4e5c-9ead-02c5b1a03e24
2026-05-07 14:08:55,520 | INFO | NotesPage | Checking if note exists: E2E-88ec62a2-d1e5-4e5c-9ead-02c5b1a03e24
2026-05-07 14:08:57,427 | INFO | NotesPage | Entering title: Automation-8ac49240-461b-4720-bb94-65d7abb0a389
2026-05-07 14:08:57,427 | INFO | NotesPage | Typing 'Automation-8ac49240-461b-4720-bb94-65d7abb0a389' into element: ('id', 'title')
2026-05-07 14:08:57,438 | INFO | NotesPage | Entering title: DELETE-98d99f0a-c22e-41d9-bd36-a5edaf60c6c2
2026-05-07 14:08:57,439 | INFO | NotesPage | Typing 'DELETE-98d99f0a-c22e-41d9-bd36-a5edaf60c6c2' into element: ('id', 'title')
2026-05-07 14:08:57,698 | INFO | NotesPage | Entering description
2026-05-07 14:08:57,699 | INFO | NotesPage | Typing 'Delete validation' into element: ('id', 'description')
2026-05-07 14:08:57,704 | INFO | NotesPage | Entering description
2026-05-07 14:08:57,704 | INFO | NotesPage | Typing 'This is automation testing' into element: ('id', 'description')
2026-05-07 14:08:57,907 | INFO | NotesPage | Selecting category: Work
2026-05-07 14:08:57,927 | INFO | NotesPage | Selecting category: Home
2026-05-07 14:08:58,173 | INFO | NotesPage | Clicking Create button
2026-05-07 14:08:58,258 | INFO | NotesPage | Clicking Create button
2026-05-07 14:08:58,453 | INFO | NotesPage | Checking if note exists: Automation-8ac49240-461b-4720-bb94-65d7abb0a389
2026-05-07 14:08:58,472 | INFO | NotesPage | Checking if note exists: DELETE-98d99f0a-c22e-41d9-bd36-a5edaf60c6c2
2026-05-07 14:09:02,488 | WARNING | NotesPage | Stale element detected. Retrying...
2026-05-07 14:09:04,426 | INFO | NotesPage | Note created successfully | Title: E2E-88ec62a2-d1e5-4e5c-9ead-02c5b1a03e24
2026-05-07 14:09:04,426 | INFO | test_ui_to_api_validation | Note creation completed
2026-05-07 14:09:04,426 | INFO | NotesPage | Checking if note exists: E2E-88ec62a2-d1e5-4e5c-9ead-02c5b1a03e24
2026-05-07 14:09:06,210 | INFO | NotesPage | Note found: E2E-88ec62a2-d1e5-4e5c-9ead-02c5b1a03e24
2026-05-07 14:09:06,210 | INFO | test_ui_to_api_validation | Note visible in UI successfully
2026-05-07 14:09:06,210 | INFO | test_ui_to_api_validation | Calling GET /notes API
2026-05-07 14:09:06,211 | INFO | NotesAPI | GET Request -> https://practice.expandtesting.com/notes/api/notes
2026-05-07 14:09:06,408 | WARNING | NotesPage | Stale element detected. Retrying...
2026-05-07 14:09:06,413 | WARNING | NotesPage | Stale element detected. Retrying...
2026-05-07 14:09:08,364 | INFO | NotesPage | Note created successfully | Title: Automation-8ac49240-461b-4720-bb94-65d7abb0a389
2026-05-07 14:09:08,365 | INFO | NotesPage | Checking if note exists: Automation-8ac49240-461b-4720-bb94-65d7abb0a389
2026-05-07 14:09:08,367 | INFO | NotesPage | Note created successfully | Title: DELETE-98d99f0a-c22e-41d9-bd36-a5edaf60c6c2
2026-05-07 14:09:08,367 | INFO | test_api_to_ui_validation | Note created successfully
2026-05-07 14:09:08,367 | INFO | NotesPage | Checking if note exists: DELETE-98d99f0a-c22e-41d9-bd36-a5edaf60c6c2
2026-05-07 14:09:09,161 | INFO | NotesAPI | Response Status -> 200
2026-05-07 14:09:09,162 | INFO | test_ui_to_api_validation | API Response Status: 200
2026-05-07 14:09:09,164 | INFO | test_ui_to_api_validation | API Response Time: 2.948414
2026-05-07 14:09:09,579 | INFO | conftest | Closing browser
2026-05-07 14:09:09,665 | INFO | conftest | Launching Chrome browser
2026-05-07 14:09:09,697 | INFO | conftest | Selenium Grid detected
2026-05-07 14:09:09,697 | INFO | conftest | Running tests on Selenium Grid
2026-05-07 14:09:10,214 | INFO | conftest | Performing login fixture setup
2026-05-07 14:09:10,284 | INFO | NotesPage | Note found: Automation-8ac49240-461b-4720-bb94-65d7abb0a389
2026-05-07 14:09:10,284 | INFO | NotesPage | Note found: DELETE-98d99f0a-c22e-41d9-bd36-a5edaf60c6c2
2026-05-07 14:09:10,284 | INFO | test_api_to_ui_validation | Note created and visible in UI
2026-05-07 14:09:10,285 | INFO | NotesAPI | GET Request -> https://practice.expandtesting.com/notes/api/notes
2026-05-07 14:09:10,286 | INFO | conftest | Closing browser
2026-05-07 14:09:10,371 | INFO | conftest | Launching Chrome browser
2026-05-07 14:09:10,403 | INFO | conftest | Selenium Grid detected
2026-05-07 14:09:10,403 | INFO | conftest | Running tests on Selenium Grid
2026-05-07 14:09:11,656 | INFO | NotesAPI | Response Status -> 200
2026-05-07 14:09:11,656 | INFO | test_api_to_ui_validation | GET Notes Status: 200
2026-05-07 14:09:11,659 | INFO | test_api_to_ui_validation | Located Note ID: 69fc4fa381124e02985ca9b7
2026-05-07 14:09:11,659 | INFO | test_api_to_ui_validation | Deleting note via API | ID: 69fc4fa381124e02985ca9b7
2026-05-07 14:09:11,659 | INFO | NotesAPI | DELETE Request -> https://practice.expandtesting.com/notes/api/notes/69fc4fa381124e02985ca9b7
2026-05-07 14:09:15,208 | INFO | NotesAPI | Response Status -> 200
2026-05-07 14:09:15,208 | INFO | test_api_to_ui_validation | Delete Status: 200
2026-05-07 14:09:15,209 | INFO | test_api_to_ui_validation | Refreshing UI page
2026-05-07 14:09:15,209 | INFO | NotesPage | Refreshing browser page
2026-05-07 14:09:17,310 | INFO | LoginPage | Attempting login with email: raghu1@gmail.com
2026-05-07 14:09:17,310 | INFO | LoginPage | Typing 'raghu1@gmail.com' into element: ('id', 'email')
2026-05-07 14:09:17,503 | INFO | LoginPage | Typing 'raghu1' into element: ('id', 'password')
2026-05-07 14:09:17,979 | INFO | LoginPage | Login button clicked
2026-05-07 14:09:17,979 | INFO | conftest | Login fixture completed
2026-05-07 14:09:17,982 | INFO | NotesPage | Creating note | Title: Instant-204c37fd-bc18-409b-9ceb-2c47d3e5b834
2026-05-07 14:09:17,982 | INFO | NotesPage | Clicking Add Note button
2026-05-07 14:09:22,139 | INFO | LoginPage | Attempting login with email: wrong@test.com
2026-05-07 14:09:22,139 | INFO | LoginPage | Typing 'wrong@test.com' into element: ('id', 'email')
2026-05-07 14:09:22,371 | INFO | LoginPage | Typing 'Password123' into element: ('id', 'password')
2026-05-07 14:09:22,844 | INFO | LoginPage | Login button clicked
2026-05-07 14:09:26,976 | INFO | conftest | Closing browser
2026-05-07 14:09:27,059 | INFO | conftest | Launching Chrome browser
2026-05-07 14:09:27,088 | INFO | conftest | Selenium Grid detected
2026-05-07 14:09:27,088 | INFO | conftest | Running tests on Selenium Grid
2026-05-07 14:09:28,799 | INFO | conftest | Closing browser
2026-05-07 14:09:28,894 | INFO | conftest | Launching Chrome browser
2026-05-07 14:09:28,907 | INFO | conftest | Selenium Grid detected
2026-05-07 14:09:28,907 | INFO | conftest | Running tests on Selenium Grid
2026-05-07 14:09:30,470 | INFO | NotesPage | Checking if note exists: DELETE-98d99f0a-c22e-41d9-bd36-a5edaf60c6c2
2026-05-07 14:09:32,419 | WARNING | NotesPage | Note NOT found: DELETE-98d99f0a-c22e-41d9-bd36-a5edaf60c6c2
2026-05-07 14:09:32,419 | INFO | test_api_to_ui_validation | Deleted note removed from UI successfully
2026-05-07 14:09:32,420 | INFO | test_api_to_ui_validation | E2E API -> UI validation PASSED
2026-05-07 14:09:32,426 | INFO | conftest | Closing browser
2026-05-07 14:09:32,513 | INFO | conftest | Launching Chrome browser
2026-05-07 14:09:32,538 | INFO | conftest | Selenium Grid detected
2026-05-07 14:09:32,539 | INFO | conftest | Running tests on Selenium Grid
2026-05-07 14:09:41,923 | INFO | LoginPage | Attempting login with email: 
2026-05-07 14:09:41,924 | INFO | LoginPage | Typing '' into element: ('id', 'email')
2026-05-07 14:09:42,104 | INFO | LoginPage | Typing '' into element: ('id', 'password')
2026-05-07 14:09:42,501 | INFO | LoginPage | Login button clicked
2026-05-07 14:09:43,545 | INFO | LoginPage | Attempting login with email: 
2026-05-07 14:09:43,545 | INFO | LoginPage | Typing '' into element: ('id', 'email')
2026-05-07 14:09:43,718 | INFO | LoginPage | Typing 'Password123' into element: ('id', 'password')
2026-05-07 14:09:44,138 | INFO | LoginPage | Login button clicked
2026-05-07 14:09:46,615 | INFO | LoginPage | Attempting login with email: raghu1@gmail.com
2026-05-07 14:09:46,615 | INFO | LoginPage | Typing 'raghu1@gmail.com' into element: ('id', 'email')
2026-05-07 14:09:46,826 | INFO | LoginPage | Typing 'raghu1' into element: ('id', 'password')
2026-05-07 14:09:47,223 | INFO | LoginPage | Login button clicked
2026-05-07 14:09:47,223 | INFO | LoginPage | Validating login success
2026-05-07 14:09:47,631 | INFO | conftest | Closing browser
2026-05-07 14:09:47,708 | INFO | conftest | Launching Chrome browser
2026-05-07 14:09:47,729 | INFO | conftest | Selenium Grid detected
2026-05-07 14:09:47,729 | INFO | conftest | Running tests on Selenium Grid
2026-05-07 14:09:48,016 | INFO | conftest | Performing login fixture setup
2026-05-07 14:09:49,234 | INFO | conftest | Closing browser
2026-05-07 14:09:49,318 | INFO | conftest | Launching Chrome browser
2026-05-07 14:09:49,325 | INFO | conftest | Selenium Grid detected
2026-05-07 14:09:49,325 | INFO | conftest | Running tests on Selenium Grid
2026-05-07 14:09:49,575 | INFO | conftest | Performing login fixture setup
2026-05-07 14:09:49,946 | INFO | conftest | Closing browser
2026-05-07 14:09:59,590 | INFO | LoginPage | Attempting login with email: raghu1@gmail.com
2026-05-07 14:09:59,590 | INFO | LoginPage | Typing 'raghu1@gmail.com' into element: ('id', 'email')
2026-05-07 14:09:59,785 | INFO | LoginPage | Typing 'raghu1' into element: ('id', 'password')
2026-05-07 14:10:00,162 | INFO | LoginPage | Login button clicked
2026-05-07 14:10:00,162 | INFO | conftest | Login fixture completed
2026-05-07 14:10:00,163 | INFO | NotesPage | Clicking Add Note button
2026-05-07 14:10:06,024 | INFO | NotesPage | Entering description
2026-05-07 14:10:06,024 | INFO | NotesPage | Typing 'Missing title' into element: ('id', 'description')
2026-05-07 14:10:06,196 | INFO | NotesPage | Selecting category: Home
2026-05-07 14:10:06,414 | INFO | NotesPage | Clicking Create button
2026-05-07 14:10:06,648 | INFO | NotesPage | Fetching validation errors
2026-05-07 14:10:06,751 | INFO | conftest | Closing browser
2026-05-07 14:10:07,993 | INFO | LoginPage | Attempting login with email: raghu1@gmail.com
2026-05-07 14:10:07,993 | INFO | LoginPage | Typing 'raghu1@gmail.com' into element: ('id', 'email')
2026-05-07 14:10:08,196 | INFO | LoginPage | Typing 'raghu1' into element: ('id', 'password')
2026-05-07 14:10:08,555 | INFO | LoginPage | Login button clicked
2026-05-07 14:10:08,555 | INFO | conftest | Login fixture completed
2026-05-07 14:10:08,556 | INFO | NotesPage | Clicking Add Note button
2026-05-07 14:10:19,337 | INFO | conftest | Closing browser
2026-05-07 14:12:37,684 | INFO | AuthAPI | POST Request -> https://practice.expandtesting.com/notes/api/users/login
2026-05-07 14:12:37,684 | INFO | AuthAPI | Payload -> {'email': 'raghu1@gmail.com', 'password': 'raghu1'}
2026-05-07 14:12:37,685 | INFO | AuthAPI | POST Request -> https://practice.expandtesting.com/notes/api/users/login
2026-05-07 14:12:37,685 | INFO | AuthAPI | Payload -> {'email': '', 'password': ''}
2026-05-07 14:12:37,688 | INFO | AuthAPI | POST Request -> https://practice.expandtesting.com/notes/api/users/login
2026-05-07 14:12:37,688 | INFO | AuthAPI | Payload -> {'email': 'raghu1@gmail.com', 'password': 'raghu1'}
2026-05-07 14:12:37,689 | INFO | AuthAPI | POST Request -> https://practice.expandtesting.com/notes/api/users/login
2026-05-07 14:12:37,689 | INFO | AuthAPI | Payload -> {'email': 'raghu1@gmail.com', 'password': 'raghu1'}
2026-05-07 14:12:39,562 | INFO | AuthAPI | Response Status -> 400
2026-05-07 14:12:39,567 | INFO | AuthAPI | POST Request -> https://practice.expandtesting.com/notes/api/users/login
2026-05-07 14:12:39,568 | INFO | AuthAPI | Payload -> {'email': 'raghu1@gmail.com', 'password': 'raghu1'}
2026-05-07 14:12:43,956 | INFO | AuthAPI | Response Status -> 200
2026-05-07 14:12:43,960 | INFO | NotesAPI | POST Request -> https://practice.expandtesting.com/notes/api/notes
2026-05-07 14:12:43,960 | INFO | NotesAPI | Payload -> {'title': 'DELETE-37b83b8c-f12e-4080-ad50-05a3f80e462d', 'description': 'Delete Description', 'category': 'Work'}
2026-05-07 14:12:44,041 | INFO | AuthAPI | Response Status -> 200
2026-05-07 14:12:44,042 | INFO | AuthAPI | Response Status -> 200
2026-05-07 14:12:44,044 | INFO | AuthAPI | POST Request -> https://practice.expandtesting.com/notes/api/users/login
2026-05-07 14:12:44,044 | INFO | AuthAPI | Payload -> {'email': 'wrong@test.com', 'password': 'wrongpass'}
2026-05-07 14:12:44,044 | INFO | NotesAPI | GET Request -> https://practice.expandtesting.com/notes/api/notes
2026-05-07 14:12:48,843 | INFO | AuthAPI | Response Status -> 200
2026-05-07 14:12:48,848 | INFO | NotesAPI | POST Request -> https://practice.expandtesting.com/notes/api/notes
2026-05-07 14:12:48,849 | INFO | NotesAPI | Payload -> {'title': 'API-33f27b5e-27ec-4244-b23b-7998aed427b2', 'description': 'API Automation Description', 'category': 'Home'}
2026-05-07 14:12:49,562 | INFO | AuthAPI | Response Status -> 401
2026-05-07 14:12:49,573 | INFO | AuthAPI | POST Request -> https://practice.expandtesting.com/notes/api/users/login
2026-05-07 14:12:49,573 | INFO | AuthAPI | Payload -> {'email': 'raghu1@gmail.com', 'password': 'raghu1'}
2026-05-07 14:12:52,024 | INFO | NotesAPI | Response Status -> 200
2026-05-07 14:12:52,025 | INFO | NotesAPI | DELETE Request -> https://practice.expandtesting.com/notes/api/notes/69fc508b81124e02985cabb8
2026-05-07 14:12:56,632 | INFO | NotesAPI | Response Status -> 200
2026-05-07 14:12:56,760 | INFO | AuthAPI | Response Status -> 200
2026-05-07 14:12:56,765 | INFO | NotesAPI | POST Request -> https://practice.expandtesting.com/notes/api/notes
2026-05-07 14:12:56,765 | INFO | NotesAPI | Payload -> {'title': '', 'description': 'Description', 'category': 'Home'}
2026-05-07 14:12:56,867 | INFO | NotesAPI | Response Status -> 200
2026-05-07 14:12:56,875 | INFO | AuthAPI | POST Request -> https://practice.expandtesting.com/notes/api/users/login
2026-05-07 14:12:56,876 | INFO | AuthAPI | Payload -> {'email': 'raghu1@gmail.com', 'password': 'raghu1'}
2026-05-07 14:12:57,032 | INFO | NotesAPI | GET Request -> https://practice.expandtesting.com/notes/api/notes
2026-05-07 14:12:58,357 | INFO | NotesAPI | Response Status -> 200
2026-05-07 14:12:58,358 | INFO | NotesAPI | GET Request -> https://practice.expandtesting.com/notes/api/notes
2026-05-07 14:12:58,870 | INFO | NotesAPI | Response Status -> 400
2026-05-07 14:12:58,879 | INFO | AuthAPI | POST Request -> https://practice.expandtesting.com/notes/api/users/login
2026-05-07 14:12:58,880 | INFO | AuthAPI | Payload -> {'email': 'raghu1@gmail.com', 'password': 'raghu1'}
2026-05-07 14:13:01,576 | INFO | AuthAPI | Response Status -> 200
2026-05-07 14:13:01,582 | INFO | NotesAPI | DELETE Request -> https://practice.expandtesting.com/notes/api/notes/123456789
2026-05-07 14:13:02,975 | INFO | NotesAPI | Response Status -> 401
2026-05-07 14:13:02,983 | INFO | conftest | Launching Chrome browser
2026-05-07 14:13:03,007 | INFO | conftest | Selenium Grid detected
2026-05-07 14:13:03,007 | INFO | conftest | Running tests on Selenium Grid
2026-05-07 14:13:03,306 | INFO | conftest | Performing login fixture setup
2026-05-07 14:13:09,636 | INFO | AuthAPI | Response Status -> 200
2026-05-07 14:13:09,640 | INFO | NotesAPI | POST Request -> https://practice.expandtesting.com/notes/api/notes
2026-05-07 14:13:09,640 | INFO | NotesAPI | Payload -> {'title': 'Title', 'description': '', 'category': 'Home'}
2026-05-07 14:13:10,374 | INFO | NotesAPI | Response Status -> 400
2026-05-07 14:13:10,382 | INFO | conftest | Launching Chrome browser
2026-05-07 14:13:10,402 | INFO | conftest | Selenium Grid detected
2026-05-07 14:13:10,402 | INFO | conftest | Running tests on Selenium Grid
2026-05-07 14:13:10,662 | INFO | conftest | Performing login fixture setup
2026-05-07 14:13:11,161 | INFO | NotesAPI | Response Status -> 200
2026-05-07 14:13:11,178 | INFO | AuthAPI | POST Request -> https://practice.expandtesting.com/notes/api/users/login
2026-05-07 14:13:11,178 | INFO | AuthAPI | Payload -> {'email': 'raghu1@gmail.com', 'password': 'raghu1'}
2026-05-07 14:13:12,996 | INFO | NotesAPI | Response Status -> 400
2026-05-07 14:13:13,004 | INFO | conftest | Launching Chrome browser
2026-05-07 14:13:13,026 | INFO | conftest | Selenium Grid detected
2026-05-07 14:13:13,026 | INFO | conftest | Running tests on Selenium Grid
2026-05-07 14:13:13,321 | INFO | conftest | Performing login fixture setup
2026-05-07 14:13:15,970 | INFO | AuthAPI | Response Status -> 200
2026-05-07 14:13:15,975 | INFO | test_get_notes | Starting test_get_all_notes
2026-05-07 14:13:15,976 | INFO | NotesAPI | GET Request -> https://practice.expandtesting.com/notes/api/notes
2026-05-07 14:13:27,928 | INFO | NotesAPI | Response Status -> 200
2026-05-07 14:13:27,928 | INFO | test_get_notes | Response received: 200
2026-05-07 14:13:27,929 | INFO | test_get_notes | test_get_all_notes PASSED
2026-05-07 14:13:27,937 | INFO | conftest | Launching Chrome browser
2026-05-07 14:13:27,956 | INFO | conftest | Selenium Grid detected
2026-05-07 14:13:27,956 | INFO | conftest | Running tests on Selenium Grid
2026-05-07 14:13:28,746 | INFO | LoginPage | Attempting login with email: raghu1@gmail.com
2026-05-07 14:13:28,746 | INFO | LoginPage | Typing 'raghu1@gmail.com' into element: ('id', 'email')
2026-05-07 14:13:28,939 | INFO | LoginPage | Typing 'raghu1' into element: ('id', 'password')
2026-05-07 14:13:29,375 | INFO | LoginPage | Login button clicked
2026-05-07 14:13:29,392 | INFO | conftest | Login fixture completed
2026-05-07 14:13:29,393 | INFO | AuthAPI | POST Request -> https://practice.expandtesting.com/notes/api/users/login
2026-05-07 14:13:29,393 | INFO | AuthAPI | Payload -> {'email': 'raghu1@gmail.com', 'password': 'raghu1'}
2026-05-07 14:13:34,217 | INFO | LoginPage | Attempting login with email: raghu1@gmail.com
2026-05-07 14:13:34,217 | INFO | LoginPage | Typing 'raghu1@gmail.com' into element: ('id', 'email')
2026-05-07 14:13:34,452 | INFO | LoginPage | Typing 'raghu1' into element: ('id', 'password')
2026-05-07 14:13:34,885 | INFO | LoginPage | Login button clicked
2026-05-07 14:13:34,901 | INFO | conftest | Login fixture completed
2026-05-07 14:13:34,903 | INFO | AuthAPI | POST Request -> https://practice.expandtesting.com/notes/api/users/login
2026-05-07 14:13:34,903 | INFO | AuthAPI | Payload -> {'email': 'raghu1@gmail.com', 'password': 'raghu1'}
2026-05-07 14:13:36,772 | INFO | AuthAPI | Response Status -> 200
2026-05-07 14:13:36,776 | INFO | test_ui_to_api_validation | STARTING E2E TEST: UI -> API
2026-05-07 14:13:36,776 | INFO | test_ui_to_api_validation | Creating note from UI | Title: E2E-00635d47-c891-472e-bdff-2d548557c74b
2026-05-07 14:13:36,776 | INFO | NotesPage | Creating note | Title: E2E-00635d47-c891-472e-bdff-2d548557c74b
2026-05-07 14:13:36,776 | INFO | NotesPage | Clicking Add Note button
2026-05-07 14:13:37,242 | INFO | LoginPage | Attempting login with email: raghu1@gmail.com
2026-05-07 14:13:37,243 | INFO | LoginPage | Typing 'raghu1@gmail.com' into element: ('id', 'email')
2026-05-07 14:13:37,469 | INFO | LoginPage | Typing 'raghu1' into element: ('id', 'password')
2026-05-07 14:13:37,933 | INFO | LoginPage | Login button clicked
2026-05-07 14:13:37,934 | INFO | conftest | Login fixture completed
2026-05-07 14:13:37,935 | INFO | NotesPage | Creating note | Title: Automation-557c84a8-0c2b-4daa-858a-aa4e015b94d8
2026-05-07 14:13:37,935 | INFO | NotesPage | Clicking Add Note button
2026-05-07 14:13:42,295 | INFO | AuthAPI | Response Status -> 200
2026-05-07 14:13:42,300 | INFO | test_api_to_ui_validation | STARTING E2E TEST: API -> UI
2026-05-07 14:13:42,300 | INFO | test_api_to_ui_validation | Creating note via UI | Title: DELETE-8dba6d4a-4deb-4f3b-a352-61a9c91c026b
2026-05-07 14:13:42,300 | INFO | NotesPage | Creating note | Title: DELETE-8dba6d4a-4deb-4f3b-a352-61a9c91c026b
2026-05-07 14:13:42,300 | INFO | NotesPage | Clicking Add Note button
2026-05-07 14:13:42,976 | INFO | NotesPage | Entering title: E2E-00635d47-c891-472e-bdff-2d548557c74b
2026-05-07 14:13:42,977 | INFO | NotesPage | Typing 'E2E-00635d47-c891-472e-bdff-2d548557c74b' into element: ('id', 'title')
2026-05-07 14:13:43,196 | INFO | NotesPage | Entering description
2026-05-07 14:13:43,197 | INFO | NotesPage | Typing 'Hybrid UI API Validation' into element: ('id', 'description')
2026-05-07 14:13:43,407 | INFO | NotesPage | Selecting category: Home
2026-05-07 14:13:43,659 | INFO | NotesPage | Clicking Create button
2026-05-07 14:13:43,964 | INFO | NotesPage | Checking if note exists: E2E-00635d47-c891-472e-bdff-2d548557c74b
2026-05-07 14:13:46,051 | WARNING | NotesPage | Note NOT found: E2E-00635d47-c891-472e-bdff-2d548557c74b
2026-05-07 14:13:46,552 | INFO | NotesPage | Checking if note exists: E2E-00635d47-c891-472e-bdff-2d548557c74b
2026-05-07 14:13:48,225 | WARNING | NotesPage | Note NOT found: E2E-00635d47-c891-472e-bdff-2d548557c74b
2026-05-07 14:13:48,725 | INFO | NotesPage | Checking if note exists: E2E-00635d47-c891-472e-bdff-2d548557c74b
2026-05-07 14:13:48,726 | INFO | LoginPage | Attempting login with email: wrong@test.com
2026-05-07 14:13:48,726 | INFO | LoginPage | Typing 'wrong@test.com' into element: ('id', 'email')
2026-05-07 14:13:48,835 | INFO | conftest | Closing browser
2026-05-07 14:13:48,913 | INFO | conftest | Launching Chrome browser
2026-05-07 14:13:48,920 | INFO | conftest | Selenium Grid detected
2026-05-07 14:13:48,920 | INFO | conftest | Running tests on Selenium Grid
2026-05-07 14:13:48,937 | INFO | LoginPage | Typing 'Password123' into element: ('id', 'password')
2026-05-07 14:13:49,337 | INFO | LoginPage | Login button clicked
2026-05-07 14:13:49,701 | INFO | NotesPage | Entering title: DELETE-8dba6d4a-4deb-4f3b-a352-61a9c91c026b
2026-05-07 14:13:49,701 | INFO | NotesPage | Typing 'DELETE-8dba6d4a-4deb-4f3b-a352-61a9c91c026b' into element: ('id', 'title')
2026-05-07 14:13:49,935 | INFO | NotesPage | Entering description
2026-05-07 14:13:49,935 | INFO | NotesPage | Typing 'Delete validation' into element: ('id', 'description')
2026-05-07 14:13:50,106 | INFO | NotesPage | Selecting category: Work
2026-05-07 14:13:50,408 | INFO | NotesPage | Clicking Create button
2026-05-07 14:13:50,551 | WARNING | NotesPage | Note NOT found: E2E-00635d47-c891-472e-bdff-2d548557c74b
2026-05-07 14:13:50,668 | INFO | NotesPage | Checking if note exists: DELETE-8dba6d4a-4deb-4f3b-a352-61a9c91c026b
2026-05-07 14:13:51,052 | INFO | NotesPage | Checking if note exists: E2E-00635d47-c891-472e-bdff-2d548557c74b
2026-05-07 14:13:52,301 | WARNING | NotesPage | Note NOT found: DELETE-8dba6d4a-4deb-4f3b-a352-61a9c91c026b
2026-05-07 14:13:52,342 | INFO | conftest | Closing browser
2026-05-07 14:13:52,420 | INFO | conftest | Launching Chrome browser
2026-05-07 14:13:52,437 | INFO | conftest | Selenium Grid detected
2026-05-07 14:13:52,437 | INFO | conftest | Running tests on Selenium Grid
2026-05-07 14:13:52,801 | INFO | NotesPage | Checking if note exists: DELETE-8dba6d4a-4deb-4f3b-a352-61a9c91c026b
2026-05-07 14:14:03,517 | WARNING | NotesPage | Stale element detected. Retrying...
2026-05-07 14:14:03,774 | INFO | LoginPage | Attempting login with email: 
2026-05-07 14:14:03,774 | INFO | LoginPage | Typing '' into element: ('id', 'email')
2026-05-07 14:14:03,962 | INFO | LoginPage | Typing 'Password123' into element: ('id', 'password')
2026-05-07 14:14:04,014 | WARNING | NotesPage | Stale element detected. Retrying...
2026-05-07 14:14:04,369 | INFO | LoginPage | Login button clicked
2026-05-07 14:14:08,744 | INFO | conftest | Closing browser
2026-05-07 14:14:08,827 | INFO | conftest | Launching Chrome browser
2026-05-07 14:14:08,838 | INFO | conftest | Selenium Grid detected
2026-05-07 14:14:08,838 | INFO | conftest | Running tests on Selenium Grid
2026-05-07 14:14:09,096 | INFO | conftest | Performing login fixture setup
2026-05-07 14:14:09,222 | INFO | conftest | Closing browser
2026-05-07 14:14:09,318 | INFO | conftest | Launching Chrome browser
2026-05-07 14:14:09,323 | INFO | conftest | Selenium Grid detected
2026-05-07 14:14:09,324 | INFO | conftest | Running tests on Selenium Grid
2026-05-07 14:14:09,497 | INFO | conftest | Closing browser
2026-05-07 14:14:09,580 | INFO | conftest | Launching Chrome browser
2026-05-07 14:14:09,586 | INFO | conftest | Selenium Grid detected
2026-05-07 14:14:09,586 | INFO | conftest | Running tests on Selenium Grid
2026-05-07 14:14:09,831 | INFO | conftest | Performing login fixture setup
2026-05-07 14:14:10,707 | INFO | LoginPage | Attempting login with email: 
2026-05-07 14:14:10,708 | INFO | LoginPage | Typing '' into element: ('id', 'email')
2026-05-07 14:14:10,868 | INFO | LoginPage | Typing '' into element: ('id', 'password')
2026-05-07 14:14:11,276 | INFO | LoginPage | Login button clicked
2026-05-07 14:14:16,337 | INFO | conftest | Closing browser
2026-05-07 14:14:16,415 | INFO | conftest | Launching Chrome browser
2026-05-07 14:14:16,434 | INFO | conftest | Selenium Grid detected
2026-05-07 14:14:16,434 | INFO | conftest | Running tests on Selenium Grid
2026-05-07 14:14:16,683 | INFO | conftest | Performing login fixture setup
2026-05-07 14:14:27,666 | INFO | LoginPage | Attempting login with email: raghu1@gmail.com
2026-05-07 14:14:27,666 | INFO | LoginPage | Typing 'raghu1@gmail.com' into element: ('id', 'email')
2026-05-07 14:14:27,869 | INFO | LoginPage | Typing 'raghu1' into element: ('id', 'password')
2026-05-07 14:14:28,021 | INFO | LoginPage | Attempting login with email: raghu1@gmail.com
2026-05-07 14:14:28,021 | INFO | LoginPage | Typing 'raghu1@gmail.com' into element: ('id', 'email')
2026-05-07 14:14:28,028 | INFO | LoginPage | Attempting login with email: raghu1@gmail.com
2026-05-07 14:14:28,029 | INFO | LoginPage | Typing 'raghu1@gmail.com' into element: ('id', 'email')
2026-05-07 14:14:28,252 | INFO | LoginPage | Typing 'raghu1' into element: ('id', 'password')
2026-05-07 14:14:28,256 | INFO | LoginPage | Typing 'raghu1' into element: ('id', 'password')
2026-05-07 14:14:28,310 | INFO | LoginPage | Login button clicked
2026-05-07 14:14:28,311 | INFO | LoginPage | Validating login success
2026-05-07 14:14:28,405 | INFO | LoginPage | Attempting login with email: raghu1@gmail.com
2026-05-07 14:14:28,406 | INFO | LoginPage | Typing 'raghu1@gmail.com' into element: ('id', 'email')
2026-05-07 14:14:28,619 | INFO | LoginPage | Typing 'raghu1' into element: ('id', 'password')
2026-05-07 14:14:28,692 | INFO | LoginPage | Login button clicked
2026-05-07 14:14:28,692 | INFO | conftest | Login fixture completed
2026-05-07 14:14:28,694 | INFO | NotesPage | Creating note | Title: Instant-d0f647f6-9af5-452f-89c0-10d3b4f9e579
2026-05-07 14:14:28,695 | INFO | NotesPage | Clicking Add Note button
2026-05-07 14:14:28,702 | INFO | LoginPage | Login button clicked
2026-05-07 14:14:28,702 | INFO | conftest | Login fixture completed
2026-05-07 14:14:28,703 | INFO | NotesPage | Clicking Add Note button
2026-05-07 14:14:29,040 | INFO | LoginPage | Login button clicked
2026-05-07 14:14:29,040 | INFO | conftest | Login fixture completed
2026-05-07 14:14:29,042 | INFO | NotesPage | Clicking Add Note button
2026-05-07 14:14:34,472 | INFO | conftest | Closing browser
2026-05-07 14:14:39,399 | INFO | conftest | Closing browser
2026-05-07 14:14:39,450 | INFO | conftest | Closing browser
2026-05-07 14:14:39,863 | INFO | conftest | Closing browser
2026-05-07 15:01:44,289 | INFO | AuthAPI | POST Request -> https://practice.expandtesting.com/notes/api/users/login
2026-05-07 15:01:44,289 | INFO | AuthAPI | Payload -> {'email': 'raghu1@gmail.com', 'password': 'raghu1'}
2026-05-07 15:01:51,493 | INFO | AuthAPI | Response Status -> 200
2026-05-07 15:01:51,499 | INFO | AuthAPI | POST Request -> https://practice.expandtesting.com/notes/api/users/login
2026-05-07 15:01:51,499 | INFO | AuthAPI | Payload -> {'email': 'wrong@test.com', 'password': 'wrongpass'}
2026-05-07 15:01:54,856 | INFO | AuthAPI | Response Status -> 401
2026-05-07 15:01:54,872 | INFO | AuthAPI | POST Request -> https://practice.expandtesting.com/notes/api/users/login
2026-05-07 15:01:54,873 | INFO | AuthAPI | Payload -> {'email': '', 'password': ''}
2026-05-07 15:01:56,822 | INFO | AuthAPI | Response Status -> 400
2026-05-07 15:01:56,827 | INFO | AuthAPI | POST Request -> https://practice.expandtesting.com/notes/api/users/login
2026-05-07 15:01:56,828 | INFO | AuthAPI | Payload -> {'email': 'raghu1@gmail.com', 'password': 'raghu1'}
2026-05-07 15:02:04,958 | INFO | AuthAPI | Response Status -> 200
2026-05-07 15:02:04,961 | INFO | NotesAPI | POST Request -> https://practice.expandtesting.com/notes/api/notes
2026-05-07 15:02:04,962 | INFO | NotesAPI | Payload -> {'title': 'API-b7b566a9-ef4f-438d-b34b-7c341af12ce2', 'description': 'API Automation Description', 'category': 'Home'}
2026-05-07 15:02:11,902 | INFO | NotesAPI | Response Status -> 200
2026-05-07 15:02:11,909 | INFO | AuthAPI | POST Request -> https://practice.expandtesting.com/notes/api/users/login
2026-05-07 15:02:11,909 | INFO | AuthAPI | Payload -> {'email': 'raghu1@gmail.com', 'password': 'raghu1'}
2026-05-07 15:02:16,226 | INFO | AuthAPI | Response Status -> 200
2026-05-07 15:02:16,229 | INFO | NotesAPI | POST Request -> https://practice.expandtesting.com/notes/api/notes
2026-05-07 15:02:16,230 | INFO | NotesAPI | Payload -> {'title': 'DELETE-eba0da40-c0f0-48e4-8b60-2db6ed73003a', 'description': 'Delete Description', 'category': 'Work'}
2026-05-07 15:02:24,136 | INFO | NotesAPI | Response Status -> 200
2026-05-07 15:02:24,136 | INFO | NotesAPI | DELETE Request -> https://practice.expandtesting.com/notes/api/notes/69fc5c2681124e02985cc275
2026-05-07 15:02:32,099 | INFO | NotesAPI | Response Status -> 200
2026-05-07 15:02:32,099 | INFO | NotesAPI | GET Request -> https://practice.expandtesting.com/notes/api/notes
2026-05-07 15:02:36,059 | INFO | NotesAPI | Response Status -> 200
2026-05-07 15:02:36,069 | INFO | AuthAPI | POST Request -> https://practice.expandtesting.com/notes/api/users/login
2026-05-07 15:02:36,069 | INFO | AuthAPI | Payload -> {'email': 'raghu1@gmail.com', 'password': 'raghu1'}
2026-05-07 15:02:39,658 | INFO | AuthAPI | Response Status -> 200
2026-05-07 15:02:39,661 | INFO | test_get_notes | Starting test_get_all_notes
2026-05-07 15:02:39,662 | INFO | NotesAPI | GET Request -> https://practice.expandtesting.com/notes/api/notes
2026-05-07 15:02:45,732 | INFO | NotesAPI | Response Status -> 200
2026-05-07 15:02:45,732 | INFO | test_get_notes | Response received: 200
2026-05-07 15:02:45,733 | INFO | test_get_notes | test_get_all_notes PASSED
2026-05-07 15:02:45,739 | INFO | AuthAPI | POST Request -> https://practice.expandtesting.com/notes/api/users/login
2026-05-07 15:02:45,739 | INFO | AuthAPI | Payload -> {'email': 'raghu1@gmail.com', 'password': 'raghu1'}
2026-05-07 15:02:49,893 | INFO | AuthAPI | Response Status -> 200
2026-05-07 15:02:49,895 | INFO | NotesAPI | GET Request -> https://practice.expandtesting.com/notes/api/notes
2026-05-07 15:02:54,479 | INFO | NotesAPI | Response Status -> 200
2026-05-07 15:02:54,563 | INFO | NotesAPI | GET Request -> https://practice.expandtesting.com/notes/api/notes
2026-05-07 15:02:56,776 | INFO | NotesAPI | Response Status -> 401
2026-05-07 15:02:56,781 | INFO | AuthAPI | POST Request -> https://practice.expandtesting.com/notes/api/users/login
2026-05-07 15:02:56,782 | INFO | AuthAPI | Payload -> {'email': 'raghu1@gmail.com', 'password': 'raghu1'}
2026-05-07 15:03:00,785 | INFO | AuthAPI | Response Status -> 200
2026-05-07 15:03:00,789 | INFO | NotesAPI | DELETE Request -> https://practice.expandtesting.com/notes/api/notes/123456789
2026-05-07 15:03:02,463 | INFO | NotesAPI | Response Status -> 400
2026-05-07 15:03:02,470 | INFO | AuthAPI | POST Request -> https://practice.expandtesting.com/notes/api/users/login
2026-05-07 15:03:02,470 | INFO | AuthAPI | Payload -> {'email': 'raghu1@gmail.com', 'password': 'raghu1'}
2026-05-07 15:03:07,981 | INFO | AuthAPI | Response Status -> 200
2026-05-07 15:03:07,985 | INFO | NotesAPI | POST Request -> https://practice.expandtesting.com/notes/api/notes
2026-05-07 15:03:07,985 | INFO | NotesAPI | Payload -> {'title': '', 'description': 'Description', 'category': 'Home'}
2026-05-07 15:03:10,385 | INFO | NotesAPI | Response Status -> 400
2026-05-07 15:03:10,391 | INFO | AuthAPI | POST Request -> https://practice.expandtesting.com/notes/api/users/login
2026-05-07 15:03:10,391 | INFO | AuthAPI | Payload -> {'email': 'raghu1@gmail.com', 'password': 'raghu1'}
2026-05-07 15:03:14,135 | INFO | AuthAPI | Response Status -> 200
2026-05-07 15:03:14,137 | INFO | NotesAPI | POST Request -> https://practice.expandtesting.com/notes/api/notes
2026-05-07 15:03:14,137 | INFO | NotesAPI | Payload -> {'title': 'Title', 'description': '', 'category': 'Home'}
2026-05-07 15:03:16,208 | INFO | NotesAPI | Response Status -> 400
2026-05-07 15:03:16,213 | INFO | conftest | Launching Chrome browser
2026-05-07 15:03:20,296 | INFO | conftest | Selenium Grid not detected
2026-05-07 15:03:20,297 | INFO | conftest | Running tests locally
2026-05-07 15:03:23,365 | INFO | conftest | Performing login fixture setup
2026-05-07 15:03:27,073 | INFO | LoginPage | Attempting login with email: raghu1@gmail.com
2026-05-07 15:03:27,073 | INFO | LoginPage | Typing 'raghu1@gmail.com' into element: ('id', 'email')
2026-05-07 15:03:27,885 | INFO | LoginPage | Typing 'raghu1' into element: ('id', 'password')
2026-05-07 15:03:28,441 | INFO | LoginPage | Login button clicked
2026-05-07 15:03:28,441 | INFO | conftest | Login fixture completed
2026-05-07 15:03:28,442 | INFO | AuthAPI | POST Request -> https://practice.expandtesting.com/notes/api/users/login
2026-05-07 15:03:28,443 | INFO | AuthAPI | Payload -> {'email': 'raghu1@gmail.com', 'password': 'raghu1'}
2026-05-07 15:03:33,013 | INFO | AuthAPI | Response Status -> 200
2026-05-07 15:03:33,017 | INFO | test_api_to_ui_validation | STARTING E2E TEST: API -> UI
2026-05-07 15:03:33,018 | INFO | test_api_to_ui_validation | Creating note via UI | Title: DELETE-ec5ce0f4-3a33-4824-8cf0-aa6ce3083a5a
2026-05-07 15:03:33,018 | INFO | NotesPage | Creating note | Title: DELETE-ec5ce0f4-3a33-4824-8cf0-aa6ce3083a5a
2026-05-07 15:03:33,018 | INFO | NotesPage | Clicking Add Note button
2026-05-07 15:03:36,722 | INFO | NotesPage | Entering title: DELETE-ec5ce0f4-3a33-4824-8cf0-aa6ce3083a5a
2026-05-07 15:03:36,722 | INFO | NotesPage | Typing 'DELETE-ec5ce0f4-3a33-4824-8cf0-aa6ce3083a5a' into element: ('id', 'title')
2026-05-07 15:03:37,214 | INFO | NotesPage | Entering description
2026-05-07 15:03:37,215 | INFO | NotesPage | Typing 'Delete validation' into element: ('id', 'description')
2026-05-07 15:03:37,389 | INFO | NotesPage | Selecting category: Work
2026-05-07 15:03:37,614 | INFO | NotesPage | Clicking Create button
2026-05-07 15:03:37,656 | INFO | NotesPage | Checking if note exists: DELETE-ec5ce0f4-3a33-4824-8cf0-aa6ce3083a5a
2026-05-07 15:03:39,158 | WARNING | NotesPage | Note NOT found: DELETE-ec5ce0f4-3a33-4824-8cf0-aa6ce3083a5a
2026-05-07 15:03:39,659 | INFO | NotesPage | Checking if note exists: DELETE-ec5ce0f4-3a33-4824-8cf0-aa6ce3083a5a
2026-05-07 15:03:40,749 | WARNING | NotesPage | Note NOT found: DELETE-ec5ce0f4-3a33-4824-8cf0-aa6ce3083a5a
2026-05-07 15:03:41,250 | INFO | NotesPage | Checking if note exists: DELETE-ec5ce0f4-3a33-4824-8cf0-aa6ce3083a5a
2026-05-07 15:03:50,030 | WARNING | NotesPage | Stale element detected. Retrying...
2026-05-07 15:03:52,925 | INFO | NotesPage | Note created successfully | Title: DELETE-ec5ce0f4-3a33-4824-8cf0-aa6ce3083a5a
2026-05-07 15:03:52,925 | INFO | test_api_to_ui_validation | Note created successfully
2026-05-07 15:03:52,925 | INFO | NotesPage | Checking if note exists: DELETE-ec5ce0f4-3a33-4824-8cf0-aa6ce3083a5a
2026-05-07 15:03:54,105 | INFO | NotesPage | Note found: DELETE-ec5ce0f4-3a33-4824-8cf0-aa6ce3083a5a
2026-05-07 15:03:54,105 | INFO | test_api_to_ui_validation | Note created and visible in UI
2026-05-07 15:03:54,105 | INFO | NotesAPI | GET Request -> https://practice.expandtesting.com/notes/api/notes
2026-05-07 15:04:07,216 | INFO | conftest | Closing browser
2026-05-07 15:13:19,747 | INFO | AuthAPI | POST Request -> https://practice.expandtesting.com/notes/api/users/login
2026-05-07 15:13:19,747 | INFO | AuthAPI | Payload -> {'email': 'raghu1@gmail.com', 'password': 'raghu1'}
2026-05-07 15:14:28,920 | INFO | AuthAPI | Response Status -> 200
2026-05-07 15:14:28,927 | INFO | AuthAPI | POST Request -> https://practice.expandtesting.com/notes/api/users/login
2026-05-07 15:14:28,927 | INFO | AuthAPI | Payload -> {'email': 'wrong@test.com', 'password': 'wrongpass'}
2026-05-07 15:16:19,331 | INFO | AuthAPI | Response Status -> 502
2026-05-07 15:16:19,414 | INFO | AuthAPI | POST Request -> https://practice.expandtesting.com/notes/api/users/login
2026-05-07 15:16:19,414 | INFO | AuthAPI | Payload -> {'email': '', 'password': ''}
2026-05-07 15:17:14,135 | INFO | AuthAPI | Response Status -> 400
2026-05-07 15:17:14,142 | INFO | AuthAPI | POST Request -> https://practice.expandtesting.com/notes/api/users/login
2026-05-07 15:17:14,142 | INFO | AuthAPI | Payload -> {'email': 'raghu1@gmail.com', 'password': 'raghu1'}
2026-05-07 15:17:44,957 | INFO | AuthAPI | POST Request -> https://practice.expandtesting.com/notes/api/users/login
2026-05-07 15:17:44,958 | INFO | AuthAPI | Payload -> {'email': 'raghu1@gmail.com', 'password': 'raghu1'}
2026-05-07 15:18:28,921 | INFO | AuthAPI | Response Status -> 200
2026-05-07 15:18:28,925 | INFO | NotesAPI | POST Request -> https://practice.expandtesting.com/notes/api/notes
2026-05-07 15:18:28,925 | INFO | NotesAPI | Payload -> {'title': 'DELETE-f729571d-05ef-4ab9-9702-18a8d48f5e60', 'description': 'Delete Description', 'category': 'Work'}
2026-05-07 15:19:02,284 | INFO | NotesAPI | Response Status -> 200
2026-05-07 15:19:02,285 | INFO | NotesAPI | DELETE Request -> https://practice.expandtesting.com/notes/api/notes/69fc600ad87b0c0297c434a7
2026-05-07 15:27:34,145 | INFO | AuthAPI | POST Request -> https://practice.expandtesting.com/notes/api/users/login
2026-05-07 15:27:34,145 | INFO | AuthAPI | Payload -> {'email': 'raghu1@gmail.com', 'password': 'raghu1'}
2026-05-07 18:26:32,929 | INFO | AuthAPI | POST Request -> https://practice.expandtesting.com/notes/api/users/login
2026-05-07 18:26:32,929 | INFO | AuthAPI | POST Request -> https://practice.expandtesting.com/notes/api/users/login
2026-05-07 18:26:32,929 | INFO | AuthAPI | Payload -> {'email': '', 'password': ''}
2026-05-07 18:26:32,929 | INFO | AuthAPI | Payload -> {'email': 'raghu1@gmail.com', 'password': 'raghu1'}
2026-05-07 18:26:32,929 | INFO | AuthAPI | Payload -> {'email': 'raghu1@gmail.com', 'password': 'raghu1'}
2026-05-07 18:26:32,930 | INFO | AuthAPI | Payload -> {'email': 'raghu1@gmail.com', 'password': 'raghu1'}
2026-05-07 18:26:35,304 | INFO | AuthAPI | Response Status -> 400
2026-05-07 18:26:35,312 | INFO | AuthAPI | POST Request -> https://practice.expandtesting.com/notes/api/users/login
2026-05-07 18:26:35,312 | INFO | AuthAPI | Payload -> {'email': 'raghu1@gmail.com', 'password': 'raghu1'}
2026-05-07 18:26:39,214 | INFO | AuthAPI | Response Status -> 200
2026-05-07 18:26:39,218 | INFO | NotesAPI | POST Request -> https://practice.expandtesting.com/notes/api/notes
2026-05-07 18:26:39,218 | INFO | NotesAPI | Payload -> {'title': 'DELETE-1d97d1c9-7112-47c0-bdbc-6495c564f2df', 'description': 'Delete Description', 'category': 'Work'}
2026-05-07 18:26:39,532 | INFO | AuthAPI | Response Status -> 200
2026-05-07 18:26:39,534 | INFO | AuthAPI | Response Status -> 200
2026-05-07 18:26:39,537 | INFO | NotesAPI | GET Request -> https://practice.expandtesting.com/notes/api/notes
2026-05-07 18:26:39,538 | INFO | AuthAPI | POST Request -> https://practice.expandtesting.com/notes/api/users/login
2026-05-07 18:26:39,538 | INFO | AuthAPI | Payload -> {'email': 'wrong@test.com', 'password': 'wrongpass'}
2026-05-07 18:26:42,251 | INFO | AuthAPI | Response Status -> 200
2026-05-07 18:26:42,255 | INFO | NotesAPI | POST Request -> https://practice.expandtesting.com/notes/api/notes
2026-05-07 18:26:42,255 | INFO | NotesAPI | Payload -> {'title': 'API-669f1e08-2fd8-427f-b63a-1d2d3aadd8a9', 'description': 'API Automation Description', 'category': 'Home'}
2026-05-07 18:26:44,331 | INFO | AuthAPI | Response Status -> 401
2026-05-07 18:26:44,337 | INFO | AuthAPI | POST Request -> https://practice.expandtesting.com/notes/api/users/login
2026-05-07 18:26:44,337 | INFO | AuthAPI | Payload -> {'email': 'raghu1@gmail.com', 'password': 'raghu1'}
2026-05-07 18:26:48,819 | INFO | NotesAPI | Response Status -> 200
2026-05-07 18:26:48,820 | INFO | NotesAPI | DELETE Request -> https://practice.expandtesting.com/notes/api/notes/69fc8c0e0fadc10297dbf478
2026-05-07 18:26:49,785 | INFO | NotesAPI | Response Status -> 200
2026-05-07 18:26:49,887 | INFO | NotesAPI | GET Request -> https://practice.expandtesting.com/notes/api/notes
2026-05-07 18:26:52,410 | INFO | AuthAPI | Response Status -> 200
2026-05-07 18:26:52,414 | INFO | NotesAPI | POST Request -> https://practice.expandtesting.com/notes/api/notes
2026-05-07 18:26:52,414 | INFO | NotesAPI | Payload -> {'title': '', 'description': 'Description', 'category': 'Home'}
2026-05-07 18:26:52,651 | INFO | NotesAPI | Response Status -> 200
2026-05-07 18:26:52,656 | INFO | AuthAPI | POST Request -> https://practice.expandtesting.com/notes/api/users/login
2026-05-07 18:26:52,656 | INFO | AuthAPI | Payload -> {'email': 'raghu1@gmail.com', 'password': 'raghu1'}
2026-05-07 18:26:56,333 | INFO | NotesAPI | Response Status -> 401
2026-05-07 18:26:56,339 | INFO | conftest | Launching Chrome browser
2026-05-07 18:26:56,736 | INFO | NotesAPI | Response Status -> 400
2026-05-07 18:26:56,743 | INFO | AuthAPI | POST Request -> https://practice.expandtesting.com/notes/api/users/login
2026-05-07 18:26:56,743 | INFO | AuthAPI | Payload -> {'email': 'raghu1@gmail.com', 'password': 'raghu1'}
2026-05-07 18:26:57,852 | INFO | NotesAPI | Response Status -> 200
2026-05-07 18:26:57,852 | INFO | NotesAPI | GET Request -> https://practice.expandtesting.com/notes/api/notes
2026-05-07 18:27:00,405 | INFO | conftest | Selenium Grid not detected
2026-05-07 18:27:00,405 | INFO | conftest | Running tests locally
2026-05-07 18:27:00,412 | INFO | AuthAPI | Response Status -> 200
2026-05-07 18:27:00,415 | INFO | NotesAPI | DELETE Request -> https://practice.expandtesting.com/notes/api/notes/123456789
2026-05-07 18:27:03,704 | INFO | conftest | Performing login fixture setup
2026-05-07 18:27:04,643 | INFO | AuthAPI | Response Status -> 200
2026-05-07 18:27:04,646 | INFO | NotesAPI | POST Request -> https://practice.expandtesting.com/notes/api/notes
2026-05-07 18:27:04,647 | INFO | NotesAPI | Payload -> {'title': 'Title', 'description': '', 'category': 'Home'}
2026-05-07 18:27:05,773 | INFO | NotesAPI | Response Status -> 400
2026-05-07 18:27:05,780 | INFO | conftest | Launching Chrome browser
2026-05-07 18:27:08,918 | INFO | NotesAPI | Response Status -> 200
2026-05-07 18:27:08,928 | INFO | AuthAPI | POST Request -> https://practice.expandtesting.com/notes/api/users/login
2026-05-07 18:27:08,928 | INFO | AuthAPI | Payload -> {'email': 'raghu1@gmail.com', 'password': 'raghu1'}
2026-05-07 18:27:09,208 | INFO | NotesAPI | Response Status -> 400
2026-05-07 18:27:09,212 | INFO | conftest | Launching Chrome browser
2026-05-07 18:27:09,873 | INFO | conftest | Selenium Grid not detected
2026-05-07 18:27:09,873 | INFO | conftest | Running tests locally
2026-05-07 18:27:13,299 | INFO | conftest | Selenium Grid not detected
2026-05-07 18:27:13,299 | INFO | conftest | Running tests locally
2026-05-07 18:27:15,301 | INFO | conftest | Launching Chrome browser
2026-05-07 18:27:17,059 | INFO | AuthAPI | Response Status -> 200
2026-05-07 18:27:17,064 | INFO | test_get_notes | Starting test_get_all_notes
2026-05-07 18:27:17,065 | INFO | NotesAPI | GET Request -> https://practice.expandtesting.com/notes/api/notes
2026-05-07 18:27:18,760 | INFO | conftest | Launching Chrome browser
2026-05-07 18:27:19,351 | INFO | conftest | Selenium Grid not detected
2026-05-07 18:27:19,352 | INFO | conftest | Running tests locally
2026-05-07 18:27:19,744 | INFO | LoginPage | Attempting login with email: raghu1@gmail.com
2026-05-07 18:27:19,744 | INFO | LoginPage | Typing 'raghu1@gmail.com' into element: ('id', 'email')
2026-05-07 18:27:19,858 | INFO | LoginPage | Typing 'raghu1' into element: ('id', 'password')
2026-05-07 18:27:19,955 | INFO | LoginPage | Login button clicked
2026-05-07 18:27:19,956 | INFO | conftest | Login fixture completed
2026-05-07 18:27:19,957 | INFO | AuthAPI | POST Request -> https://practice.expandtesting.com/notes/api/users/login
2026-05-07 18:27:19,957 | INFO | AuthAPI | Payload -> {'email': 'raghu1@gmail.com', 'password': 'raghu1'}
2026-05-07 18:27:20,451 | INFO | NotesAPI | Response Status -> 200
2026-05-07 18:27:20,452 | INFO | test_get_notes | Response received: 200
2026-05-07 18:27:20,452 | INFO | test_get_notes | test_get_all_notes PASSED
2026-05-07 18:27:20,454 | INFO | conftest | Launching Chrome browser
2026-05-07 18:27:22,830 | INFO | conftest | Selenium Grid not detected
2026-05-07 18:27:22,831 | INFO | conftest | Running tests locally
2026-05-07 18:27:23,938 | INFO | AuthAPI | Response Status -> 200
2026-05-07 18:27:23,940 | INFO | test_api_to_ui_validation | STARTING E2E TEST: API -> UI
2026-05-07 18:27:23,940 | INFO | test_api_to_ui_validation | Creating note via UI | Title: DELETE-45906a30-2cd3-4010-a3b1-cf0647ba8816
2026-05-07 18:27:23,940 | INFO | NotesPage | Creating note | Title: DELETE-45906a30-2cd3-4010-a3b1-cf0647ba8816
2026-05-07 18:27:23,940 | INFO | NotesPage | Clicking Add Note button
2026-05-07 18:27:24,124 | INFO | conftest | Launching Chrome browser
2026-05-07 18:27:24,528 | INFO | conftest | Selenium Grid not detected
2026-05-07 18:27:24,529 | INFO | conftest | Running tests locally
2026-05-07 18:27:27,914 | INFO | conftest | Launching Chrome browser
2026-05-07 18:27:28,168 | INFO | conftest | Selenium Grid not detected
2026-05-07 18:27:28,169 | INFO | conftest | Running tests locally
2026-05-07 18:27:30,160 | INFO | conftest | Launching Chrome browser
2026-05-07 18:27:31,978 | INFO | conftest | Selenium Grid not detected
2026-05-07 18:27:31,979 | INFO | conftest | Running tests locally
2026-05-07 18:27:33,468 | INFO | NotesPage | Entering title: DELETE-45906a30-2cd3-4010-a3b1-cf0647ba8816
2026-05-07 18:27:33,468 | INFO | NotesPage | Typing 'DELETE-45906a30-2cd3-4010-a3b1-cf0647ba8816' into element: ('id', 'title')
2026-05-07 18:27:33,588 | INFO | NotesPage | Entering description
2026-05-07 18:27:33,589 | INFO | NotesPage | Typing 'Delete validation' into element: ('id', 'description')
2026-05-07 18:27:33,662 | INFO | NotesPage | Selecting category: Work
2026-05-07 18:27:33,756 | INFO | NotesPage | Clicking Create button
2026-05-07 18:27:33,791 | INFO | NotesPage | Checking if note exists: DELETE-45906a30-2cd3-4010-a3b1-cf0647ba8816
2026-05-07 18:27:34,196 | INFO | conftest | Selenium Grid not detected
2026-05-07 18:27:34,196 | INFO | conftest | Running tests locally
2026-05-07 18:27:35,017 | WARNING | NotesPage | Note NOT found: DELETE-45906a30-2cd3-4010-a3b1-cf0647ba8816
2026-05-07 18:27:35,518 | INFO | NotesPage | Checking if note exists: DELETE-45906a30-2cd3-4010-a3b1-cf0647ba8816
2026-05-07 18:27:36,406 | WARNING | NotesPage | Note NOT found: DELETE-45906a30-2cd3-4010-a3b1-cf0647ba8816
2026-05-07 18:27:36,907 | INFO | NotesPage | Checking if note exists: DELETE-45906a30-2cd3-4010-a3b1-cf0647ba8816
2026-05-07 18:27:37,787 | WARNING | NotesPage | Note NOT found: DELETE-45906a30-2cd3-4010-a3b1-cf0647ba8816
2026-05-07 18:27:38,287 | INFO | NotesPage | Checking if note exists: DELETE-45906a30-2cd3-4010-a3b1-cf0647ba8816
2026-05-07 18:27:39,032 | WARNING | NotesPage | Note NOT found: DELETE-45906a30-2cd3-4010-a3b1-cf0647ba8816
2026-05-07 18:27:39,533 | INFO | NotesPage | Checking if note exists: DELETE-45906a30-2cd3-4010-a3b1-cf0647ba8816
2026-05-07 18:27:40,314 | WARNING | NotesPage | Note NOT found: DELETE-45906a30-2cd3-4010-a3b1-cf0647ba8816
2026-05-07 18:27:40,815 | INFO | NotesPage | Checking if note exists: DELETE-45906a30-2cd3-4010-a3b1-cf0647ba8816
2026-05-07 18:27:41,521 | WARNING | NotesPage | Note NOT found: DELETE-45906a30-2cd3-4010-a3b1-cf0647ba8816
2026-05-07 18:27:42,021 | INFO | NotesPage | Checking if note exists: DELETE-45906a30-2cd3-4010-a3b1-cf0647ba8816
2026-05-07 18:27:50,407 | WARNING | NotesPage | Stale element detected. Retrying...
2026-05-07 18:27:53,876 | INFO | NotesPage | Note created successfully | Title: DELETE-45906a30-2cd3-4010-a3b1-cf0647ba8816
2026-05-07 18:27:53,876 | INFO | test_api_to_ui_validation | Note created successfully
2026-05-07 18:27:53,876 | INFO | NotesPage | Checking if note exists: DELETE-45906a30-2cd3-4010-a3b1-cf0647ba8816
2026-05-07 18:27:54,689 | INFO | NotesPage | Note found: DELETE-45906a30-2cd3-4010-a3b1-cf0647ba8816
2026-05-07 18:27:54,689 | INFO | test_api_to_ui_validation | Note created and visible in UI
2026-05-07 18:27:54,689 | INFO | NotesAPI | GET Request -> https://practice.expandtesting.com/notes/api/notes
2026-05-07 18:28:03,811 | INFO | NotesAPI | Response Status -> 200
2026-05-07 18:28:03,811 | INFO | test_api_to_ui_validation | GET Notes Status: 200
2026-05-07 18:28:03,814 | INFO | test_api_to_ui_validation | Located Note ID: 69fc8c460fadc10297dbf4fd
2026-05-07 18:28:03,814 | INFO | test_api_to_ui_validation | Deleting note via API | ID: 69fc8c460fadc10297dbf4fd
2026-05-07 18:28:03,814 | INFO | NotesAPI | DELETE Request -> https://practice.expandtesting.com/notes/api/notes/69fc8c460fadc10297dbf4fd
2026-05-07 18:28:08,974 | INFO | NotesAPI | Response Status -> 200
2026-05-07 18:28:08,974 | INFO | test_api_to_ui_validation | Delete Status: 200
2026-05-07 18:28:08,975 | INFO | test_api_to_ui_validation | Refreshing UI page
2026-05-07 18:28:08,975 | INFO | NotesPage | Refreshing browser page
2026-05-07 18:28:23,655 | INFO | NotesPage | Checking if note exists: DELETE-45906a30-2cd3-4010-a3b1-cf0647ba8816
2026-05-07 18:28:24,715 | WARNING | NotesPage | Note NOT found: DELETE-45906a30-2cd3-4010-a3b1-cf0647ba8816
2026-05-07 18:28:24,716 | INFO | test_api_to_ui_validation | Deleted note removed from UI successfully
2026-05-07 18:28:24,716 | INFO | test_api_to_ui_validation | E2E API -> UI validation PASSED
2026-05-07 18:28:24,718 | INFO | conftest | Closing browser
2026-05-07 18:28:27,009 | INFO | conftest | Launching Chrome browser
2026-05-07 18:28:31,103 | INFO | conftest | Selenium Grid not detected
2026-05-07 18:28:31,103 | INFO | conftest | Running tests locally
2026-05-07 18:28:33,831 | INFO | conftest | Performing login fixture setup
2026-05-07 18:28:42,544 | INFO | LoginPage | Attempting login with email: raghu1@gmail.com
2026-05-07 18:28:42,544 | INFO | LoginPage | Typing 'raghu1@gmail.com' into element: ('id', 'email')
2026-05-07 18:28:42,644 | INFO | LoginPage | Typing 'raghu1' into element: ('id', 'password')
2026-05-07 18:28:42,778 | INFO | LoginPage | Login button clicked
2026-05-07 18:28:42,778 | INFO | conftest | Login fixture completed
2026-05-07 18:28:42,779 | INFO | NotesPage | Creating note | Title: Automation-941519e3-6ef6-4aab-bbf9-986df6055a8a
2026-05-07 18:28:42,780 | INFO | NotesPage | Clicking Add Note button
2026-05-07 18:28:45,465 | INFO | NotesPage | Entering title: Automation-941519e3-6ef6-4aab-bbf9-986df6055a8a
2026-05-07 18:28:45,466 | INFO | NotesPage | Typing 'Automation-941519e3-6ef6-4aab-bbf9-986df6055a8a' into element: ('id', 'title')
2026-05-07 18:28:45,580 | INFO | NotesPage | Entering description
2026-05-07 18:28:45,580 | INFO | NotesPage | Typing 'This is automation testing' into element: ('id', 'description')
2026-05-07 18:28:45,658 | INFO | NotesPage | Selecting category: Home
2026-05-07 18:28:45,733 | INFO | NotesPage | Clicking Create button
2026-05-07 18:28:45,767 | INFO | NotesPage | Checking if note exists: Automation-941519e3-6ef6-4aab-bbf9-986df6055a8a
2026-05-07 18:28:49,457 | WARNING | NotesPage | Stale element detected. Retrying...
2026-05-07 18:28:51,473 | INFO | NotesPage | Note created successfully | Title: Automation-941519e3-6ef6-4aab-bbf9-986df6055a8a
2026-05-07 18:28:51,474 | INFO | NotesPage | Checking if note exists: Automation-941519e3-6ef6-4aab-bbf9-986df6055a8a
2026-05-07 18:28:52,671 | INFO | NotesPage | Note found: Automation-941519e3-6ef6-4aab-bbf9-986df6055a8a
2026-05-07 18:28:52,672 | INFO | conftest | Closing browser
2026-05-07 18:31:36,916 | INFO | AuthAPI | POST Request -> https://practice.expandtesting.com/notes/api/users/login
2026-05-07 18:31:36,916 | INFO | AuthAPI | POST Request -> https://practice.expandtesting.com/notes/api/users/login
2026-05-07 18:31:36,916 | INFO | AuthAPI | Payload -> {'email': '', 'password': ''}
2026-05-07 18:31:36,916 | INFO | AuthAPI | Payload -> {'email': 'raghu1@gmail.com', 'password': 'raghu1'}
2026-05-07 18:31:37,529 | INFO | AuthAPI | Response Status -> 400
2026-05-07 18:31:37,536 | INFO | AuthAPI | POST Request -> https://practice.expandtesting.com/notes/api/users/login
2026-05-07 18:31:37,536 | INFO | AuthAPI | Payload -> {'email': 'raghu1@gmail.com', 'password': 'raghu1'}
2026-05-07 18:31:38,968 | INFO | AuthAPI | Response Status -> 200
2026-05-07 18:31:38,973 | INFO | AuthAPI | POST Request -> https://practice.expandtesting.com/notes/api/users/login
2026-05-07 18:31:38,974 | INFO | AuthAPI | Payload -> {'email': 'wrong@test.com', 'password': 'wrongpass'}
2026-05-07 18:31:41,197 | INFO | AuthAPI | Response Status -> 200
2026-05-07 18:31:41,200 | INFO | NotesAPI | POST Request -> https://practice.expandtesting.com/notes/api/notes
2026-05-07 18:31:41,200 | INFO | NotesAPI | Payload -> {'title': 'API-9ceff47a-31d5-4a26-b304-534c58b075c1', 'description': 'API Automation Description', 'category': 'Home'}
2026-05-07 18:31:42,170 | INFO | AuthAPI | Response Status -> 401
2026-05-07 18:31:42,175 | INFO | NotesAPI | GET Request -> https://practice.expandtesting.com/notes/api/notes
2026-05-07 18:31:46,167 | INFO | NotesAPI | Response Status -> 401
2026-05-07 18:31:46,173 | INFO | AuthAPI | POST Request -> https://practice.expandtesting.com/notes/api/users/login
2026-05-07 18:31:46,173 | INFO | AuthAPI | Payload -> {'email': 'raghu1@gmail.com', 'password': 'raghu1'}
2026-05-07 18:31:47,125 | INFO | NotesAPI | Response Status -> 200
2026-05-07 18:31:47,134 | INFO | AuthAPI | POST Request -> https://practice.expandtesting.com/notes/api/users/login
2026-05-07 18:31:47,134 | INFO | AuthAPI | Payload -> {'email': 'raghu1@gmail.com', 'password': 'raghu1'}
2026-05-07 18:31:49,526 | INFO | AuthAPI | Response Status -> 200
2026-05-07 18:31:49,531 | INFO | NotesAPI | DELETE Request -> https://practice.expandtesting.com/notes/api/notes/123456789
2026-05-07 18:31:51,212 | INFO | AuthAPI | Response Status -> 200
2026-05-07 18:31:51,216 | INFO | NotesAPI | POST Request -> https://practice.expandtesting.com/notes/api/notes
2026-05-07 18:31:51,217 | INFO | NotesAPI | Payload -> {'title': 'DELETE-6879ebe1-5c8e-486f-b29a-2f35cfa05147', 'description': 'Delete Description', 'category': 'Work'}
2026-05-07 18:31:51,516 | INFO | NotesAPI | Response Status -> 400
2026-05-07 18:31:51,518 | INFO | AuthAPI | POST Request -> https://practice.expandtesting.com/notes/api/users/login
2026-05-07 18:31:51,518 | INFO | AuthAPI | Payload -> {'email': 'raghu1@gmail.com', 'password': 'raghu1'}
2026-05-07 18:31:54,159 | INFO | NotesAPI | Response Status -> 200
2026-05-07 18:31:54,160 | INFO | NotesAPI | DELETE Request -> https://practice.expandtesting.com/notes/api/notes/69fc8d420fadc10297dbf73a
2026-05-07 18:31:54,486 | INFO | AuthAPI | Response Status -> 200
2026-05-07 18:31:54,490 | INFO | NotesAPI | POST Request -> https://practice.expandtesting.com/notes/api/notes
2026-05-07 18:31:54,490 | INFO | NotesAPI | Payload -> {'title': '', 'description': 'Description', 'category': 'Home'}
2026-05-07 18:31:55,765 | INFO | NotesAPI | Response Status -> 400
2026-05-07 18:31:55,769 | INFO | AuthAPI | POST Request -> https://practice.expandtesting.com/notes/api/users/login
2026-05-07 18:31:55,769 | INFO | AuthAPI | Payload -> {'email': 'raghu1@gmail.com', 'password': 'raghu1'}
2026-05-07 18:31:55,844 | INFO | NotesAPI | Response Status -> 200
2026-05-07 18:31:55,844 | INFO | NotesAPI | GET Request -> https://practice.expandtesting.com/notes/api/notes
2026-05-07 18:31:58,960 | INFO | AuthAPI | Response Status -> 200
2026-05-07 18:31:58,964 | INFO | NotesAPI | POST Request -> https://practice.expandtesting.com/notes/api/notes
2026-05-07 18:31:58,964 | INFO | NotesAPI | Payload -> {'title': 'Title', 'description': '', 'category': 'Home'}
2026-05-07 18:32:00,958 | INFO | NotesAPI | Response Status -> 200
2026-05-07 18:32:00,967 | INFO | AuthAPI | POST Request -> https://practice.expandtesting.com/notes/api/users/login
2026-05-07 18:32:00,967 | INFO | AuthAPI | Payload -> {'email': 'raghu1@gmail.com', 'password': 'raghu1'}
2026-05-07 18:32:03,010 | INFO | NotesAPI | Response Status -> 400
2026-05-07 18:32:03,012 | INFO | conftest | Launching Chrome browser
2026-05-07 18:32:05,743 | INFO | AuthAPI | Response Status -> 200
2026-05-07 18:32:05,747 | INFO | test_get_notes | Starting test_get_all_notes
2026-05-07 18:32:05,748 | INFO | NotesAPI | GET Request -> https://practice.expandtesting.com/notes/api/notes
2026-05-07 18:32:07,085 | INFO | conftest | Selenium Grid not detected
2026-05-07 18:32:07,086 | INFO | conftest | Running tests locally
2026-05-07 18:32:09,657 | INFO | conftest | Performing login fixture setup
2026-05-07 18:32:11,293 | INFO | NotesAPI | Response Status -> 200
2026-05-07 18:32:11,293 | INFO | test_get_notes | Response received: 200
2026-05-07 18:32:11,294 | INFO | test_get_notes | test_get_all_notes PASSED
2026-05-07 18:32:11,297 | INFO | AuthAPI | POST Request -> https://practice.expandtesting.com/notes/api/users/login
2026-05-07 18:32:11,297 | INFO | AuthAPI | Payload -> {'email': 'raghu1@gmail.com', 'password': 'raghu1'}
2026-05-07 18:32:16,413 | INFO | AuthAPI | Response Status -> 200
2026-05-07 18:32:16,416 | INFO | NotesAPI | GET Request -> https://practice.expandtesting.com/notes/api/notes
2026-05-07 18:32:20,606 | INFO | NotesAPI | Response Status -> 200
2026-05-07 18:32:20,701 | INFO | conftest | Launching Chrome browser
2026-05-07 18:32:24,190 | INFO | LoginPage | Attempting login with email: raghu1@gmail.com
2026-05-07 18:32:24,190 | INFO | LoginPage | Typing 'raghu1@gmail.com' into element: ('id', 'email')
2026-05-07 18:32:24,284 | INFO | LoginPage | Typing 'raghu1' into element: ('id', 'password')
2026-05-07 18:32:24,363 | INFO | LoginPage | Login button clicked
2026-05-07 18:32:24,363 | INFO | conftest | Login fixture completed
2026-05-07 18:32:24,364 | INFO | AuthAPI | POST Request -> https://practice.expandtesting.com/notes/api/users/login
2026-05-07 18:32:24,364 | INFO | AuthAPI | Payload -> {'email': 'raghu1@gmail.com', 'password': 'raghu1'}
2026-05-07 18:32:24,741 | INFO | conftest | Selenium Grid not detected
2026-05-07 18:32:24,741 | INFO | conftest | Running tests locally
2026-05-07 18:32:29,606 | INFO | conftest | Launching Chrome browser
2026-05-07 18:32:29,608 | INFO | AuthAPI | Response Status -> 200
2026-05-07 18:32:29,610 | INFO | test_api_to_ui_validation | STARTING E2E TEST: API -> UI
2026-05-07 18:32:29,610 | INFO | test_api_to_ui_validation | Creating note via UI | Title: DELETE-509eab45-eb75-4882-8595-66597f5132c7
2026-05-07 18:32:29,610 | INFO | NotesPage | Creating note | Title: DELETE-509eab45-eb75-4882-8595-66597f5132c7
2026-05-07 18:32:29,610 | INFO | NotesPage | Clicking Add Note button
2026-05-07 18:32:31,492 | INFO | NotesPage | Entering title: DELETE-509eab45-eb75-4882-8595-66597f5132c7
2026-05-07 18:32:31,492 | INFO | NotesPage | Typing 'DELETE-509eab45-eb75-4882-8595-66597f5132c7' into element: ('id', 'title')
2026-05-07 18:32:31,609 | INFO | NotesPage | Entering description
2026-05-07 18:32:31,609 | INFO | NotesPage | Typing 'Delete validation' into element: ('id', 'description')
2026-05-07 18:32:31,681 | INFO | NotesPage | Selecting category: Work
2026-05-07 18:32:31,765 | INFO | NotesPage | Clicking Create button
2026-05-07 18:32:31,788 | INFO | NotesPage | Checking if note exists: DELETE-509eab45-eb75-4882-8595-66597f5132c7
2026-05-07 18:32:32,505 | WARNING | NotesPage | Note NOT found: DELETE-509eab45-eb75-4882-8595-66597f5132c7
2026-05-07 18:32:33,006 | INFO | NotesPage | Checking if note exists: DELETE-509eab45-eb75-4882-8595-66597f5132c7
2026-05-07 18:32:33,689 | INFO | conftest | Selenium Grid not detected
2026-05-07 18:32:33,690 | INFO | conftest | Running tests locally
2026-05-07 18:32:33,818 | WARNING | NotesPage | Note NOT found: DELETE-509eab45-eb75-4882-8595-66597f5132c7
2026-05-07 18:32:34,319 | INFO | NotesPage | Checking if note exists: DELETE-509eab45-eb75-4882-8595-66597f5132c7
2026-05-07 18:32:38,524 | INFO | conftest | Launching Chrome browser
2026-05-07 18:32:40,053 | WARNING | NotesPage | Stale element detected. Retrying...
2026-05-07 18:32:41,950 | INFO | NotesPage | Note created successfully | Title: DELETE-509eab45-eb75-4882-8595-66597f5132c7
2026-05-07 18:32:41,950 | INFO | test_api_to_ui_validation | Note created successfully
2026-05-07 18:32:41,950 | INFO | NotesPage | Checking if note exists: DELETE-509eab45-eb75-4882-8595-66597f5132c7
2026-05-07 18:32:42,562 | INFO | NotesPage | Note found: DELETE-509eab45-eb75-4882-8595-66597f5132c7
2026-05-07 18:32:42,562 | INFO | test_api_to_ui_validation | Note created and visible in UI
2026-05-07 18:32:42,562 | INFO | NotesAPI | GET Request -> https://practice.expandtesting.com/notes/api/notes
2026-05-07 18:32:42,585 | INFO | conftest | Selenium Grid not detected
2026-05-07 18:32:42,585 | INFO | conftest | Running tests locally
2026-05-07 18:32:43,964 | INFO | NotesAPI | Response Status -> 200
2026-05-07 18:32:43,965 | INFO | test_api_to_ui_validation | GET Notes Status: 200
2026-05-07 18:32:43,965 | INFO | test_api_to_ui_validation | Located Note ID: 69fc8d6b0fadc10297dbf79c
2026-05-07 18:32:43,965 | INFO | test_api_to_ui_validation | Deleting note via API | ID: 69fc8d6b0fadc10297dbf79c
2026-05-07 18:32:43,966 | INFO | NotesAPI | DELETE Request -> https://practice.expandtesting.com/notes/api/notes/69fc8d6b0fadc10297dbf79c
2026-05-07 18:32:47,343 | INFO | conftest | Launching Chrome browser
2026-05-07 18:32:49,435 | INFO | NotesAPI | Response Status -> 200
2026-05-07 18:32:49,435 | INFO | test_api_to_ui_validation | Delete Status: 200
2026-05-07 18:32:49,435 | INFO | test_api_to_ui_validation | Refreshing UI page
2026-05-07 18:32:49,435 | INFO | NotesPage | Refreshing browser page
2026-05-07 18:32:51,424 | INFO | conftest | Selenium Grid not detected
2026-05-07 18:32:51,424 | INFO | conftest | Running tests locally
2026-05-07 18:32:56,447 | INFO | conftest | Launching Chrome browser
2026-05-07 18:32:57,993 | INFO | NotesPage | Checking if note exists: DELETE-509eab45-eb75-4882-8595-66597f5132c7
2026-05-07 18:32:58,768 | WARNING | NotesPage | Note NOT found: DELETE-509eab45-eb75-4882-8595-66597f5132c7
2026-05-07 18:32:58,768 | INFO | test_api_to_ui_validation | Deleted note removed from UI successfully
2026-05-07 18:32:58,768 | INFO | test_api_to_ui_validation | E2E API -> UI validation PASSED
2026-05-07 18:32:58,770 | INFO | conftest | Closing browser
2026-05-07 18:33:00,538 | INFO | conftest | Selenium Grid not detected
2026-05-07 18:33:00,538 | INFO | conftest | Running tests locally
2026-05-07 18:33:00,920 | INFO | conftest | Launching Chrome browser
2026-05-07 18:33:04,973 | INFO | conftest | Selenium Grid not detected
2026-05-07 18:33:04,973 | INFO | conftest | Running tests locally
2026-05-07 18:33:09,907 | INFO | conftest | Launching Chrome browser
2026-05-07 18:33:13,990 | INFO | conftest | Selenium Grid not detected
2026-05-07 18:33:13,991 | INFO | conftest | Running tests locally
2026-05-07 18:33:14,501 | INFO | LoginPage | Attempting login with email: 
2026-05-07 18:33:14,502 | INFO | LoginPage | Typing '' into element: ('id', 'email')
2026-05-07 18:33:14,576 | INFO | LoginPage | Typing 'Password123' into element: ('id', 'password')
2026-05-07 18:33:14,715 | INFO | LoginPage | Login button clicked
2026-05-07 18:33:18,778 | INFO | conftest | Launching Chrome browser
2026-05-07 18:33:19,797 | INFO | conftest | Closing browser
2026-05-07 18:33:21,920 | INFO | conftest | Launching Chrome browser
2026-05-07 18:33:22,872 | INFO | conftest | Selenium Grid not detected
2026-05-07 18:33:22,873 | INFO | conftest | Running tests locally
2026-05-07 18:33:25,268 | INFO | conftest | Performing login fixture setup
2026-05-07 18:33:25,990 | INFO | conftest | Selenium Grid not detected
2026-05-07 18:33:25,990 | INFO | conftest | Running tests locally
2026-05-07 18:33:38,904 | INFO | LoginPage | Attempting login with email: raghu1@gmail.com
2026-05-07 18:33:38,904 | INFO | LoginPage | Typing 'raghu1@gmail.com' into element: ('id', 'email')
2026-05-07 18:33:38,972 | INFO | LoginPage | Typing 'raghu1' into element: ('id', 'password')
2026-05-07 18:33:39,045 | INFO | LoginPage | Login button clicked
2026-05-07 18:33:39,045 | INFO | conftest | Login fixture completed
2026-05-07 18:33:39,046 | INFO | NotesPage | Clicking Add Note button
2026-05-07 18:33:48,543 | INFO | NotesPage | Entering title: Negative-50acf6e3-6cfe-444b-ae18-043ceb4f59ec
2026-05-07 18:33:48,544 | INFO | NotesPage | Typing 'Negative-50acf6e3-6cfe-444b-ae18-043ceb4f59ec' into element: ('id', 'title')
2026-05-07 18:33:48,671 | INFO | NotesPage | Selecting category: Work
2026-05-07 18:33:48,771 | INFO | NotesPage | Clicking Create button
2026-05-07 18:33:48,799 | INFO | NotesPage | Fetching validation errors
2026-05-07 18:33:48,842 | INFO | conftest | Closing browser
2026-05-07 18:36:25,263 | INFO | AuthAPI | POST Request -> https://practice.expandtesting.com/notes/api/users/login
2026-05-07 18:36:25,264 | INFO | AuthAPI | Payload -> {'email': 'raghu1@gmail.com', 'password': 'raghu1'}
2026-05-07 18:36:25,265 | INFO | AuthAPI | POST Request -> https://practice.expandtesting.com/notes/api/users/login
2026-05-07 18:36:25,265 | INFO | AuthAPI | Payload -> {'email': '', 'password': ''}
2026-05-07 18:36:25,265 | INFO | AuthAPI | POST Request -> https://practice.expandtesting.com/notes/api/users/login
2026-05-07 18:36:25,265 | INFO | AuthAPI | Payload -> {'email': 'raghu1@gmail.com', 'password': 'raghu1'}
2026-05-07 18:36:28,234 | INFO | AuthAPI | Response Status -> 400
2026-05-07 18:36:28,241 | INFO | AuthAPI | POST Request -> https://practice.expandtesting.com/notes/api/users/login
2026-05-07 18:36:28,241 | INFO | AuthAPI | Payload -> {'email': 'raghu1@gmail.com', 'password': 'raghu1'}
2026-05-07 18:36:31,833 | INFO | AuthAPI | Response Status -> 200
2026-05-07 18:36:31,835 | INFO | NotesAPI | POST Request -> https://practice.expandtesting.com/notes/api/notes
2026-05-07 18:36:31,835 | INFO | NotesAPI | Payload -> {'title': 'DELETE-5703e5b5-613f-434b-ab8b-a34b2dd88c74', 'description': 'Delete Description', 'category': 'Work'}
2026-05-07 18:36:31,839 | INFO | AuthAPI | Response Status -> 200
2026-05-07 18:36:31,842 | INFO | AuthAPI | POST Request -> https://practice.expandtesting.com/notes/api/users/login
2026-05-07 18:36:31,842 | INFO | AuthAPI | Payload -> {'email': 'wrong@test.com', 'password': 'wrongpass'}
2026-05-07 18:36:34,717 | INFO | AuthAPI | Response Status -> 200
2026-05-07 18:36:34,720 | INFO | NotesAPI | POST Request -> https://practice.expandtesting.com/notes/api/notes
2026-05-07 18:36:34,720 | INFO | NotesAPI | Payload -> {'title': 'API-b30c5e4c-616b-4670-90b2-58177bd9b3f5', 'description': 'API Automation Description', 'category': 'Home'}
2026-05-07 18:36:35,114 | INFO | AuthAPI | Response Status -> 401
2026-05-07 18:36:35,119 | INFO | NotesAPI | GET Request -> https://practice.expandtesting.com/notes/api/notes
2026-05-07 18:36:36,629 | INFO | NotesAPI | Response Status -> 200
2026-05-07 18:36:36,630 | INFO | NotesAPI | DELETE Request -> https://practice.expandtesting.com/notes/api/notes/69fc8e5c0fadc10297dbf8f8
2026-05-07 18:36:37,349 | INFO | NotesAPI | Response Status -> 401
2026-05-07 18:36:37,353 | INFO | AuthAPI | POST Request -> https://practice.expandtesting.com/notes/api/users/login
2026-05-07 18:36:37,353 | INFO | AuthAPI | Payload -> {'email': 'raghu1@gmail.com', 'password': 'raghu1'}
2026-05-07 18:36:38,242 | INFO | NotesAPI | Response Status -> 200
2026-05-07 18:36:38,248 | INFO | AuthAPI | POST Request -> https://practice.expandtesting.com/notes/api/users/login
2026-05-07 18:36:38,248 | INFO | AuthAPI | Payload -> {'email': 'raghu1@gmail.com', 'password': 'raghu1'}
2026-05-07 18:36:41,350 | INFO | AuthAPI | Response Status -> 200
2026-05-07 18:36:41,354 | INFO | NotesAPI | DELETE Request -> https://practice.expandtesting.com/notes/api/notes/123456789
2026-05-07 18:36:41,605 | INFO | NotesAPI | Response Status -> 200
2026-05-07 18:36:41,605 | INFO | NotesAPI | GET Request -> https://practice.expandtesting.com/notes/api/notes
2026-05-07 18:36:43,435 | INFO | AuthAPI | Response Status -> 200
2026-05-07 18:36:43,439 | INFO | NotesAPI | GET Request -> https://practice.expandtesting.com/notes/api/notes
2026-05-07 18:36:44,075 | INFO | NotesAPI | Response Status -> 400
2026-05-07 18:36:44,080 | INFO | AuthAPI | POST Request -> https://practice.expandtesting.com/notes/api/users/login
2026-05-07 18:36:44,081 | INFO | AuthAPI | Payload -> {'email': 'raghu1@gmail.com', 'password': 'raghu1'}
2026-05-07 18:36:44,733 | INFO | NotesAPI | Response Status -> 200
2026-05-07 18:36:44,743 | INFO | AuthAPI | POST Request -> https://practice.expandtesting.com/notes/api/users/login
2026-05-07 18:36:44,743 | INFO | AuthAPI | Payload -> {'email': 'raghu1@gmail.com', 'password': 'raghu1'}
2026-05-07 18:36:46,286 | INFO | NotesAPI | Response Status -> 200
2026-05-07 18:36:46,370 | INFO | AuthAPI | POST Request -> https://practice.expandtesting.com/notes/api/users/login
2026-05-07 18:36:46,370 | INFO | AuthAPI | Payload -> {'email': 'raghu1@gmail.com', 'password': 'raghu1'}
2026-05-07 18:36:48,635 | INFO | AuthAPI | Response Status -> 200
2026-05-07 18:36:48,638 | INFO | NotesAPI | POST Request -> https://practice.expandtesting.com/notes/api/notes
2026-05-07 18:36:48,639 | INFO | NotesAPI | Payload -> {'title': '', 'description': 'Description', 'category': 'Home'}
2026-05-07 18:36:48,725 | INFO | AuthAPI | Response Status -> 200
2026-05-07 18:36:48,727 | INFO | test_get_notes | Starting test_get_all_notes
2026-05-07 18:36:48,727 | INFO | NotesAPI | GET Request -> https://practice.expandtesting.com/notes/api/notes
2026-05-07 18:36:50,003 | INFO | AuthAPI | Response Status -> 200
2026-05-07 18:36:50,006 | INFO | NotesAPI | POST Request -> https://practice.expandtesting.com/notes/api/notes
2026-05-07 18:36:50,006 | INFO | NotesAPI | Payload -> {'title': 'Title', 'description': '', 'category': 'Home'}
2026-05-07 18:36:50,165 | INFO | NotesAPI | Response Status -> 400
2026-05-07 18:36:50,169 | INFO | conftest | Launching Chrome browser
2026-05-07 18:36:50,636 | INFO | NotesAPI | Response Status -> 200
2026-05-07 18:36:50,636 | INFO | test_get_notes | Response received: 200
2026-05-07 18:36:50,637 | INFO | test_get_notes | test_get_all_notes PASSED
2026-05-07 18:36:50,643 | INFO | conftest | Launching Chrome browser
2026-05-07 18:36:51,366 | INFO | NotesAPI | Response Status -> 400
2026-05-07 18:36:51,373 | INFO | conftest | Launching Chrome browser
2026-05-07 18:36:54,244 | INFO | conftest | Selenium Grid not detected
2026-05-07 18:36:54,245 | INFO | conftest | Running tests locally
2026-05-07 18:36:54,719 | INFO | conftest | Selenium Grid not detected
2026-05-07 18:36:54,719 | INFO | conftest | Running tests locally
2026-05-07 18:36:55,454 | INFO | conftest | Selenium Grid not detected
2026-05-07 18:36:55,454 | INFO | conftest | Running tests locally
2026-05-07 18:36:57,057 | INFO | conftest | Performing login fixture setup
2026-05-07 18:36:57,377 | INFO | LoginPage | Attempting login with email: raghu1@gmail.com
2026-05-07 18:36:57,378 | INFO | LoginPage | Typing 'raghu1@gmail.com' into element: ('id', 'email')
2026-05-07 18:36:57,463 | INFO | conftest | Performing login fixture setup
2026-05-07 18:36:57,730 | INFO | conftest | Performing login fixture setup
2026-05-07 18:36:59,979 | INFO | LoginPage | Attempting login with email: raghu1@gmail.com
2026-05-07 18:36:59,979 | INFO | LoginPage | Typing 'raghu1@gmail.com' into element: ('id', 'email')
2026-05-07 18:37:00,095 | INFO | LoginPage | Typing 'raghu1' into element: ('id', 'password')
2026-05-07 18:37:00,206 | INFO | LoginPage | Login button clicked
2026-05-07 18:37:00,206 | INFO | conftest | Login fixture completed
2026-05-07 18:37:00,207 | INFO | AuthAPI | POST Request -> https://practice.expandtesting.com/notes/api/users/login
2026-05-07 18:37:00,207 | INFO | AuthAPI | Payload -> {'email': 'raghu1@gmail.com', 'password': 'raghu1'}
2026-05-07 18:37:00,374 | INFO | LoginPage | Attempting login with email: raghu1@gmail.com
2026-05-07 18:37:00,374 | INFO | LoginPage | Typing 'raghu1@gmail.com' into element: ('id', 'email')
2026-05-07 18:37:00,428 | INFO | LoginPage | Typing 'raghu1' into element: ('id', 'password')
2026-05-07 18:37:00,477 | INFO | LoginPage | Typing 'raghu1' into element: ('id', 'password')
2026-05-07 18:37:00,554 | INFO | LoginPage | Login button clicked
2026-05-07 18:37:00,555 | INFO | conftest | Login fixture completed
2026-05-07 18:37:00,555 | INFO | AuthAPI | POST Request -> https://practice.expandtesting.com/notes/api/users/login
2026-05-07 18:37:00,556 | INFO | AuthAPI | Payload -> {'email': 'raghu1@gmail.com', 'password': 'raghu1'}
2026-05-07 18:37:00,572 | INFO | LoginPage | Login button clicked
2026-05-07 18:37:00,573 | INFO | conftest | Login fixture completed
2026-05-07 18:37:00,576 | INFO | NotesPage | Creating note | Title: Automation-9cd2c6a6-d89c-480c-9625-74e30657b3e6
2026-05-07 18:37:00,576 | INFO | NotesPage | Clicking Add Note button
2026-05-07 18:37:03,113 | INFO | AuthAPI | Response Status -> 200
2026-05-07 18:37:03,115 | INFO | test_ui_to_api_validation | STARTING E2E TEST: UI -> API
2026-05-07 18:37:03,115 | INFO | test_ui_to_api_validation | Creating note from UI | Title: E2E-ca374fca-7c30-4bb9-b386-36645d191158
2026-05-07 18:37:03,116 | INFO | NotesPage | Creating note | Title: E2E-ca374fca-7c30-4bb9-b386-36645d191158
2026-05-07 18:37:03,116 | INFO | NotesPage | Clicking Add Note button
2026-05-07 18:37:08,071 | INFO | AuthAPI | Response Status -> 200
2026-05-07 18:37:08,074 | INFO | test_api_to_ui_validation | STARTING E2E TEST: API -> UI
2026-05-07 18:37:08,074 | INFO | test_api_to_ui_validation | Creating note via UI | Title: DELETE-0c495bca-b0b4-4ec1-a67d-869397861ce1
2026-05-07 18:37:08,074 | INFO | NotesPage | Creating note | Title: DELETE-0c495bca-b0b4-4ec1-a67d-869397861ce1
2026-05-07 18:37:08,074 | INFO | NotesPage | Clicking Add Note button
2026-05-07 18:37:08,927 | INFO | NotesPage | Entering title: E2E-ca374fca-7c30-4bb9-b386-36645d191158
2026-05-07 18:37:08,928 | INFO | NotesPage | Typing 'E2E-ca374fca-7c30-4bb9-b386-36645d191158' into element: ('id', 'title')
2026-05-07 18:37:09,059 | INFO | NotesPage | Entering description
2026-05-07 18:37:09,060 | INFO | NotesPage | Typing 'Hybrid UI API Validation' into element: ('id', 'description')
2026-05-07 18:37:09,143 | INFO | NotesPage | Selecting category: Home
2026-05-07 18:37:09,242 | INFO | NotesPage | Clicking Create button
2026-05-07 18:37:09,293 | INFO | NotesPage | Checking if note exists: E2E-ca374fca-7c30-4bb9-b386-36645d191158
2026-05-07 18:37:09,334 | INFO | NotesPage | Entering title: Automation-9cd2c6a6-d89c-480c-9625-74e30657b3e6
2026-05-07 18:37:09,334 | INFO | NotesPage | Typing 'Automation-9cd2c6a6-d89c-480c-9625-74e30657b3e6' into element: ('id', 'title')
2026-05-07 18:37:09,478 | INFO | NotesPage | Entering description
2026-05-07 18:37:09,479 | INFO | NotesPage | Typing 'This is automation testing' into element: ('id', 'description')
2026-05-07 18:37:09,583 | INFO | NotesPage | Selecting category: Home
2026-05-07 18:37:09,658 | INFO | NotesPage | Clicking Create button
2026-05-07 18:37:09,668 | INFO | NotesPage | Entering title: DELETE-0c495bca-b0b4-4ec1-a67d-869397861ce1
2026-05-07 18:37:09,668 | INFO | NotesPage | Typing 'DELETE-0c495bca-b0b4-4ec1-a67d-869397861ce1' into element: ('id', 'title')
2026-05-07 18:37:09,699 | INFO | NotesPage | Checking if note exists: Automation-9cd2c6a6-d89c-480c-9625-74e30657b3e6
2026-05-07 18:37:09,807 | INFO | NotesPage | Entering description
2026-05-07 18:37:09,807 | INFO | NotesPage | Typing 'Delete validation' into element: ('id', 'description')
2026-05-07 18:37:09,895 | INFO | NotesPage | Selecting category: Work
2026-05-07 18:37:10,010 | INFO | NotesPage | Clicking Create button
2026-05-07 18:37:10,058 | INFO | NotesPage | Checking if note exists: DELETE-0c495bca-b0b4-4ec1-a67d-869397861ce1
2026-05-07 18:37:13,182 | WARNING | NotesPage | Stale element detected. Retrying...
2026-05-07 18:37:13,594 | WARNING | NotesPage | Stale element detected. Retrying...
2026-05-07 18:37:13,710 | WARNING | NotesPage | Stale element detected. Retrying...
2026-05-07 18:37:14,300 | INFO | NotesPage | Note created successfully | Title: DELETE-0c495bca-b0b4-4ec1-a67d-869397861ce1
2026-05-07 18:37:14,300 | INFO | test_api_to_ui_validation | Note created successfully
2026-05-07 18:37:14,301 | INFO | NotesPage | Checking if note exists: DELETE-0c495bca-b0b4-4ec1-a67d-869397861ce1
2026-05-07 18:37:14,724 | INFO | NotesPage | Note created successfully | Title: E2E-ca374fca-7c30-4bb9-b386-36645d191158
2026-05-07 18:37:14,724 | INFO | test_ui_to_api_validation | Note creation completed
2026-05-07 18:37:14,724 | INFO | NotesPage | Checking if note exists: E2E-ca374fca-7c30-4bb9-b386-36645d191158
2026-05-07 18:37:14,834 | INFO | NotesPage | Note created successfully | Title: Automation-9cd2c6a6-d89c-480c-9625-74e30657b3e6
2026-05-07 18:37:14,835 | INFO | NotesPage | Checking if note exists: Automation-9cd2c6a6-d89c-480c-9625-74e30657b3e6
2026-05-07 18:37:15,363 | INFO | NotesPage | Note found: DELETE-0c495bca-b0b4-4ec1-a67d-869397861ce1
2026-05-07 18:37:15,363 | INFO | test_api_to_ui_validation | Note created and visible in UI
2026-05-07 18:37:15,363 | INFO | NotesAPI | GET Request -> https://practice.expandtesting.com/notes/api/notes
2026-05-07 18:37:15,818 | INFO | NotesPage | Note found: E2E-ca374fca-7c30-4bb9-b386-36645d191158
2026-05-07 18:37:15,818 | INFO | test_ui_to_api_validation | Note visible in UI successfully
2026-05-07 18:37:15,818 | INFO | test_ui_to_api_validation | Calling GET /notes API
2026-05-07 18:37:15,818 | INFO | NotesAPI | GET Request -> https://practice.expandtesting.com/notes/api/notes
2026-05-07 18:37:15,899 | INFO | NotesPage | Note found: Automation-9cd2c6a6-d89c-480c-9625-74e30657b3e6
2026-05-07 18:37:15,900 | INFO | conftest | Closing browser
2026-05-07 18:37:16,043 | INFO | NotesAPI | Response Status -> 200
2026-05-07 18:37:16,043 | INFO | test_api_to_ui_validation | GET Notes Status: 200
2026-05-07 18:37:16,044 | INFO | test_api_to_ui_validation | Located Note ID: 69fc8e7e0fadc10297dbf933
2026-05-07 18:37:16,044 | INFO | test_api_to_ui_validation | Deleting note via API | ID: 69fc8e7e0fadc10297dbf933
2026-05-07 18:37:16,044 | INFO | NotesAPI | DELETE Request -> https://practice.expandtesting.com/notes/api/notes/69fc8e7e0fadc10297dbf933
2026-05-07 18:37:16,644 | INFO | NotesAPI | Response Status -> 200
2026-05-07 18:37:16,645 | INFO | test_ui_to_api_validation | API Response Status: 200
2026-05-07 18:37:16,646 | INFO | test_ui_to_api_validation | API Response Time: 0.810372
2026-05-07 18:37:16,647 | INFO | test_ui_to_api_validation | Total Notes Returned: 165
2026-05-07 18:37:16,647 | INFO | test_ui_to_api_validation | Matched Note: {'id': '69fc8e7e0fadc10297dbf92b', 'title': 'E2E-ca374fca-7c30-4bb9-b386-36645d191158', 'description': 'Hybrid UI API Validation', 'category': 'Home', 'completed': False, 'created_at': '2026-05-07T13:07:10.116Z', 'updated_at': '2026-05-07T13:07:10.116Z', 'user_id': '69fb505d81124e02985b5b90'}
2026-05-07 18:37:16,647 | INFO | test_ui_to_api_validation | E2E UI -> API validation PASSED
2026-05-07 18:37:16,650 | INFO | conftest | Closing browser
2026-05-07 18:37:16,800 | INFO | NotesAPI | Response Status -> 200
2026-05-07 18:37:16,800 | INFO | test_api_to_ui_validation | Delete Status: 200
2026-05-07 18:37:16,800 | INFO | test_api_to_ui_validation | Refreshing UI page
2026-05-07 18:37:16,800 | INFO | NotesPage | Refreshing browser page
2026-05-07 18:37:18,056 | INFO | conftest | Launching Chrome browser
2026-05-07 18:37:18,190 | INFO | NotesPage | Checking if note exists: DELETE-0c495bca-b0b4-4ec1-a67d-869397861ce1
2026-05-07 18:37:19,067 | INFO | conftest | Launching Chrome browser
2026-05-07 18:37:19,201 | WARNING | NotesPage | Note NOT found: DELETE-0c495bca-b0b4-4ec1-a67d-869397861ce1
2026-05-07 18:37:19,201 | INFO | test_api_to_ui_validation | Deleted note removed from UI successfully
2026-05-07 18:37:19,201 | INFO | test_api_to_ui_validation | E2E API -> UI validation PASSED
2026-05-07 18:37:19,205 | INFO | conftest | Closing browser
2026-05-07 18:37:21,550 | INFO | conftest | Launching Chrome browser
2026-05-07 18:37:22,111 | INFO | conftest | Selenium Grid not detected
2026-05-07 18:37:22,111 | INFO | conftest | Running tests locally
2026-05-07 18:37:23,157 | INFO | conftest | Selenium Grid not detected
2026-05-07 18:37:23,158 | INFO | conftest | Running tests locally
2026-05-07 18:37:25,615 | INFO | conftest | Selenium Grid not detected
2026-05-07 18:37:25,615 | INFO | conftest | Running tests locally
2026-05-07 18:37:28,387 | INFO | LoginPage | Attempting login with email: wrong@test.com
2026-05-07 18:37:28,387 | INFO | LoginPage | Typing 'wrong@test.com' into element: ('id', 'email')
2026-05-07 18:37:28,438 | INFO | conftest | Performing login fixture setup
2026-05-07 18:37:28,480 | INFO | LoginPage | Typing 'Password123' into element: ('id', 'password')
2026-05-07 18:37:28,603 | INFO | LoginPage | Login button clicked
2026-05-07 18:37:28,905 | INFO | conftest | Closing browser
2026-05-07 18:37:30,101 | INFO | LoginPage | Attempting login with email: raghu1@gmail.com
2026-05-07 18:37:30,101 | INFO | LoginPage | Typing 'raghu1@gmail.com' into element: ('id', 'email')
2026-05-07 18:37:30,191 | INFO | LoginPage | Typing 'raghu1' into element: ('id', 'password')
2026-05-07 18:37:30,275 | INFO | LoginPage | Login button clicked
2026-05-07 18:37:30,275 | INFO | LoginPage | Validating login success
2026-05-07 18:37:31,020 | INFO | conftest | Launching Chrome browser
2026-05-07 18:37:31,065 | INFO | LoginPage | Attempting login with email: raghu1@gmail.com
2026-05-07 18:37:31,065 | INFO | LoginPage | Typing 'raghu1@gmail.com' into element: ('id', 'email')
2026-05-07 18:37:31,175 | INFO | LoginPage | Typing 'raghu1' into element: ('id', 'password')
2026-05-07 18:37:31,268 | INFO | LoginPage | Login button clicked
2026-05-07 18:37:31,268 | INFO | conftest | Login fixture completed
2026-05-07 18:37:31,269 | INFO | NotesPage | Creating note | Title: Instant-c4b6e5d3-f949-4521-8844-414ab2458a6c
2026-05-07 18:37:31,270 | INFO | NotesPage | Clicking Add Note button
2026-05-07 18:37:31,964 | INFO | conftest | Closing browser
2026-05-07 18:37:34,133 | INFO | conftest | Launching Chrome browser
2026-05-07 18:37:35,101 | INFO | conftest | Selenium Grid not detected
2026-05-07 18:37:35,101 | INFO | conftest | Running tests locally
2026-05-07 18:37:37,595 | INFO | NotesPage | Entering title: Instant-c4b6e5d3-f949-4521-8844-414ab2458a6c
2026-05-07 18:37:37,595 | INFO | NotesPage | Typing 'Instant-c4b6e5d3-f949-4521-8844-414ab2458a6c' into element: ('id', 'title')
2026-05-07 18:37:37,695 | INFO | NotesPage | Entering description
2026-05-07 18:37:37,695 | INFO | NotesPage | Typing 'DOM validation' into element: ('id', 'description')
2026-05-07 18:37:37,754 | INFO | NotesPage | Selecting category: Work
2026-05-07 18:37:37,855 | INFO | NotesPage | Clicking Create button
2026-05-07 18:37:37,890 | INFO | NotesPage | Checking if note exists: Instant-c4b6e5d3-f949-4521-8844-414ab2458a6c
2026-05-07 18:37:38,231 | INFO | conftest | Selenium Grid not detected
2026-05-07 18:37:38,231 | INFO | conftest | Running tests locally
2026-05-07 18:37:40,358 | INFO | LoginPage | Attempting login with email: 
2026-05-07 18:37:40,359 | INFO | LoginPage | Typing '' into element: ('id', 'email')
2026-05-07 18:37:40,454 | INFO | LoginPage | Typing 'Password123' into element: ('id', 'password')
2026-05-07 18:37:40,558 | INFO | LoginPage | Login button clicked
2026-05-07 18:37:41,147 | WARNING | NotesPage | Stale element detected. Retrying...
2026-05-07 18:37:42,306 | INFO | NotesPage | Note created successfully | Title: Instant-c4b6e5d3-f949-4521-8844-414ab2458a6c
2026-05-07 18:37:42,307 | INFO | NotesPage | Checking if note exists: Instant-c4b6e5d3-f949-4521-8844-414ab2458a6c
2026-05-07 18:37:43,263 | INFO | NotesPage | Note found: Instant-c4b6e5d3-f949-4521-8844-414ab2458a6c
2026-05-07 18:37:43,265 | INFO | conftest | Closing browser
2026-05-07 18:37:43,895 | INFO | LoginPage | Attempting login with email: 
2026-05-07 18:37:43,896 | INFO | LoginPage | Typing '' into element: ('id', 'email')
2026-05-07 18:37:43,964 | INFO | LoginPage | Typing '' into element: ('id', 'password')
2026-05-07 18:37:44,065 | INFO | LoginPage | Login button clicked
2026-05-07 18:37:45,542 | INFO | conftest | Launching Chrome browser
2026-05-07 18:37:45,611 | INFO | conftest | Closing browser
2026-05-07 18:37:47,832 | INFO | conftest | Launching Chrome browser
2026-05-07 18:37:49,102 | INFO | conftest | Closing browser
2026-05-07 18:37:49,635 | INFO | conftest | Selenium Grid not detected
2026-05-07 18:37:49,635 | INFO | conftest | Running tests locally
2026-05-07 18:37:51,924 | INFO | conftest | Selenium Grid not detected
2026-05-07 18:37:51,924 | INFO | conftest | Running tests locally
2026-05-07 18:37:52,492 | INFO | conftest | Performing login fixture setup
2026-05-07 18:37:54,723 | INFO | conftest | Performing login fixture setup
2026-05-07 18:37:55,227 | INFO | LoginPage | Attempting login with email: raghu1@gmail.com
2026-05-07 18:37:55,227 | INFO | LoginPage | Typing 'raghu1@gmail.com' into element: ('id', 'email')
2026-05-07 18:37:55,351 | INFO | LoginPage | Typing 'raghu1' into element: ('id', 'password')
2026-05-07 18:37:55,492 | INFO | LoginPage | Login button clicked
2026-05-07 18:37:55,492 | INFO | conftest | Login fixture completed
2026-05-07 18:37:55,493 | INFO | NotesPage | Clicking Add Note button
2026-05-07 18:37:56,354 | INFO | NotesPage | Entering description
2026-05-07 18:37:56,355 | INFO | NotesPage | Typing 'Missing title' into element: ('id', 'description')
2026-05-07 18:37:56,426 | INFO | NotesPage | Selecting category: Home
2026-05-07 18:37:56,485 | INFO | NotesPage | Clicking Create button
2026-05-07 18:37:56,513 | INFO | NotesPage | Fetching validation errors
2026-05-07 18:37:56,560 | INFO | conftest | Closing browser
2026-05-07 18:37:57,168 | INFO | LoginPage | Attempting login with email: raghu1@gmail.com
2026-05-07 18:37:57,169 | INFO | LoginPage | Typing 'raghu1@gmail.com' into element: ('id', 'email')
2026-05-07 18:37:57,281 | INFO | LoginPage | Typing 'raghu1' into element: ('id', 'password')
2026-05-07 18:37:57,373 | INFO | LoginPage | Login button clicked
2026-05-07 18:37:57,373 | INFO | conftest | Login fixture completed
2026-05-07 18:37:57,374 | INFO | NotesPage | Clicking Add Note button
2026-05-07 18:37:59,053 | INFO | NotesPage | Entering title: Negative-6172bb37-2660-470d-8d88-ddb3c649cd0e
2026-05-07 18:37:59,053 | INFO | NotesPage | Typing 'Negative-6172bb37-2660-470d-8d88-ddb3c649cd0e' into element: ('id', 'title')
2026-05-07 18:37:59,147 | INFO | NotesPage | Selecting category: Work
2026-05-07 18:37:59,212 | INFO | NotesPage | Clicking Create button
2026-05-07 18:37:59,239 | INFO | NotesPage | Fetching validation errors
2026-05-07 18:37:59,270 | INFO | conftest | Closing browser
2026-05-07 18:43:02,804 | INFO | AuthAPI | POST Request -> https://practice.expandtesting.com/notes/api/users/login
2026-05-07 18:43:02,805 | INFO | AuthAPI | Payload -> {'email': 'raghu1@gmail.com', 'password': 'raghu1'}
2026-05-07 18:43:02,807 | INFO | AuthAPI | POST Request -> https://practice.expandtesting.com/notes/api/users/login
2026-05-07 18:43:02,807 | INFO | AuthAPI | Payload -> {'email': '', 'password': ''}
2026-05-07 18:43:02,809 | INFO | AuthAPI | POST Request -> https://practice.expandtesting.com/notes/api/users/login
2026-05-07 18:43:02,809 | INFO | AuthAPI | Payload -> {'email': 'raghu1@gmail.com', 'password': 'raghu1'}
2026-05-07 18:43:02,810 | INFO | AuthAPI | POST Request -> https://practice.expandtesting.com/notes/api/users/login
2026-05-07 18:43:02,810 | INFO | AuthAPI | Payload -> {'email': 'raghu1@gmail.com', 'password': 'raghu1'}
2026-05-07 18:43:03,780 | INFO | AuthAPI | Response Status -> 400
2026-05-07 18:43:03,786 | INFO | AuthAPI | POST Request -> https://practice.expandtesting.com/notes/api/users/login
2026-05-07 18:43:03,787 | INFO | AuthAPI | Payload -> {'email': 'raghu1@gmail.com', 'password': 'raghu1'}
2026-05-07 18:43:06,553 | INFO | AuthAPI | Response Status -> 200
2026-05-07 18:43:06,557 | INFO | NotesAPI | GET Request -> https://practice.expandtesting.com/notes/api/notes
2026-05-07 18:43:06,561 | INFO | AuthAPI | Response Status -> 200
2026-05-07 18:43:06,565 | INFO | NotesAPI | POST Request -> https://practice.expandtesting.com/notes/api/notes
2026-05-07 18:43:06,565 | INFO | NotesAPI | Payload -> {'title': 'DELETE-326263ca-6787-4b06-b576-b5babf9a8507', 'description': 'Delete Description', 'category': 'Work'}
2026-05-07 18:43:10,151 | INFO | AuthAPI | Response Status -> 200
2026-05-07 18:43:10,163 | INFO | AuthAPI | POST Request -> https://practice.expandtesting.com/notes/api/users/login
2026-05-07 18:43:10,171 | INFO | AuthAPI | Payload -> {'email': 'wrong@test.com', 'password': 'wrongpass'}
2026-05-07 18:43:10,435 | INFO | AuthAPI | Response Status -> 200
2026-05-07 18:43:10,440 | INFO | NotesAPI | POST Request -> https://practice.expandtesting.com/notes/api/notes
2026-05-07 18:43:10,441 | INFO | NotesAPI | Payload -> {'title': 'API-b7927c00-6850-45a6-9c43-86a20b64f915', 'description': 'API Automation Description', 'category': 'Home'}
2026-05-07 18:43:11,197 | INFO | NotesAPI | Response Status -> 200
2026-05-07 18:43:11,198 | INFO | NotesAPI | DELETE Request -> https://practice.expandtesting.com/notes/api/notes/69fc8fe70fadc10297dbfb32
2026-05-07 18:43:14,018 | INFO | NotesAPI | Response Status -> 200
2026-05-07 18:43:14,359 | INFO | NotesAPI | GET Request -> https://practice.expandtesting.com/notes/api/notes
2026-05-07 18:43:14,632 | INFO | AuthAPI | Response Status -> 401
2026-05-07 18:43:14,641 | INFO | AuthAPI | POST Request -> https://practice.expandtesting.com/notes/api/users/login
2026-05-07 18:43:14,641 | INFO | AuthAPI | Payload -> {'email': 'raghu1@gmail.com', 'password': 'raghu1'}
2026-05-07 18:43:17,807 | INFO | NotesAPI | Response Status -> 200
2026-05-07 18:43:17,815 | INFO | AuthAPI | POST Request -> https://practice.expandtesting.com/notes/api/users/login
2026-05-07 18:43:17,815 | INFO | AuthAPI | Payload -> {'email': 'raghu1@gmail.com', 'password': 'raghu1'}
2026-05-07 18:43:18,011 | INFO | NotesAPI | Response Status -> 200
2026-05-07 18:43:18,011 | INFO | NotesAPI | GET Request -> https://practice.expandtesting.com/notes/api/notes
2026-05-07 18:43:19,855 | INFO | NotesAPI | Response Status -> 401
2026-05-07 18:43:19,863 | INFO | AuthAPI | POST Request -> https://practice.expandtesting.com/notes/api/users/login
2026-05-07 18:43:19,864 | INFO | AuthAPI | Payload -> {'email': 'raghu1@gmail.com', 'password': 'raghu1'}
2026-05-07 18:43:20,722 | INFO | AuthAPI | Response Status -> 200
2026-05-07 18:43:20,726 | INFO | NotesAPI | POST Request -> https://practice.expandtesting.com/notes/api/notes
2026-05-07 18:43:20,726 | INFO | NotesAPI | Payload -> {'title': '', 'description': 'Description', 'category': 'Home'}
2026-05-07 18:43:25,691 | INFO | AuthAPI | Response Status -> 200
2026-05-07 18:43:25,694 | INFO | NotesAPI | DELETE Request -> https://practice.expandtesting.com/notes/api/notes/123456789
2026-05-07 18:43:26,554 | INFO | AuthAPI | Response Status -> 200
2026-05-07 18:43:26,557 | INFO | NotesAPI | POST Request -> https://practice.expandtesting.com/notes/api/notes
2026-05-07 18:43:26,558 | INFO | NotesAPI | Payload -> {'title': 'Title', 'description': '', 'category': 'Home'}
2026-05-07 18:43:27,381 | INFO | NotesAPI | Response Status -> 200
2026-05-07 18:43:27,402 | INFO | AuthAPI | POST Request -> https://practice.expandtesting.com/notes/api/users/login
2026-05-07 18:43:27,403 | INFO | AuthAPI | Payload -> {'email': 'raghu1@gmail.com', 'password': 'raghu1'}
2026-05-07 18:43:27,842 | INFO | NotesAPI | Response Status -> 400
2026-05-07 18:43:27,848 | INFO | conftest | Launching Chrome browser
2026-05-07 18:43:27,874 | INFO | conftest | Selenium Grid detected
2026-05-07 18:43:27,874 | INFO | conftest | Running tests on Selenium Grid
2026-05-07 18:43:29,018 | INFO | NotesAPI | Response Status -> 400
2026-05-07 18:43:29,021 | INFO | conftest | Launching Chrome browser
2026-05-07 18:43:29,037 | INFO | conftest | Selenium Grid detected
2026-05-07 18:43:29,037 | INFO | conftest | Running tests on Selenium Grid
2026-05-07 18:43:29,369 | INFO | conftest | Performing login fixture setup
2026-05-07 18:43:29,585 | INFO | conftest | Performing login fixture setup
2026-05-07 18:43:29,827 | INFO | NotesAPI | Response Status -> 400
2026-05-07 18:43:29,836 | INFO | conftest | Launching Chrome browser
2026-05-07 18:43:29,875 | INFO | conftest | Selenium Grid detected
2026-05-07 18:43:29,875 | INFO | conftest | Running tests on Selenium Grid
2026-05-07 18:43:30,451 | INFO | conftest | Performing login fixture setup
2026-05-07 18:43:31,632 | INFO | AuthAPI | Response Status -> 200
2026-05-07 18:43:31,637 | INFO | test_get_notes | Starting test_get_all_notes
2026-05-07 18:43:31,637 | INFO | NotesAPI | GET Request -> https://practice.expandtesting.com/notes/api/notes
2026-05-07 18:43:41,397 | INFO | NotesAPI | Response Status -> 200
2026-05-07 18:43:41,398 | INFO | test_get_notes | Response received: 200
2026-05-07 18:43:41,399 | INFO | test_get_notes | test_get_all_notes PASSED
2026-05-07 18:43:41,409 | INFO | conftest | Launching Chrome browser
2026-05-07 18:43:41,440 | INFO | conftest | Selenium Grid detected
2026-05-07 18:43:41,440 | INFO | conftest | Running tests on Selenium Grid
2026-05-07 18:43:42,061 | INFO | conftest | Performing login fixture setup
2026-05-07 18:43:49,188 | INFO | LoginPage | Attempting login with email: raghu1@gmail.com
2026-05-07 18:43:49,188 | INFO | LoginPage | Typing 'raghu1@gmail.com' into element: ('id', 'email')
2026-05-07 18:43:49,191 | INFO | LoginPage | Attempting login with email: raghu1@gmail.com
2026-05-07 18:43:49,192 | INFO | LoginPage | Typing 'raghu1@gmail.com' into element: ('id', 'email')
2026-05-07 18:43:49,210 | INFO | LoginPage | Attempting login with email: raghu1@gmail.com
2026-05-07 18:43:49,210 | INFO | LoginPage | Typing 'raghu1@gmail.com' into element: ('id', 'email')
2026-05-07 18:43:49,447 | INFO | LoginPage | Typing 'raghu1' into element: ('id', 'password')
2026-05-07 18:43:49,836 | INFO | LoginPage | Login button clicked
2026-05-07 18:43:49,837 | INFO | conftest | Login fixture completed
2026-05-07 18:43:49,839 | INFO | AuthAPI | POST Request -> https://practice.expandtesting.com/notes/api/users/login
2026-05-07 18:43:49,839 | INFO | AuthAPI | Payload -> {'email': 'raghu1@gmail.com', 'password': 'raghu1'}
2026-05-07 18:43:49,840 | INFO | LoginPage | Login button clicked
2026-05-07 18:43:49,841 | INFO | conftest | Login fixture completed
2026-05-07 18:43:49,843 | INFO | AuthAPI | POST Request -> https://practice.expandtesting.com/notes/api/users/login
2026-05-07 18:43:49,843 | INFO | AuthAPI | Payload -> {'email': 'raghu1@gmail.com', 'password': 'raghu1'}
2026-05-07 18:43:49,847 | INFO | LoginPage | Login button clicked
2026-05-07 18:43:49,848 | INFO | conftest | Login fixture completed
2026-05-07 18:43:49,850 | INFO | NotesPage | Creating note | Title: Automation-eb1998ff-05ad-4a82-8bf0-31f710b8604b
2026-05-07 18:43:49,850 | INFO | NotesPage | Clicking Add Note button
2026-05-07 18:44:00,751 | INFO | conftest | Closing browser
2026-05-07 18:44:00,840 | INFO | conftest | Launching Chrome browser
2026-05-07 18:44:00,852 | INFO | conftest | Selenium Grid detected
2026-05-07 18:44:00,852 | INFO | conftest | Running tests on Selenium Grid
2026-05-07 18:44:03,587 | INFO | AuthAPI | Response Status -> 200
2026-05-07 18:44:03,590 | INFO | test_ui_to_api_validation | STARTING E2E TEST: UI -> API
2026-05-07 18:44:03,591 | INFO | test_ui_to_api_validation | Creating note from UI | Title: E2E-de362a36-66c7-4bc5-8119-548b0027a961
2026-05-07 18:44:03,591 | INFO | NotesPage | Creating note | Title: E2E-de362a36-66c7-4bc5-8119-548b0027a961
2026-05-07 18:44:03,591 | INFO | NotesPage | Clicking Add Note button
2026-05-07 18:44:04,315 | INFO | AuthAPI | Response Status -> 200
2026-05-07 18:44:04,318 | INFO | test_api_to_ui_validation | STARTING E2E TEST: API -> UI
2026-05-07 18:44:04,318 | INFO | test_api_to_ui_validation | Creating note via UI | Title: DELETE-7ccd38f8-5116-47b0-a623-38ec9e7dd45e
2026-05-07 18:44:04,318 | INFO | NotesPage | Creating note | Title: DELETE-7ccd38f8-5116-47b0-a623-38ec9e7dd45e
2026-05-07 18:44:04,319 | INFO | NotesPage | Clicking Add Note button
2026-05-07 18:44:04,352 | INFO | LoginPage | Attempting login with email: raghu1@gmail.com
2026-05-07 18:44:04,352 | INFO | LoginPage | Typing 'raghu1@gmail.com' into element: ('id', 'email')
2026-05-07 18:44:04,563 | INFO | LoginPage | Typing 'raghu1' into element: ('id', 'password')
2026-05-07 18:44:05,019 | INFO | LoginPage | Login button clicked
2026-05-07 18:44:05,019 | INFO | conftest | Login fixture completed
2026-05-07 18:44:05,021 | INFO | NotesPage | Creating note | Title: Instant-6a6a9101-d30a-4e51-9889-b1397a096ab7
2026-05-07 18:44:05,021 | INFO | NotesPage | Clicking Add Note button
2026-05-07 18:44:13,995 | INFO | NotesPage | Entering title: DELETE-7ccd38f8-5116-47b0-a623-38ec9e7dd45e
2026-05-07 18:44:13,996 | INFO | NotesPage | Typing 'DELETE-7ccd38f8-5116-47b0-a623-38ec9e7dd45e' into element: ('id', 'title')
2026-05-07 18:44:14,239 | INFO | NotesPage | Entering description
2026-05-07 18:44:14,239 | INFO | NotesPage | Typing 'Delete validation' into element: ('id', 'description')
2026-05-07 18:44:14,424 | INFO | NotesPage | Entering title: E2E-de362a36-66c7-4bc5-8119-548b0027a961
2026-05-07 18:44:14,425 | INFO | NotesPage | Typing 'E2E-de362a36-66c7-4bc5-8119-548b0027a961' into element: ('id', 'title')
2026-05-07 18:44:14,451 | INFO | NotesPage | Selecting category: Work
2026-05-07 18:44:14,617 | INFO | NotesPage | Entering description
2026-05-07 18:44:14,617 | INFO | NotesPage | Typing 'Hybrid UI API Validation' into element: ('id', 'description')
2026-05-07 18:44:14,772 | INFO | NotesPage | Clicking Create button
2026-05-07 18:44:14,810 | INFO | NotesPage | Selecting category: Home
2026-05-07 18:44:15,034 | INFO | NotesPage | Clicking Create button
2026-05-07 18:44:15,038 | INFO | NotesPage | Checking if note exists: DELETE-7ccd38f8-5116-47b0-a623-38ec9e7dd45e
2026-05-07 18:44:15,303 | INFO | NotesPage | Checking if note exists: E2E-de362a36-66c7-4bc5-8119-548b0027a961
2026-05-07 18:44:16,085 | INFO | conftest | Closing browser
2026-05-07 18:44:16,170 | INFO | conftest | Launching Chrome browser
2026-05-07 18:44:16,192 | INFO | conftest | Selenium Grid detected
2026-05-07 18:44:16,192 | INFO | conftest | Running tests on Selenium Grid
2026-05-07 18:44:17,338 | WARNING | NotesPage | Note NOT found: DELETE-7ccd38f8-5116-47b0-a623-38ec9e7dd45e
2026-05-07 18:44:17,567 | WARNING | NotesPage | Note NOT found: E2E-de362a36-66c7-4bc5-8119-548b0027a961
2026-05-07 18:44:17,838 | INFO | NotesPage | Checking if note exists: DELETE-7ccd38f8-5116-47b0-a623-38ec9e7dd45e
2026-05-07 18:44:18,067 | INFO | NotesPage | Checking if note exists: E2E-de362a36-66c7-4bc5-8119-548b0027a961
2026-05-07 18:44:21,302 | INFO | LoginPage | Attempting login with email: 
2026-05-07 18:44:21,302 | INFO | LoginPage | Typing '' into element: ('id', 'email')
2026-05-07 18:44:21,503 | INFO | LoginPage | Typing 'Password123' into element: ('id', 'password')
2026-05-07 18:44:21,900 | INFO | LoginPage | Login button clicked
2026-05-07 18:44:25,151 | WARNING | NotesPage | Stale element detected. Retrying...
2026-05-07 18:44:25,152 | WARNING | NotesPage | Stale element detected. Retrying...
2026-05-07 18:44:27,030 | INFO | conftest | Closing browser
2026-05-07 18:44:27,118 | INFO | conftest | Launching Chrome browser
2026-05-07 18:44:27,148 | INFO | conftest | Selenium Grid detected
2026-05-07 18:44:27,148 | INFO | conftest | Running tests on Selenium Grid
2026-05-07 18:44:27,300 | INFO | LoginPage | Attempting login with email: 
2026-05-07 18:44:27,300 | INFO | LoginPage | Typing '' into element: ('id', 'email')
2026-05-07 18:44:27,404 | INFO | conftest | Performing login fixture setup
2026-05-07 18:44:27,476 | INFO | LoginPage | Typing '' into element: ('id', 'password')
2026-05-07 18:44:27,894 | INFO | LoginPage | Login button clicked
2026-05-07 18:44:31,491 | INFO | NotesPage | Note created successfully | Title: DELETE-7ccd38f8-5116-47b0-a623-38ec9e7dd45e
2026-05-07 18:44:31,491 | INFO | test_api_to_ui_validation | Note created successfully
2026-05-07 18:44:31,492 | INFO | NotesPage | Checking if note exists: DELETE-7ccd38f8-5116-47b0-a623-38ec9e7dd45e
2026-05-07 18:44:32,085 | INFO | NotesPage | Note created successfully | Title: E2E-de362a36-66c7-4bc5-8119-548b0027a961
2026-05-07 18:44:32,086 | INFO | test_ui_to_api_validation | Note creation completed
2026-05-07 18:44:32,086 | INFO | NotesPage | Checking if note exists: E2E-de362a36-66c7-4bc5-8119-548b0027a961
2026-05-07 18:44:33,007 | INFO | conftest | Closing browser
2026-05-07 18:44:33,090 | INFO | conftest | Launching Chrome browser
2026-05-07 18:44:33,127 | INFO | conftest | Selenium Grid detected
2026-05-07 18:44:33,127 | INFO | conftest | Running tests on Selenium Grid
2026-05-07 18:44:33,411 | INFO | conftest | Performing login fixture setup
2026-05-07 18:44:33,459 | INFO | NotesPage | Note found: DELETE-7ccd38f8-5116-47b0-a623-38ec9e7dd45e
2026-05-07 18:44:33,459 | INFO | test_api_to_ui_validation | Note created and visible in UI
2026-05-07 18:44:33,460 | INFO | NotesAPI | GET Request -> https://practice.expandtesting.com/notes/api/notes
2026-05-07 18:44:34,026 | INFO | NotesPage | Note found: E2E-de362a36-66c7-4bc5-8119-548b0027a961
2026-05-07 18:44:34,026 | INFO | test_ui_to_api_validation | Note visible in UI successfully
2026-05-07 18:44:34,026 | INFO | test_ui_to_api_validation | Calling GET /notes API
2026-05-07 18:44:34,026 | INFO | NotesAPI | GET Request -> https://practice.expandtesting.com/notes/api/notes
2026-05-07 18:44:41,601 | INFO | NotesAPI | Response Status -> 200
2026-05-07 18:44:41,601 | INFO | test_ui_to_api_validation | API Response Status: 200
2026-05-07 18:44:41,603 | INFO | test_ui_to_api_validation | API Response Time: 7.553419
2026-05-07 18:44:41,837 | INFO | NotesAPI | Response Status -> 200
2026-05-07 18:44:41,837 | INFO | test_api_to_ui_validation | GET Notes Status: 200
2026-05-07 18:44:41,839 | INFO | test_api_to_ui_validation | Located Note ID: 69fc902a0fadc10297dbfba1
2026-05-07 18:44:41,839 | INFO | test_api_to_ui_validation | Deleting note via API | ID: 69fc902a0fadc10297dbfba1
2026-05-07 18:44:41,839 | INFO | NotesAPI | DELETE Request -> https://practice.expandtesting.com/notes/api/notes/69fc902a0fadc10297dbfba1
2026-05-07 18:44:42,072 | INFO | conftest | Closing browser
2026-05-07 18:44:42,181 | INFO | conftest | Launching Chrome browser
2026-05-07 18:44:42,193 | INFO | conftest | Selenium Grid detected
2026-05-07 18:44:42,194 | INFO | conftest | Running tests on Selenium Grid
2026-05-07 18:44:43,213 | INFO | LoginPage | Attempting login with email: raghu1@gmail.com
2026-05-07 18:44:43,213 | INFO | LoginPage | Typing 'raghu1@gmail.com' into element: ('id', 'email')
2026-05-07 18:44:43,423 | INFO | LoginPage | Typing 'raghu1' into element: ('id', 'password')
2026-05-07 18:44:43,818 | INFO | LoginPage | Login button clicked
2026-05-07 18:44:43,818 | INFO | conftest | Login fixture completed
2026-05-07 18:44:43,820 | INFO | NotesPage | Clicking Add Note button
2026-05-07 18:44:45,102 | INFO | NotesAPI | Response Status -> 200
2026-05-07 18:44:45,102 | INFO | test_api_to_ui_validation | Delete Status: 200
2026-05-07 18:44:45,102 | INFO | test_api_to_ui_validation | Refreshing UI page
2026-05-07 18:44:45,102 | INFO | NotesPage | Refreshing browser page
2026-05-07 18:44:48,411 | INFO | LoginPage | Attempting login with email: raghu1@gmail.com
2026-05-07 18:44:48,411 | INFO | LoginPage | Typing 'raghu1@gmail.com' into element: ('id', 'email')
2026-05-07 18:44:48,630 | INFO | LoginPage | Typing 'raghu1' into element: ('id', 'password')
2026-05-07 18:44:49,093 | INFO | LoginPage | Login button clicked
2026-05-07 18:44:49,093 | INFO | conftest | Login fixture completed
2026-05-07 18:44:49,094 | INFO | NotesPage | Clicking Add Note button
2026-05-07 18:44:54,660 | INFO | conftest | Closing browser
2026-05-07 18:44:57,453 | INFO | LoginPage | Attempting login with email: wrong@test.com
2026-05-07 18:44:57,453 | INFO | LoginPage | Typing 'wrong@test.com' into element: ('id', 'email')
2026-05-07 18:44:57,666 | INFO | LoginPage | Typing 'Password123' into element: ('id', 'password')
2026-05-07 18:44:58,096 | INFO | LoginPage | Login button clicked
2026-05-07 18:44:58,177 | INFO | NotesPage | Checking if note exists: DELETE-7ccd38f8-5116-47b0-a623-38ec9e7dd45e
2026-05-07 18:44:58,210 | INFO | NotesPage | Entering title: Negative-554dfc4d-fb60-47bc-a11b-dc9efe94e58e
2026-05-07 18:44:58,210 | INFO | NotesPage | Typing 'Negative-554dfc4d-fb60-47bc-a11b-dc9efe94e58e' into element: ('id', 'title')
2026-05-07 18:44:58,439 | INFO | NotesPage | Selecting category: Work
2026-05-07 18:44:58,716 | INFO | NotesPage | Clicking Create button
2026-05-07 18:44:58,955 | INFO | NotesPage | Fetching validation errors
2026-05-07 18:44:59,077 | INFO | conftest | Closing browser
2026-05-07 18:44:59,150 | INFO | conftest | Closing browser
2026-05-07 18:45:00,093 | WARNING | NotesPage | Note NOT found: DELETE-7ccd38f8-5116-47b0-a623-38ec9e7dd45e
2026-05-07 18:45:00,094 | INFO | test_api_to_ui_validation | Deleted note removed from UI successfully
2026-05-07 18:45:00,094 | INFO | test_api_to_ui_validation | E2E API -> UI validation PASSED
2026-05-07 18:45:00,100 | INFO | conftest | Closing browser
2026-05-07 18:45:00,195 | INFO | conftest | Launching Chrome browser
2026-05-07 18:45:00,225 | INFO | conftest | Selenium Grid detected
2026-05-07 18:45:00,226 | INFO | conftest | Running tests on Selenium Grid
2026-05-07 18:45:07,693 | INFO | LoginPage | Attempting login with email: raghu1@gmail.com
2026-05-07 18:45:07,694 | INFO | LoginPage | Typing 'raghu1@gmail.com' into element: ('id', 'email')
2026-05-07 18:45:07,898 | INFO | LoginPage | Typing 'raghu1' into element: ('id', 'password')
2026-05-07 18:45:08,300 | INFO | LoginPage | Login button clicked
2026-05-07 18:45:08,301 | INFO | LoginPage | Validating login success
2026-05-07 18:45:10,436 | INFO | conftest | Closing browser
2026-05-07 18:51:05,975 | INFO | AuthAPI | POST Request -> https://practice.expandtesting.com/notes/api/users/login
2026-05-07 18:51:05,975 | INFO | AuthAPI | Payload -> {'email': 'raghu1@gmail.com', 'password': 'raghu1'}
2026-05-07 18:51:05,976 | INFO | AuthAPI | POST Request -> https://practice.expandtesting.com/notes/api/users/login
2026-05-07 18:51:05,976 | INFO | AuthAPI | Payload -> {'email': 'raghu1@gmail.com', 'password': 'raghu1'}
2026-05-07 18:51:05,976 | INFO | AuthAPI | POST Request -> https://practice.expandtesting.com/notes/api/users/login
2026-05-07 18:51:05,977 | INFO | AuthAPI | Payload -> {'email': 'raghu1@gmail.com', 'password': 'raghu1'}
2026-05-07 18:51:05,978 | INFO | AuthAPI | POST Request -> https://practice.expandtesting.com/notes/api/users/login
2026-05-07 18:51:05,978 | INFO | AuthAPI | POST Request -> https://practice.expandtesting.com/notes/api/users/login
2026-05-07 18:51:05,978 | INFO | AuthAPI | Payload -> {'email': '', 'password': ''}
2026-05-07 18:51:05,978 | INFO | AuthAPI | Payload -> {'email': 'raghu1@gmail.com', 'password': 'raghu1'}
2026-05-07 18:51:07,655 | INFO | AuthAPI | Response Status -> 400
2026-05-07 18:51:07,660 | INFO | AuthAPI | POST Request -> https://practice.expandtesting.com/notes/api/users/login
2026-05-07 18:51:07,661 | INFO | AuthAPI | Payload -> {'email': 'raghu1@gmail.com', 'password': 'raghu1'}
2026-05-07 18:51:12,451 | INFO | AuthAPI | Response Status -> 200
2026-05-07 18:51:12,456 | INFO | NotesAPI | GET Request -> https://practice.expandtesting.com/notes/api/notes
2026-05-07 18:51:12,459 | INFO | AuthAPI | Response Status -> 200
2026-05-07 18:51:12,465 | INFO | NotesAPI | DELETE Request -> https://practice.expandtesting.com/notes/api/notes/123456789
2026-05-07 18:51:14,770 | INFO | AuthAPI | Response Status -> 200
2026-05-07 18:51:14,781 | INFO | AuthAPI | Response Status -> 200
2026-05-07 18:51:14,785 | INFO | AuthAPI | POST Request -> https://practice.expandtesting.com/notes/api/users/login
2026-05-07 18:51:14,785 | INFO | AuthAPI | Payload -> {'email': 'wrong@test.com', 'password': 'wrongpass'}
2026-05-07 18:51:14,787 | INFO | NotesAPI | POST Request -> https://practice.expandtesting.com/notes/api/notes
2026-05-07 18:51:14,787 | INFO | NotesAPI | Payload -> {'title': 'DELETE-697205d6-e921-4554-97c0-fb5484b7b5d2', 'description': 'Delete Description', 'category': 'Work'}
2026-05-07 18:51:16,851 | INFO | AuthAPI | Response Status -> 200
2026-05-07 18:51:16,855 | INFO | NotesAPI | POST Request -> https://practice.expandtesting.com/notes/api/notes
2026-05-07 18:51:16,855 | INFO | NotesAPI | Payload -> {'title': 'API-52ba7313-5282-44ba-afee-1a7c6ffc2432', 'description': 'API Automation Description', 'category': 'Home'}
2026-05-07 18:51:17,338 | INFO | NotesAPI | Response Status -> 400
2026-05-07 18:51:17,346 | INFO | AuthAPI | POST Request -> https://practice.expandtesting.com/notes/api/users/login
2026-05-07 18:51:17,346 | INFO | AuthAPI | Payload -> {'email': 'raghu1@gmail.com', 'password': 'raghu1'}
2026-05-07 18:51:17,419 | INFO | AuthAPI | Response Status -> 401
2026-05-07 18:51:17,427 | INFO | conftest | Launching Chrome browser
2026-05-07 18:51:17,476 | INFO | conftest | Selenium Grid detected
2026-05-07 18:51:17,476 | INFO | conftest | Running tests on Selenium Grid
2026-05-07 18:51:18,053 | INFO | conftest | Performing login fixture setup
2026-05-07 18:51:20,144 | INFO | NotesAPI | Response Status -> 200
2026-05-07 18:51:20,144 | INFO | NotesAPI | DELETE Request -> https://practice.expandtesting.com/notes/api/notes/69fc91cf0fadc10297dbfee6
2026-05-07 18:51:20,180 | INFO | NotesAPI | Response Status -> 200
2026-05-07 18:51:20,535 | INFO | NotesAPI | GET Request -> https://practice.expandtesting.com/notes/api/notes
2026-05-07 18:51:21,895 | INFO | AuthAPI | Response Status -> 200
2026-05-07 18:51:21,901 | INFO | NotesAPI | POST Request -> https://practice.expandtesting.com/notes/api/notes
2026-05-07 18:51:21,901 | INFO | NotesAPI | Payload -> {'title': '', 'description': 'Description', 'category': 'Home'}
2026-05-07 18:51:22,052 | INFO | NotesAPI | Response Status -> 200
2026-05-07 18:51:22,062 | INFO | AuthAPI | POST Request -> https://practice.expandtesting.com/notes/api/users/login
2026-05-07 18:51:22,063 | INFO | AuthAPI | Payload -> {'email': 'raghu1@gmail.com', 'password': 'raghu1'}
2026-05-07 18:51:22,860 | INFO | NotesAPI | Response Status -> 401
2026-05-07 18:51:22,866 | INFO | conftest | Launching Chrome browser
2026-05-07 18:51:22,904 | INFO | conftest | Selenium Grid detected
2026-05-07 18:51:22,904 | INFO | conftest | Running tests on Selenium Grid
2026-05-07 18:51:23,014 | INFO | NotesAPI | Response Status -> 200
2026-05-07 18:51:23,014 | INFO | NotesAPI | GET Request -> https://practice.expandtesting.com/notes/api/notes
2026-05-07 18:51:23,411 | INFO | conftest | Performing login fixture setup
2026-05-07 18:51:23,741 | INFO | NotesAPI | Response Status -> 400
2026-05-07 18:51:23,751 | INFO | conftest | Launching Chrome browser
2026-05-07 18:51:23,792 | INFO | conftest | Selenium Grid detected
2026-05-07 18:51:23,792 | INFO | conftest | Running tests on Selenium Grid
2026-05-07 18:51:24,279 | INFO | conftest | Performing login fixture setup
2026-05-07 18:51:26,141 | INFO | AuthAPI | Response Status -> 200
2026-05-07 18:51:26,145 | INFO | NotesAPI | POST Request -> https://practice.expandtesting.com/notes/api/notes
2026-05-07 18:51:26,146 | INFO | NotesAPI | Payload -> {'title': 'Title', 'description': '', 'category': 'Home'}
2026-05-07 18:51:29,535 | INFO | NotesAPI | Response Status -> 200
2026-05-07 18:51:29,551 | INFO | AuthAPI | POST Request -> https://practice.expandtesting.com/notes/api/users/login
2026-05-07 18:51:29,551 | INFO | AuthAPI | Payload -> {'email': 'raghu1@gmail.com', 'password': 'raghu1'}
2026-05-07 18:51:30,327 | INFO | LoginPage | Attempting login with email: raghu1@gmail.com
2026-05-07 18:51:30,328 | INFO | LoginPage | Typing 'raghu1@gmail.com' into element: ('id', 'email')
2026-05-07 18:51:30,779 | INFO | LoginPage | Typing 'raghu1' into element: ('id', 'password')
2026-05-07 18:51:31,261 | INFO | LoginPage | Login button clicked
2026-05-07 18:51:31,278 | INFO | conftest | Login fixture completed
2026-05-07 18:51:31,279 | INFO | AuthAPI | POST Request -> https://practice.expandtesting.com/notes/api/users/login
2026-05-07 18:51:31,279 | INFO | AuthAPI | Payload -> {'email': 'raghu1@gmail.com', 'password': 'raghu1'}
2026-05-07 18:51:31,657 | INFO | NotesAPI | Response Status -> 400
2026-05-07 18:51:31,665 | INFO | conftest | Launching Chrome browser
2026-05-07 18:51:31,693 | INFO | conftest | Selenium Grid detected
2026-05-07 18:51:31,693 | INFO | conftest | Running tests on Selenium Grid
2026-05-07 18:51:40,932 | INFO | AuthAPI | Response Status -> 200
2026-05-07 18:51:40,936 | INFO | test_get_notes | Starting test_get_all_notes
2026-05-07 18:51:40,936 | INFO | NotesAPI | GET Request -> https://practice.expandtesting.com/notes/api/notes
2026-05-07 18:51:41,568 | INFO | AuthAPI | Response Status -> 200
2026-05-07 18:51:41,569 | INFO | test_api_to_ui_validation | STARTING E2E TEST: API -> UI
2026-05-07 18:51:41,570 | INFO | test_api_to_ui_validation | Creating note via UI | Title: DELETE-9e24656b-086f-4fd8-a433-ff1eb6ee9727
2026-05-07 18:51:41,570 | INFO | NotesPage | Creating note | Title: DELETE-9e24656b-086f-4fd8-a433-ff1eb6ee9727
2026-05-07 18:51:41,570 | INFO | NotesPage | Clicking Add Note button
2026-05-07 18:51:44,410 | INFO | LoginPage | Attempting login with email: raghu1@gmail.com
2026-05-07 18:51:44,411 | INFO | LoginPage | Typing 'raghu1@gmail.com' into element: ('id', 'email')
2026-05-07 18:51:44,579 | INFO | LoginPage | Attempting login with email: raghu1@gmail.com
2026-05-07 18:51:44,580 | INFO | LoginPage | Typing 'raghu1@gmail.com' into element: ('id', 'email')
2026-05-07 18:51:44,611 | INFO | LoginPage | Typing 'raghu1' into element: ('id', 'password')
2026-05-07 18:51:44,652 | INFO | NotesPage | Entering title: DELETE-9e24656b-086f-4fd8-a433-ff1eb6ee9727
2026-05-07 18:51:44,652 | INFO | NotesPage | Typing 'DELETE-9e24656b-086f-4fd8-a433-ff1eb6ee9727' into element: ('id', 'title')
2026-05-07 18:51:44,809 | INFO | LoginPage | Typing 'raghu1' into element: ('id', 'password')
2026-05-07 18:51:44,826 | INFO | NotesAPI | Response Status -> 200
2026-05-07 18:51:44,826 | INFO | test_get_notes | Response received: 200
2026-05-07 18:51:44,827 | INFO | test_get_notes | test_get_all_notes PASSED
2026-05-07 18:51:44,831 | INFO | conftest | Launching Chrome browser
2026-05-07 18:51:44,851 | INFO | conftest | Selenium Grid detected
2026-05-07 18:51:44,852 | INFO | conftest | Running tests on Selenium Grid
2026-05-07 18:51:44,914 | INFO | NotesPage | Entering description
2026-05-07 18:51:44,914 | INFO | NotesPage | Typing 'Delete validation' into element: ('id', 'description')
2026-05-07 18:51:45,038 | INFO | LoginPage | Login button clicked
2026-05-07 18:51:45,038 | INFO | conftest | Login fixture completed
2026-05-07 18:51:45,039 | INFO | AuthAPI | POST Request -> https://practice.expandtesting.com/notes/api/users/login
2026-05-07 18:51:45,039 | INFO | AuthAPI | Payload -> {'email': 'raghu1@gmail.com', 'password': 'raghu1'}
2026-05-07 18:51:45,142 | INFO | NotesPage | Selecting category: Work
2026-05-07 18:51:45,254 | INFO | LoginPage | Login button clicked
2026-05-07 18:51:45,254 | INFO | conftest | Login fixture completed
2026-05-07 18:51:45,255 | INFO | NotesPage | Creating note | Title: Instant-db71e449-8adf-41c2-9077-c8230a7a6dd5
2026-05-07 18:51:45,256 | INFO | NotesPage | Clicking Add Note button
2026-05-07 18:51:45,511 | INFO | NotesPage | Clicking Create button
2026-05-07 18:51:45,726 | INFO | NotesPage | Checking if note exists: DELETE-9e24656b-086f-4fd8-a433-ff1eb6ee9727
2026-05-07 18:51:48,244 | WARNING | NotesPage | Note NOT found: DELETE-9e24656b-086f-4fd8-a433-ff1eb6ee9727
2026-05-07 18:51:48,745 | INFO | NotesPage | Checking if note exists: DELETE-9e24656b-086f-4fd8-a433-ff1eb6ee9727
2026-05-07 18:51:50,791 | WARNING | NotesPage | Note NOT found: DELETE-9e24656b-086f-4fd8-a433-ff1eb6ee9727
2026-05-07 18:51:51,250 | INFO | AuthAPI | Response Status -> 200
2026-05-07 18:51:51,255 | INFO | test_ui_to_api_validation | STARTING E2E TEST: UI -> API
2026-05-07 18:51:51,255 | INFO | test_ui_to_api_validation | Creating note from UI | Title: E2E-7197c595-49b5-4a26-8607-0de6f258b7a7
2026-05-07 18:51:51,255 | INFO | NotesPage | Creating note | Title: E2E-7197c595-49b5-4a26-8607-0de6f258b7a7
2026-05-07 18:51:51,256 | INFO | NotesPage | Clicking Add Note button
2026-05-07 18:51:51,291 | INFO | NotesPage | Checking if note exists: DELETE-9e24656b-086f-4fd8-a433-ff1eb6ee9727
2026-05-07 18:51:52,732 | INFO | LoginPage | Attempting login with email: raghu1@gmail.com
2026-05-07 18:51:52,732 | INFO | LoginPage | Typing 'raghu1@gmail.com' into element: ('id', 'email')
2026-05-07 18:51:52,952 | INFO | LoginPage | Typing 'raghu1' into element: ('id', 'password')
2026-05-07 18:51:53,370 | INFO | LoginPage | Login button clicked
2026-05-07 18:51:53,370 | INFO | LoginPage | Validating login success
2026-05-07 18:51:56,099 | INFO | conftest | Closing browser
2026-05-07 18:51:56,117 | INFO | NotesPage | Entering title: E2E-7197c595-49b5-4a26-8607-0de6f258b7a7
2026-05-07 18:51:56,117 | INFO | NotesPage | Typing 'E2E-7197c595-49b5-4a26-8607-0de6f258b7a7' into element: ('id', 'title')
2026-05-07 18:51:56,185 | INFO | conftest | Launching Chrome browser
2026-05-07 18:51:56,196 | INFO | conftest | Selenium Grid detected
2026-05-07 18:51:56,196 | INFO | conftest | Running tests on Selenium Grid
2026-05-07 18:51:56,368 | INFO | NotesPage | Entering description
2026-05-07 18:51:56,368 | INFO | NotesPage | Typing 'Hybrid UI API Validation' into element: ('id', 'description')
2026-05-07 18:51:56,582 | INFO | NotesPage | Selecting category: Home
2026-05-07 18:51:56,835 | INFO | NotesPage | Clicking Create button
2026-05-07 18:51:57,089 | INFO | NotesPage | Checking if note exists: E2E-7197c595-49b5-4a26-8607-0de6f258b7a7
2026-05-07 18:51:59,271 | WARNING | NotesPage | Note NOT found: E2E-7197c595-49b5-4a26-8607-0de6f258b7a7
2026-05-07 18:51:59,772 | INFO | NotesPage | Checking if note exists: E2E-7197c595-49b5-4a26-8607-0de6f258b7a7
2026-05-07 18:52:00,876 | INFO | conftest | Closing browser
2026-05-07 18:52:00,960 | INFO | conftest | Launching Chrome browser
2026-05-07 18:52:00,970 | INFO | conftest | Selenium Grid detected
2026-05-07 18:52:00,970 | INFO | conftest | Running tests on Selenium Grid
2026-05-07 18:52:01,306 | INFO | conftest | Performing login fixture setup
2026-05-07 18:52:01,876 | WARNING | NotesPage | Note NOT found: E2E-7197c595-49b5-4a26-8607-0de6f258b7a7
2026-05-07 18:52:02,378 | INFO | NotesPage | Checking if note exists: E2E-7197c595-49b5-4a26-8607-0de6f258b7a7
2026-05-07 18:52:04,203 | WARNING | NotesPage | Note NOT found: E2E-7197c595-49b5-4a26-8607-0de6f258b7a7
2026-05-07 18:52:04,704 | INFO | NotesPage | Checking if note exists: E2E-7197c595-49b5-4a26-8607-0de6f258b7a7
2026-05-07 18:52:06,022 | WARNING | NotesPage | Stale element detected. Retrying...
2026-05-07 18:52:06,568 | INFO | LoginPage | Attempting login with email: 
2026-05-07 18:52:06,568 | INFO | LoginPage | Typing '' into element: ('id', 'email')
2026-05-07 18:52:06,623 | WARNING | NotesPage | Note NOT found: E2E-7197c595-49b5-4a26-8607-0de6f258b7a7
2026-05-07 18:52:06,756 | INFO | LoginPage | Typing '' into element: ('id', 'password')
2026-05-07 18:52:07,124 | INFO | NotesPage | Checking if note exists: E2E-7197c595-49b5-4a26-8607-0de6f258b7a7
2026-05-07 18:52:07,171 | INFO | LoginPage | Login button clicked
2026-05-07 18:52:11,433 | INFO | conftest | Closing browser
2026-05-07 18:52:11,527 | INFO | conftest | Launching Chrome browser
2026-05-07 18:52:11,538 | INFO | conftest | Selenium Grid detected
2026-05-07 18:52:11,538 | INFO | conftest | Running tests on Selenium Grid
2026-05-07 18:52:11,812 | INFO | conftest | Performing login fixture setup
2026-05-07 18:52:12,319 | INFO | conftest | Closing browser
2026-05-07 18:52:12,398 | INFO | conftest | Launching Chrome browser
2026-05-07 18:52:12,432 | INFO | conftest | Selenium Grid detected
2026-05-07 18:52:12,432 | INFO | conftest | Running tests on Selenium Grid
2026-05-07 18:52:12,748 | INFO | conftest | Performing login fixture setup
2026-05-07 18:52:15,454 | INFO | LoginPage | Attempting login with email: wrong@test.com
2026-05-07 18:52:15,455 | INFO | LoginPage | Typing 'wrong@test.com' into element: ('id', 'email')
2026-05-07 18:52:15,685 | INFO | LoginPage | Typing 'Password123' into element: ('id', 'password')
2026-05-07 18:52:16,136 | INFO | LoginPage | Login button clicked
2026-05-07 18:52:16,719 | INFO | LoginPage | Attempting login with email: raghu1@gmail.com
2026-05-07 18:52:16,720 | INFO | LoginPage | Typing 'raghu1@gmail.com' into element: ('id', 'email')
2026-05-07 18:52:16,938 | INFO | LoginPage | Typing 'raghu1' into element: ('id', 'password')
2026-05-07 18:52:17,336 | INFO | LoginPage | Login button clicked
2026-05-07 18:52:17,336 | INFO | conftest | Login fixture completed
2026-05-07 18:52:17,338 | INFO | NotesPage | Clicking Add Note button
2026-05-07 18:52:18,520 | INFO | conftest | Closing browser
2026-05-07 18:52:20,207 | INFO | NotesPage | Note found: E2E-7197c595-49b5-4a26-8607-0de6f258b7a7
2026-05-07 18:52:20,207 | INFO | NotesPage | Note created successfully | Title: E2E-7197c595-49b5-4a26-8607-0de6f258b7a7
2026-05-07 18:52:20,207 | INFO | test_ui_to_api_validation | Note creation completed
2026-05-07 18:52:20,207 | INFO | NotesPage | Checking if note exists: E2E-7197c595-49b5-4a26-8607-0de6f258b7a7
2026-05-07 18:52:21,782 | INFO | NotesPage | Note found: E2E-7197c595-49b5-4a26-8607-0de6f258b7a7
2026-05-07 18:52:21,782 | INFO | test_ui_to_api_validation | Note visible in UI successfully
2026-05-07 18:52:21,782 | INFO | test_ui_to_api_validation | Calling GET /notes API
2026-05-07 18:52:21,782 | INFO | NotesAPI | GET Request -> https://practice.expandtesting.com/notes/api/notes
2026-05-07 18:52:26,417 | INFO | LoginPage | Attempting login with email: raghu1@gmail.com
2026-05-07 18:52:26,417 | INFO | LoginPage | Typing 'raghu1@gmail.com' into element: ('id', 'email')
2026-05-07 18:52:26,663 | INFO | LoginPage | Typing 'raghu1' into element: ('id', 'password')
2026-05-07 18:52:27,023 | INFO | LoginPage | Login button clicked
2026-05-07 18:52:27,023 | INFO | conftest | Login fixture completed
2026-05-07 18:52:27,024 | INFO | NotesPage | Creating note | Title: Automation-47b25271-8b70-4db7-94b1-1e04eadcff30
2026-05-07 18:52:27,024 | INFO | NotesPage | Clicking Add Note button
2026-05-07 18:52:28,154 | INFO | conftest | Closing browser
2026-05-07 18:52:29,532 | INFO | NotesAPI | Response Status -> 200
2026-05-07 18:52:29,532 | INFO | test_ui_to_api_validation | API Response Status: 200
2026-05-07 18:52:29,533 | INFO | test_ui_to_api_validation | API Response Time: 7.718389
2026-05-07 18:52:29,685 | INFO | LoginPage | Attempting login with email: raghu1@gmail.com
2026-05-07 18:52:29,686 | INFO | LoginPage | Typing 'raghu1@gmail.com' into element: ('id', 'email')
2026-05-07 18:52:29,717 | INFO | conftest | Closing browser
2026-05-07 18:52:29,806 | INFO | conftest | Launching Chrome browser
2026-05-07 18:52:29,835 | INFO | conftest | Selenium Grid detected
2026-05-07 18:52:29,835 | INFO | conftest | Running tests on Selenium Grid
2026-05-07 18:52:29,908 | INFO | LoginPage | Typing 'raghu1' into element: ('id', 'password')
2026-05-07 18:52:30,305 | INFO | LoginPage | Login button clicked
2026-05-07 18:52:30,306 | INFO | conftest | Login fixture completed
2026-05-07 18:52:30,311 | INFO | NotesPage | Clicking Add Note button
2026-05-07 18:52:37,828 | INFO | conftest | Closing browser
2026-05-07 18:52:41,174 | INFO | conftest | Closing browser
2026-05-07 18:52:43,367 | INFO | LoginPage | Attempting login with email: 
2026-05-07 18:52:43,368 | INFO | LoginPage | Typing '' into element: ('id', 'email')
2026-05-07 18:52:43,541 | INFO | LoginPage | Typing 'Password123' into element: ('id', 'password')
2026-05-07 18:52:43,923 | INFO | LoginPage | Login button clicked
2026-05-07 18:52:49,044 | INFO | conftest | Closing browser
2026-05-07 18:57:10,330 | INFO | AuthAPI | POST Request -> https://practice.expandtesting.com/notes/api/users/login
2026-05-07 18:57:10,330 | INFO | AuthAPI | Payload -> {'email': 'raghu1@gmail.com', 'password': 'raghu1'}
2026-05-07 18:57:10,331 | INFO | AuthAPI | POST Request -> https://practice.expandtesting.com/notes/api/users/login
2026-05-07 18:57:10,331 | INFO | AuthAPI | Payload -> {'email': 'raghu1@gmail.com', 'password': 'raghu1'}
2026-05-07 18:57:10,331 | INFO | AuthAPI | POST Request -> https://practice.expandtesting.com/notes/api/users/login
2026-05-07 18:57:10,332 | INFO | AuthAPI | Payload -> {'email': '', 'password': ''}
2026-05-07 18:57:10,952 | INFO | AuthAPI | Response Status -> 400
2026-05-07 18:57:10,959 | INFO | AuthAPI | POST Request -> https://practice.expandtesting.com/notes/api/users/login
2026-05-07 18:57:10,959 | INFO | AuthAPI | Payload -> {'email': 'raghu1@gmail.com', 'password': 'raghu1'}
2026-05-07 18:57:13,807 | INFO | AuthAPI | Response Status -> 200
2026-05-07 18:57:13,814 | INFO | AuthAPI | POST Request -> https://practice.expandtesting.com/notes/api/users/login
2026-05-07 18:57:13,815 | INFO | AuthAPI | Payload -> {'email': 'wrong@test.com', 'password': 'wrongpass'}
2026-05-07 18:57:14,129 | INFO | AuthAPI | Response Status -> 200
2026-05-07 18:57:14,133 | INFO | NotesAPI | POST Request -> https://practice.expandtesting.com/notes/api/notes
2026-05-07 18:57:14,133 | INFO | NotesAPI | Payload -> {'title': 'DELETE-aacc08f6-c9f3-46f9-823c-5485a044657a', 'description': 'Delete Description', 'category': 'Work'}
2026-05-07 18:57:15,258 | INFO | AuthAPI | Response Status -> 200
2026-05-07 18:57:15,263 | INFO | NotesAPI | POST Request -> https://practice.expandtesting.com/notes/api/notes
2026-05-07 18:57:15,263 | INFO | NotesAPI | Payload -> {'title': 'API-60c05038-374c-49d8-bf3f-46e738798613', 'description': 'API Automation Description', 'category': 'Home'}
2026-05-07 18:57:15,493 | INFO | AuthAPI | Response Status -> 401
2026-05-07 18:57:15,497 | INFO | NotesAPI | GET Request -> https://practice.expandtesting.com/notes/api/notes
2026-05-07 18:57:15,891 | INFO | NotesAPI | Response Status -> 200
2026-05-07 18:57:15,892 | INFO | NotesAPI | DELETE Request -> https://practice.expandtesting.com/notes/api/notes/69fc93340fadc10297dc0179
2026-05-07 18:57:16,046 | INFO | NotesAPI | Response Status -> 401
2026-05-07 18:57:16,049 | INFO | AuthAPI | POST Request -> https://practice.expandtesting.com/notes/api/users/login
2026-05-07 18:57:16,049 | INFO | AuthAPI | Payload -> {'email': 'raghu1@gmail.com', 'password': 'raghu1'}
2026-05-07 18:57:16,059 | INFO | NotesAPI | Response Status -> 200
2026-05-07 18:57:16,063 | INFO | AuthAPI | POST Request -> https://practice.expandtesting.com/notes/api/users/login
2026-05-07 18:57:16,063 | INFO | AuthAPI | Payload -> {'email': 'raghu1@gmail.com', 'password': 'raghu1'}
2026-05-07 18:57:20,285 | INFO | NotesAPI | Response Status -> 200
2026-05-07 18:57:20,285 | INFO | AuthAPI | Response Status -> 200
2026-05-07 18:57:20,285 | INFO | NotesAPI | GET Request -> https://practice.expandtesting.com/notes/api/notes
2026-05-07 18:57:20,287 | INFO | NotesAPI | DELETE Request -> https://practice.expandtesting.com/notes/api/notes/123456789
2026-05-07 18:57:20,361 | INFO | AuthAPI | Response Status -> 200
2026-05-07 18:57:20,363 | INFO | NotesAPI | GET Request -> https://practice.expandtesting.com/notes/api/notes
2026-05-07 18:57:21,244 | INFO | NotesAPI | Response Status -> 400
2026-05-07 18:57:21,252 | INFO | AuthAPI | POST Request -> https://practice.expandtesting.com/notes/api/users/login
2026-05-07 18:57:21,252 | INFO | AuthAPI | Payload -> {'email': 'raghu1@gmail.com', 'password': 'raghu1'}
2026-05-07 18:57:22,630 | INFO | NotesAPI | Response Status -> 200
2026-05-07 18:57:22,640 | INFO | AuthAPI | POST Request -> https://practice.expandtesting.com/notes/api/users/login
2026-05-07 18:57:22,640 | INFO | AuthAPI | Payload -> {'email': 'raghu1@gmail.com', 'password': 'raghu1'}
2026-05-07 18:57:22,789 | INFO | NotesAPI | Response Status -> 200
2026-05-07 18:57:22,867 | INFO | AuthAPI | POST Request -> https://practice.expandtesting.com/notes/api/users/login
2026-05-07 18:57:22,867 | INFO | AuthAPI | Payload -> {'email': 'raghu1@gmail.com', 'password': 'raghu1'}
2026-05-07 18:57:24,686 | INFO | AuthAPI | Response Status -> 200
2026-05-07 18:57:24,690 | INFO | NotesAPI | POST Request -> https://practice.expandtesting.com/notes/api/notes
2026-05-07 18:57:24,691 | INFO | NotesAPI | Payload -> {'title': '', 'description': 'Description', 'category': 'Home'}
2026-05-07 18:57:28,297 | INFO | AuthAPI | Response Status -> 200
2026-05-07 18:57:28,301 | INFO | test_get_notes | Starting test_get_all_notes
2026-05-07 18:57:28,301 | INFO | NotesAPI | GET Request -> https://practice.expandtesting.com/notes/api/notes
2026-05-07 18:57:28,366 | INFO | AuthAPI | Response Status -> 200
2026-05-07 18:57:28,367 | INFO | NotesAPI | POST Request -> https://practice.expandtesting.com/notes/api/notes
2026-05-07 18:57:28,367 | INFO | NotesAPI | Payload -> {'title': 'Title', 'description': '', 'category': 'Home'}
2026-05-07 18:57:28,765 | INFO | NotesAPI | Response Status -> 400
2026-05-07 18:57:28,772 | INFO | conftest | Launching Chrome browser
2026-05-07 18:57:28,800 | INFO | conftest | Selenium Grid detected
2026-05-07 18:57:28,800 | INFO | conftest | Running tests on Selenium Grid
2026-05-07 18:57:29,308 | INFO | conftest | Performing login fixture setup
2026-05-07 18:57:29,568 | INFO | NotesAPI | Response Status -> 400
2026-05-07 18:57:29,574 | INFO | conftest | Launching Chrome browser
2026-05-07 18:57:29,594 | INFO | conftest | Selenium Grid detected
2026-05-07 18:57:29,594 | INFO | conftest | Running tests on Selenium Grid
2026-05-07 18:57:30,035 | INFO | conftest | Performing login fixture setup
2026-05-07 18:57:30,237 | INFO | NotesAPI | Response Status -> 200
2026-05-07 18:57:30,237 | INFO | test_get_notes | Response received: 200
2026-05-07 18:57:30,238 | INFO | test_get_notes | test_get_all_notes PASSED
2026-05-07 18:57:30,245 | INFO | conftest | Launching Chrome browser
2026-05-07 18:57:30,274 | INFO | conftest | Selenium Grid detected
2026-05-07 18:57:30,274 | INFO | conftest | Running tests on Selenium Grid
2026-05-07 18:57:30,751 | INFO | conftest | Performing login fixture setup
2026-05-07 18:57:36,879 | INFO | LoginPage | Attempting login with email: raghu1@gmail.com
2026-05-07 18:57:36,879 | INFO | LoginPage | Typing 'raghu1@gmail.com' into element: ('id', 'email')
2026-05-07 18:57:36,966 | INFO | LoginPage | Attempting login with email: raghu1@gmail.com
2026-05-07 18:57:36,966 | INFO | LoginPage | Typing 'raghu1@gmail.com' into element: ('id', 'email')
2026-05-07 18:57:37,117 | INFO | LoginPage | Typing 'raghu1' into element: ('id', 'password')
2026-05-07 18:57:37,204 | INFO | LoginPage | Attempting login with email: raghu1@gmail.com
2026-05-07 18:57:37,205 | INFO | LoginPage | Typing 'raghu1' into element: ('id', 'password')
2026-05-07 18:57:37,205 | INFO | LoginPage | Typing 'raghu1@gmail.com' into element: ('id', 'email')
2026-05-07 18:57:37,443 | INFO | LoginPage | Typing 'raghu1' into element: ('id', 'password')
2026-05-07 18:57:37,567 | INFO | LoginPage | Login button clicked
2026-05-07 18:57:37,583 | INFO | conftest | Login fixture completed
2026-05-07 18:57:37,584 | INFO | AuthAPI | POST Request -> https://practice.expandtesting.com/notes/api/users/login
2026-05-07 18:57:37,584 | INFO | AuthAPI | Payload -> {'email': 'raghu1@gmail.com', 'password': 'raghu1'}
2026-05-07 18:57:37,637 | INFO | LoginPage | Login button clicked
2026-05-07 18:57:37,638 | INFO | conftest | Login fixture completed
2026-05-07 18:57:37,640 | INFO | NotesPage | Creating note | Title: Automation-2acd9157-b305-40c6-93e0-34459248b33b
2026-05-07 18:57:37,640 | INFO | NotesPage | Clicking Add Note button
2026-05-07 18:57:37,865 | INFO | LoginPage | Login button clicked
2026-05-07 18:57:37,865 | INFO | conftest | Login fixture completed
2026-05-07 18:57:37,866 | INFO | AuthAPI | POST Request -> https://practice.expandtesting.com/notes/api/users/login
2026-05-07 18:57:37,866 | INFO | AuthAPI | Payload -> {'email': 'raghu1@gmail.com', 'password': 'raghu1'}
2026-05-07 18:57:47,890 | INFO | AuthAPI | Response Status -> 200
2026-05-07 18:57:47,897 | INFO | test_api_to_ui_validation | STARTING E2E TEST: API -> UI
2026-05-07 18:57:47,898 | INFO | test_api_to_ui_validation | Creating note via UI | Title: DELETE-2b5706f3-1de9-4349-8318-577f7ec875ec
2026-05-07 18:57:47,898 | INFO | NotesPage | Creating note | Title: DELETE-2b5706f3-1de9-4349-8318-577f7ec875ec
2026-05-07 18:57:47,898 | INFO | NotesPage | Clicking Add Note button
2026-05-07 18:57:48,456 | INFO | conftest | Closing browser
2026-05-07 18:57:48,545 | INFO | conftest | Launching Chrome browser
2026-05-07 18:57:48,577 | INFO | conftest | Selenium Grid detected
2026-05-07 18:57:48,577 | INFO | conftest | Running tests on Selenium Grid
2026-05-07 18:57:49,654 | INFO | AuthAPI | Response Status -> 200
2026-05-07 18:57:49,659 | INFO | test_ui_to_api_validation | STARTING E2E TEST: UI -> API
2026-05-07 18:57:49,660 | INFO | test_ui_to_api_validation | Creating note from UI | Title: E2E-9076c588-293f-4628-8eff-622bfc08b3e1
2026-05-07 18:57:49,660 | INFO | NotesPage | Creating note | Title: E2E-9076c588-293f-4628-8eff-622bfc08b3e1
2026-05-07 18:57:49,660 | INFO | NotesPage | Clicking Add Note button
2026-05-07 18:57:53,037 | INFO | NotesPage | Entering title: DELETE-2b5706f3-1de9-4349-8318-577f7ec875ec
2026-05-07 18:57:53,037 | INFO | NotesPage | Typing 'DELETE-2b5706f3-1de9-4349-8318-577f7ec875ec' into element: ('id', 'title')
2026-05-07 18:57:53,260 | INFO | NotesPage | Entering description
2026-05-07 18:57:53,261 | INFO | NotesPage | Typing 'Delete validation' into element: ('id', 'description')
2026-05-07 18:57:53,442 | INFO | NotesPage | Selecting category: Work
2026-05-07 18:57:53,450 | INFO | NotesPage | Entering title: E2E-9076c588-293f-4628-8eff-622bfc08b3e1
2026-05-07 18:57:53,450 | INFO | NotesPage | Typing 'E2E-9076c588-293f-4628-8eff-622bfc08b3e1' into element: ('id', 'title')
2026-05-07 18:57:53,739 | INFO | NotesPage | Entering description
2026-05-07 18:57:53,739 | INFO | NotesPage | Typing 'Hybrid UI API Validation' into element: ('id', 'description')
2026-05-07 18:57:53,795 | INFO | NotesPage | Clicking Create button
2026-05-07 18:57:53,958 | INFO | NotesPage | Selecting category: Home
2026-05-07 18:57:54,053 | INFO | NotesPage | Checking if note exists: DELETE-2b5706f3-1de9-4349-8318-577f7ec875ec
2026-05-07 18:57:54,193 | INFO | NotesPage | Clicking Create button
2026-05-07 18:57:54,448 | INFO | NotesPage | Checking if note exists: E2E-9076c588-293f-4628-8eff-622bfc08b3e1
2026-05-07 18:57:55,615 | INFO | LoginPage | Attempting login with email: raghu1@gmail.com
2026-05-07 18:57:55,616 | INFO | LoginPage | Typing 'raghu1@gmail.com' into element: ('id', 'email')
2026-05-07 18:57:55,831 | INFO | LoginPage | Typing 'raghu1' into element: ('id', 'password')
2026-05-07 18:57:56,232 | INFO | LoginPage | Login button clicked
2026-05-07 18:57:56,232 | INFO | LoginPage | Validating login success
2026-05-07 18:57:59,293 | INFO | conftest | Closing browser
2026-05-07 18:57:59,298 | WARNING | NotesPage | Stale element detected. Retrying...
2026-05-07 18:57:59,349 | WARNING | NotesPage | Stale element detected. Retrying...
2026-05-07 18:57:59,375 | INFO | conftest | Launching Chrome browser
2026-05-07 18:57:59,391 | INFO | conftest | Selenium Grid detected
2026-05-07 18:57:59,392 | INFO | conftest | Running tests on Selenium Grid
2026-05-07 18:58:03,739 | INFO | NotesPage | Note created successfully | Title: DELETE-2b5706f3-1de9-4349-8318-577f7ec875ec
2026-05-07 18:58:03,739 | INFO | test_api_to_ui_validation | Note created successfully
2026-05-07 18:58:03,740 | INFO | NotesPage | Checking if note exists: DELETE-2b5706f3-1de9-4349-8318-577f7ec875ec
2026-05-07 18:58:03,947 | INFO | NotesPage | Note created successfully | Title: E2E-9076c588-293f-4628-8eff-622bfc08b3e1
2026-05-07 18:58:03,948 | INFO | test_ui_to_api_validation | Note creation completed
2026-05-07 18:58:03,948 | INFO | NotesPage | Checking if note exists: E2E-9076c588-293f-4628-8eff-622bfc08b3e1
2026-05-07 18:58:05,725 | INFO | LoginPage | Attempting login with email: 
2026-05-07 18:58:05,725 | INFO | LoginPage | Typing '' into element: ('id', 'email')
2026-05-07 18:58:05,860 | INFO | NotesPage | Note found: DELETE-2b5706f3-1de9-4349-8318-577f7ec875ec
2026-05-07 18:58:05,860 | INFO | test_api_to_ui_validation | Note created and visible in UI
2026-05-07 18:58:05,860 | INFO | NotesAPI | GET Request -> https://practice.expandtesting.com/notes/api/notes
2026-05-07 18:58:05,894 | INFO | LoginPage | Typing 'Password123' into element: ('id', 'password')
2026-05-07 18:58:06,019 | INFO | NotesPage | Note found: E2E-9076c588-293f-4628-8eff-622bfc08b3e1
2026-05-07 18:58:06,019 | INFO | test_ui_to_api_validation | Note visible in UI successfully
2026-05-07 18:58:06,020 | INFO | test_ui_to_api_validation | Calling GET /notes API
2026-05-07 18:58:06,020 | INFO | NotesAPI | GET Request -> https://practice.expandtesting.com/notes/api/notes
2026-05-07 18:58:06,279 | INFO | LoginPage | Login button clicked
2026-05-07 18:58:07,159 | INFO | NotesAPI | Response Status -> 200
2026-05-07 18:58:07,160 | INFO | test_api_to_ui_validation | GET Notes Status: 200
2026-05-07 18:58:07,161 | INFO | test_api_to_ui_validation | Located Note ID: 69fc935b0fadc10297dc01c1
2026-05-07 18:58:07,161 | INFO | test_api_to_ui_validation | Deleting note via API | ID: 69fc935b0fadc10297dc01c1
2026-05-07 18:58:07,162 | INFO | NotesAPI | DELETE Request -> https://practice.expandtesting.com/notes/api/notes/69fc935b0fadc10297dc01c1
2026-05-07 18:58:07,382 | INFO | NotesAPI | Response Status -> 200
2026-05-07 18:58:07,382 | INFO | test_ui_to_api_validation | API Response Status: 200
2026-05-07 18:58:07,383 | INFO | test_ui_to_api_validation | API Response Time: 1.310223
2026-05-07 18:58:07,383 | INFO | test_ui_to_api_validation | Total Notes Returned: 173
2026-05-07 18:58:07,383 | INFO | test_ui_to_api_validation | Matched Note: {'id': '69fc935b0fadc10297dc01c3', 'title': 'E2E-9076c588-293f-4628-8eff-622bfc08b3e1', 'description': 'Hybrid UI API Validation', 'category': 'Home', 'completed': False, 'created_at': '2026-05-07T13:27:55.876Z', 'updated_at': '2026-05-07T13:27:55.876Z', 'user_id': '69fb505d81124e02985b5b90'}
2026-05-07 18:58:07,383 | INFO | test_ui_to_api_validation | E2E UI -> API validation PASSED
2026-05-07 18:58:07,385 | INFO | conftest | Closing browser
2026-05-07 18:58:07,475 | INFO | conftest | Launching Chrome browser
2026-05-07 18:58:07,489 | INFO | conftest | Selenium Grid detected
2026-05-07 18:58:07,489 | INFO | conftest | Running tests on Selenium Grid
2026-05-07 18:58:07,656 | INFO | NotesAPI | Response Status -> 200
2026-05-07 18:58:07,656 | INFO | test_api_to_ui_validation | Delete Status: 200
2026-05-07 18:58:07,656 | INFO | test_api_to_ui_validation | Refreshing UI page
2026-05-07 18:58:07,656 | INFO | NotesPage | Refreshing browser page
2026-05-07 18:58:09,683 | INFO | NotesPage | Checking if note exists: DELETE-2b5706f3-1de9-4349-8318-577f7ec875ec
2026-05-07 18:58:10,543 | INFO | LoginPage | Attempting login with email: wrong@test.com
2026-05-07 18:58:10,544 | INFO | LoginPage | Typing 'wrong@test.com' into element: ('id', 'email')
2026-05-07 18:58:10,737 | INFO | LoginPage | Typing 'Password123' into element: ('id', 'password')
2026-05-07 18:58:11,123 | INFO | LoginPage | Login button clicked
2026-05-07 18:58:11,417 | INFO | conftest | Closing browser
2026-05-07 18:58:11,495 | INFO | conftest | Launching Chrome browser
2026-05-07 18:58:11,506 | INFO | conftest | Selenium Grid detected
2026-05-07 18:58:11,507 | INFO | conftest | Running tests on Selenium Grid
2026-05-07 18:58:11,592 | WARNING | NotesPage | Note NOT found: DELETE-2b5706f3-1de9-4349-8318-577f7ec875ec
2026-05-07 18:58:11,592 | INFO | test_api_to_ui_validation | Deleted note removed from UI successfully
2026-05-07 18:58:11,592 | INFO | test_api_to_ui_validation | E2E API -> UI validation PASSED
2026-05-07 18:58:11,595 | INFO | conftest | Closing browser
2026-05-07 18:58:11,680 | INFO | conftest | Launching Chrome browser
2026-05-07 18:58:11,693 | INFO | conftest | Selenium Grid detected
2026-05-07 18:58:11,693 | INFO | conftest | Running tests on Selenium Grid
2026-05-07 18:58:11,952 | INFO | conftest | Performing login fixture setup
2026-05-07 18:58:12,321 | INFO | conftest | Closing browser
2026-05-07 18:58:12,403 | INFO | conftest | Launching Chrome browser
2026-05-07 18:58:12,416 | INFO | conftest | Selenium Grid detected
2026-05-07 18:58:12,416 | INFO | conftest | Running tests on Selenium Grid
2026-05-07 18:58:12,669 | INFO | conftest | Performing login fixture setup
2026-05-07 18:58:17,222 | INFO | LoginPage | Attempting login with email: raghu1@gmail.com
2026-05-07 18:58:17,222 | INFO | LoginPage | Typing 'raghu1@gmail.com' into element: ('id', 'email')
2026-05-07 18:58:17,230 | INFO | LoginPage | Attempting login with email: 
2026-05-07 18:58:17,230 | INFO | LoginPage | Typing '' into element: ('id', 'email')
2026-05-07 18:58:17,233 | INFO | LoginPage | Attempting login with email: raghu1@gmail.com
2026-05-07 18:58:17,233 | INFO | LoginPage | Typing 'raghu1@gmail.com' into element: ('id', 'email')
2026-05-07 18:58:17,460 | INFO | LoginPage | Typing '' into element: ('id', 'password')
2026-05-07 18:58:17,487 | INFO | LoginPage | Typing 'raghu1' into element: ('id', 'password')
2026-05-07 18:58:17,873 | INFO | LoginPage | Login button clicked
2026-05-07 18:58:17,942 | INFO | LoginPage | Login button clicked
2026-05-07 18:58:17,943 | INFO | conftest | Login fixture completed
2026-05-07 18:58:17,945 | INFO | NotesPage | Clicking Add Note button
2026-05-07 18:58:17,946 | INFO | LoginPage | Login button clicked
2026-05-07 18:58:17,946 | INFO | conftest | Login fixture completed
2026-05-07 18:58:17,948 | INFO | NotesPage | Creating note | Title: Instant-9336d38a-d577-4e29-92b7-ef3b7063d5b2
2026-05-07 18:58:17,949 | INFO | NotesPage | Clicking Add Note button
2026-05-07 18:58:20,771 | INFO | conftest | Closing browser
2026-05-07 18:58:22,888 | INFO | NotesPage | Entering description
2026-05-07 18:58:22,888 | INFO | NotesPage | Typing 'Missing title' into element: ('id', 'description')
2026-05-07 18:58:22,980 | INFO | conftest | Closing browser
2026-05-07 18:58:23,066 | INFO | conftest | Launching Chrome browser
2026-05-07 18:58:23,076 | INFO | conftest | Selenium Grid detected
2026-05-07 18:58:23,076 | INFO | conftest | Running tests on Selenium Grid
2026-05-07 18:58:23,086 | INFO | NotesPage | Selecting category: Home
2026-05-07 18:58:23,300 | INFO | NotesPage | Clicking Create button
2026-05-07 18:58:23,331 | INFO | conftest | Performing login fixture setup
2026-05-07 18:58:23,551 | INFO | NotesPage | Fetching validation errors
2026-05-07 18:58:23,664 | INFO | conftest | Closing browser
2026-05-07 18:58:25,609 | INFO | LoginPage | Attempting login with email: raghu1@gmail.com
2026-05-07 18:58:25,609 | INFO | LoginPage | Typing 'raghu1@gmail.com' into element: ('id', 'email')
2026-05-07 18:58:25,801 | INFO | LoginPage | Typing 'raghu1' into element: ('id', 'password')
2026-05-07 18:58:26,200 | INFO | LoginPage | Login button clicked
2026-05-07 18:58:26,200 | INFO | conftest | Login fixture completed
2026-05-07 18:58:26,201 | INFO | NotesPage | Clicking Add Note button
2026-05-07 18:58:27,546 | INFO | NotesPage | Entering title: Negative-c7f33fdd-e091-4655-82a6-9731949ac084
2026-05-07 18:58:27,546 | INFO | NotesPage | Typing 'Negative-c7f33fdd-e091-4655-82a6-9731949ac084' into element: ('id', 'title')
2026-05-07 18:58:27,765 | INFO | NotesPage | Selecting category: Work
2026-05-07 18:58:28,045 | INFO | NotesPage | Clicking Create button
2026-05-07 18:58:28,302 | INFO | NotesPage | Fetching validation errors
2026-05-07 18:58:28,407 | INFO | conftest | Closing browser
2026-05-07 18:58:37,213 | INFO | AuthAPI | POST Request -> https://practice.expandtesting.com/notes/api/users/login
2026-05-07 18:58:37,214 | INFO | AuthAPI | Payload -> {'email': '', 'password': ''}
2026-05-07 18:58:37,214 | INFO | AuthAPI | POST Request -> https://practice.expandtesting.com/notes/api/users/login
2026-05-07 18:58:37,215 | INFO | AuthAPI | Payload -> {'email': 'raghu1@gmail.com', 'password': 'raghu1'}
2026-05-07 18:58:37,745 | INFO | AuthAPI | Response Status -> 400
2026-05-07 18:58:37,752 | INFO | AuthAPI | POST Request -> https://practice.expandtesting.com/notes/api/users/login
2026-05-07 18:58:37,753 | INFO | AuthAPI | Payload -> {'email': 'raghu1@gmail.com', 'password': 'raghu1'}
2026-05-07 18:58:37,996 | INFO | AuthAPI | Response Status -> 200
2026-05-07 18:58:38,000 | INFO | AuthAPI | POST Request -> https://practice.expandtesting.com/notes/api/users/login
2026-05-07 18:58:38,000 | INFO | AuthAPI | Payload -> {'email': 'wrong@test.com', 'password': 'wrongpass'}
2026-05-07 18:58:38,318 | INFO | AuthAPI | Response Status -> 200
2026-05-07 18:58:38,322 | INFO | NotesAPI | POST Request -> https://practice.expandtesting.com/notes/api/notes
2026-05-07 18:58:38,322 | INFO | NotesAPI | Payload -> {'title': 'API-38fdfa84-a24d-48c3-b37e-4fd387250be8', 'description': 'API Automation Description', 'category': 'Home'}
2026-05-07 18:58:38,530 | INFO | AuthAPI | Response Status -> 401
2026-05-07 18:58:38,533 | INFO | NotesAPI | GET Request -> https://practice.expandtesting.com/notes/api/notes
2026-05-07 18:58:39,265 | INFO | NotesAPI | Response Status -> 401
2026-05-07 18:58:39,271 | INFO | AuthAPI | POST Request -> https://practice.expandtesting.com/notes/api/users/login
2026-05-07 18:58:39,272 | INFO | AuthAPI | Payload -> {'email': 'raghu1@gmail.com', 'password': 'raghu1'}
2026-05-07 18:58:39,331 | INFO | NotesAPI | Response Status -> 200
2026-05-07 18:58:39,333 | INFO | AuthAPI | POST Request -> https://practice.expandtesting.com/notes/api/users/login
2026-05-07 18:58:39,333 | INFO | AuthAPI | Payload -> {'email': 'raghu1@gmail.com', 'password': 'raghu1'}
2026-05-07 18:58:40,130 | INFO | AuthAPI | Response Status -> 200
2026-05-07 18:58:40,134 | INFO | NotesAPI | DELETE Request -> https://practice.expandtesting.com/notes/api/notes/123456789
2026-05-07 18:58:40,923 | INFO | AuthAPI | Response Status -> 200
2026-05-07 18:58:40,923 | INFO | NotesAPI | Response Status -> 400
2026-05-07 18:58:40,927 | INFO | NotesAPI | POST Request -> https://practice.expandtesting.com/notes/api/notes
2026-05-07 18:58:40,928 | INFO | NotesAPI | Payload -> {'title': 'DELETE-82b335f5-893c-4dfb-8fce-a253e76ead59', 'description': 'Delete Description', 'category': 'Work'}
2026-05-07 18:58:40,929 | INFO | AuthAPI | POST Request -> https://practice.expandtesting.com/notes/api/users/login
2026-05-07 18:58:40,929 | INFO | AuthAPI | Payload -> {'email': 'raghu1@gmail.com', 'password': 'raghu1'}
2026-05-07 18:58:41,488 | INFO | NotesAPI | Response Status -> 200
2026-05-07 18:58:41,488 | INFO | NotesAPI | DELETE Request -> https://practice.expandtesting.com/notes/api/notes/69fc93890fadc10297dc0211
2026-05-07 18:58:42,680 | INFO | AuthAPI | Response Status -> 200
2026-05-07 18:58:42,683 | INFO | NotesAPI | POST Request -> https://practice.expandtesting.com/notes/api/notes
2026-05-07 18:58:42,684 | INFO | NotesAPI | Payload -> {'title': '', 'description': 'Description', 'category': 'Home'}
2026-05-07 18:58:43,016 | INFO | NotesAPI | Response Status -> 200
2026-05-07 18:58:43,016 | INFO | NotesAPI | GET Request -> https://practice.expandtesting.com/notes/api/notes
2026-05-07 18:58:44,126 | INFO | NotesAPI | Response Status -> 400
2026-05-07 18:58:44,132 | INFO | AuthAPI | POST Request -> https://practice.expandtesting.com/notes/api/users/login
2026-05-07 18:58:44,132 | INFO | AuthAPI | Payload -> {'email': 'raghu1@gmail.com', 'password': 'raghu1'}
2026-05-07 18:58:44,471 | INFO | NotesAPI | Response Status -> 200
2026-05-07 18:58:44,481 | INFO | AuthAPI | POST Request -> https://practice.expandtesting.com/notes/api/users/login
2026-05-07 18:58:44,481 | INFO | AuthAPI | Payload -> {'email': 'raghu1@gmail.com', 'password': 'raghu1'}
2026-05-07 18:58:45,893 | INFO | AuthAPI | Response Status -> 200
2026-05-07 18:58:45,894 | INFO | NotesAPI | POST Request -> https://practice.expandtesting.com/notes/api/notes
2026-05-07 18:58:45,895 | INFO | NotesAPI | Payload -> {'title': 'Title', 'description': '', 'category': 'Home'}
2026-05-07 18:58:48,533 | INFO | AuthAPI | Response Status -> 200
2026-05-07 18:58:48,536 | INFO | test_get_notes | Starting test_get_all_notes
2026-05-07 18:58:48,537 | INFO | NotesAPI | GET Request -> https://practice.expandtesting.com/notes/api/notes
2026-05-07 18:58:48,604 | INFO | NotesAPI | Response Status -> 400
2026-05-07 18:58:48,606 | INFO | conftest | Launching Chrome browser
2026-05-07 18:58:48,615 | INFO | conftest | Selenium Grid detected
2026-05-07 18:58:48,615 | INFO | conftest | Running tests on Selenium Grid
2026-05-07 18:58:48,848 | INFO | conftest | Performing login fixture setup
2026-05-07 18:58:51,838 | INFO | NotesAPI | Response Status -> 200
2026-05-07 18:58:51,838 | INFO | test_get_notes | Response received: 200
2026-05-07 18:58:51,839 | INFO | test_get_notes | test_get_all_notes PASSED
2026-05-07 18:58:51,844 | INFO | AuthAPI | POST Request -> https://practice.expandtesting.com/notes/api/users/login
2026-05-07 18:58:51,844 | INFO | AuthAPI | Payload -> {'email': 'raghu1@gmail.com', 'password': 'raghu1'}
2026-05-07 18:58:54,040 | INFO | AuthAPI | Response Status -> 200
2026-05-07 18:58:54,045 | INFO | NotesAPI | GET Request -> https://practice.expandtesting.com/notes/api/notes
2026-05-07 18:58:56,719 | INFO | LoginPage | Attempting login with email: raghu1@gmail.com
2026-05-07 18:58:56,720 | INFO | LoginPage | Typing 'raghu1@gmail.com' into element: ('id', 'email')
2026-05-07 18:58:56,926 | INFO | LoginPage | Typing 'raghu1' into element: ('id', 'password')
2026-05-07 18:58:57,320 | INFO | LoginPage | Login button clicked
2026-05-07 18:58:57,336 | INFO | conftest | Login fixture completed
2026-05-07 18:58:57,337 | INFO | AuthAPI | POST Request -> https://practice.expandtesting.com/notes/api/users/login
2026-05-07 18:58:57,337 | INFO | AuthAPI | Payload -> {'email': 'raghu1@gmail.com', 'password': 'raghu1'}
2026-05-07 18:58:57,580 | INFO | NotesAPI | Response Status -> 200
2026-05-07 18:58:57,665 | INFO | conftest | Launching Chrome browser
2026-05-07 18:58:57,674 | INFO | conftest | Selenium Grid detected
2026-05-07 18:58:57,675 | INFO | conftest | Running tests on Selenium Grid
2026-05-07 18:58:57,936 | INFO | conftest | Performing login fixture setup
2026-05-07 18:59:02,049 | INFO | AuthAPI | Response Status -> 200
2026-05-07 18:59:02,056 | INFO | test_api_to_ui_validation | STARTING E2E TEST: API -> UI
2026-05-07 18:59:02,057 | INFO | test_api_to_ui_validation | Creating note via UI | Title: DELETE-d207a71b-7401-4468-a8ae-5137dfbdcc30
2026-05-07 18:59:02,057 | INFO | NotesPage | Creating note | Title: DELETE-d207a71b-7401-4468-a8ae-5137dfbdcc30
2026-05-07 18:59:02,057 | INFO | NotesPage | Clicking Add Note button
2026-05-07 18:59:05,081 | INFO | NotesPage | Entering title: DELETE-d207a71b-7401-4468-a8ae-5137dfbdcc30
2026-05-07 18:59:05,081 | INFO | NotesPage | Typing 'DELETE-d207a71b-7401-4468-a8ae-5137dfbdcc30' into element: ('id', 'title')
2026-05-07 18:59:05,319 | INFO | NotesPage | Entering description
2026-05-07 18:59:05,319 | INFO | NotesPage | Typing 'Delete validation' into element: ('id', 'description')
2026-05-07 18:59:05,500 | INFO | NotesPage | Selecting category: Work
2026-05-07 18:59:05,730 | INFO | LoginPage | Attempting login with email: raghu1@gmail.com
2026-05-07 18:59:05,730 | INFO | LoginPage | Typing 'raghu1@gmail.com' into element: ('id', 'email')
2026-05-07 18:59:05,774 | INFO | NotesPage | Clicking Create button
2026-05-07 18:59:05,953 | INFO | LoginPage | Typing 'raghu1' into element: ('id', 'password')
2026-05-07 18:59:06,025 | INFO | NotesPage | Checking if note exists: DELETE-d207a71b-7401-4468-a8ae-5137dfbdcc30
2026-05-07 18:59:06,333 | INFO | LoginPage | Login button clicked
2026-05-07 18:59:06,333 | INFO | conftest | Login fixture completed
2026-05-07 18:59:06,335 | INFO | NotesPage | Creating note | Title: Automation-ff91926a-02d7-4689-9f4c-b893860093fa
2026-05-07 18:59:06,335 | INFO | NotesPage | Clicking Add Note button
2026-05-07 18:59:10,288 | INFO | NotesPage | Entering title: Automation-ff91926a-02d7-4689-9f4c-b893860093fa
2026-05-07 18:59:10,288 | INFO | NotesPage | Typing 'Automation-ff91926a-02d7-4689-9f4c-b893860093fa' into element: ('id', 'title')
2026-05-07 18:59:10,420 | WARNING | NotesPage | Stale element detected. Retrying...
2026-05-07 18:59:10,524 | INFO | NotesPage | Entering description
2026-05-07 18:59:10,524 | INFO | NotesPage | Typing 'This is automation testing' into element: ('id', 'description')
2026-05-07 18:59:10,710 | INFO | NotesPage | Selecting category: Home
2026-05-07 18:59:10,899 | INFO | NotesPage | Clicking Create button
2026-05-07 18:59:11,159 | INFO | NotesPage | Checking if note exists: Automation-ff91926a-02d7-4689-9f4c-b893860093fa
2026-05-07 18:59:12,919 | WARNING | NotesPage | Note NOT found: Automation-ff91926a-02d7-4689-9f4c-b893860093fa
2026-05-07 18:59:13,420 | INFO | NotesPage | Checking if note exists: Automation-ff91926a-02d7-4689-9f4c-b893860093fa
2026-05-07 18:59:14,158 | INFO | NotesPage | Note created successfully | Title: DELETE-d207a71b-7401-4468-a8ae-5137dfbdcc30
2026-05-07 18:59:14,159 | INFO | test_api_to_ui_validation | Note created successfully
2026-05-07 18:59:14,159 | INFO | NotesPage | Checking if note exists: DELETE-d207a71b-7401-4468-a8ae-5137dfbdcc30
2026-05-07 18:59:15,896 | INFO | NotesPage | Note found: DELETE-d207a71b-7401-4468-a8ae-5137dfbdcc30
2026-05-07 18:59:15,897 | INFO | test_api_to_ui_validation | Note created and visible in UI
2026-05-07 18:59:15,897 | INFO | NotesAPI | GET Request -> https://practice.expandtesting.com/notes/api/notes
2026-05-07 18:59:16,870 | INFO | NotesPage | Note found: Automation-ff91926a-02d7-4689-9f4c-b893860093fa
2026-05-07 18:59:16,870 | INFO | NotesPage | Note created successfully | Title: Automation-ff91926a-02d7-4689-9f4c-b893860093fa
2026-05-07 18:59:16,870 | INFO | NotesPage | Checking if note exists: Automation-ff91926a-02d7-4689-9f4c-b893860093fa
2026-05-07 18:59:17,020 | INFO | NotesAPI | Response Status -> 200
2026-05-07 18:59:17,020 | INFO | test_api_to_ui_validation | GET Notes Status: 200
2026-05-07 18:59:17,021 | INFO | test_api_to_ui_validation | Located Note ID: 69fc93a20fadc10297dc0244
2026-05-07 18:59:17,021 | INFO | test_api_to_ui_validation | Deleting note via API | ID: 69fc93a20fadc10297dc0244
2026-05-07 18:59:17,021 | INFO | NotesAPI | DELETE Request -> https://practice.expandtesting.com/notes/api/notes/69fc93a20fadc10297dc0244
2026-05-07 18:59:17,506 | INFO | NotesAPI | Response Status -> 200
2026-05-07 18:59:17,506 | INFO | test_api_to_ui_validation | Delete Status: 200
2026-05-07 18:59:17,506 | INFO | test_api_to_ui_validation | Refreshing UI page
2026-05-07 18:59:17,506 | INFO | NotesPage | Refreshing browser page
2026-05-07 18:59:18,396 | INFO | NotesPage | Note found: Automation-ff91926a-02d7-4689-9f4c-b893860093fa
2026-05-07 18:59:18,397 | INFO | conftest | Closing browser
2026-05-07 18:59:18,475 | INFO | conftest | Launching Chrome browser
2026-05-07 18:59:18,482 | INFO | conftest | Selenium Grid detected
2026-05-07 18:59:18,482 | INFO | conftest | Running tests on Selenium Grid
2026-05-07 18:59:18,722 | INFO | conftest | Performing login fixture setup
2026-05-07 18:59:19,049 | INFO | NotesPage | Checking if note exists: DELETE-d207a71b-7401-4468-a8ae-5137dfbdcc30
2026-05-07 18:59:20,817 | WARNING | NotesPage | Note NOT found: DELETE-d207a71b-7401-4468-a8ae-5137dfbdcc30
2026-05-07 18:59:20,818 | INFO | test_api_to_ui_validation | Deleted note removed from UI successfully
2026-05-07 18:59:20,818 | INFO | test_api_to_ui_validation | E2E API -> UI validation PASSED
2026-05-07 18:59:20,820 | INFO | conftest | Closing browser
2026-05-07 18:59:20,908 | INFO | conftest | Launching Chrome browser
2026-05-07 18:59:20,921 | INFO | conftest | Selenium Grid detected
2026-05-07 18:59:20,922 | INFO | conftest | Running tests on Selenium Grid
2026-05-07 18:59:20,968 | INFO | LoginPage | Attempting login with email: raghu1@gmail.com
2026-05-07 18:59:20,969 | INFO | LoginPage | Typing 'raghu1@gmail.com' into element: ('id', 'email')
2026-05-07 18:59:21,181 | INFO | LoginPage | Typing 'raghu1' into element: ('id', 'password')
2026-05-07 18:59:21,182 | INFO | conftest | Performing login fixture setup
2026-05-07 18:59:21,588 | INFO | LoginPage | Login button clicked
2026-05-07 18:59:21,588 | INFO | conftest | Login fixture completed
2026-05-07 18:59:21,589 | INFO | NotesPage | Creating note | Title: Instant-cb2e394e-8f37-45f4-b33c-164096b71580
2026-05-07 18:59:21,589 | INFO | NotesPage | Clicking Add Note button
2026-05-07 18:59:25,515 | INFO | NotesPage | Entering title: Instant-cb2e394e-8f37-45f4-b33c-164096b71580
2026-05-07 18:59:25,515 | INFO | NotesPage | Typing 'Instant-cb2e394e-8f37-45f4-b33c-164096b71580' into element: ('id', 'title')
2026-05-07 18:59:25,735 | INFO | NotesPage | Entering description
2026-05-07 18:59:25,735 | INFO | NotesPage | Typing 'DOM validation' into element: ('id', 'description')
2026-05-07 18:59:25,931 | INFO | NotesPage | Selecting category: Work
2026-05-07 18:59:26,209 | INFO | NotesPage | Clicking Create button
2026-05-07 18:59:26,450 | INFO | NotesPage | Checking if note exists: Instant-cb2e394e-8f37-45f4-b33c-164096b71580
2026-05-07 18:59:27,670 | INFO | LoginPage | Attempting login with email: raghu1@gmail.com
2026-05-07 18:59:27,670 | INFO | LoginPage | Typing 'raghu1@gmail.com' into element: ('id', 'email')
2026-05-07 18:59:27,846 | INFO | LoginPage | Typing 'raghu1' into element: ('id', 'password')
2026-05-07 18:59:28,184 | INFO | LoginPage | Login button clicked
2026-05-07 18:59:28,184 | INFO | conftest | Login fixture completed
2026-05-07 18:59:28,185 | INFO | AuthAPI | POST Request -> https://practice.expandtesting.com/notes/api/users/login
2026-05-07 18:59:28,185 | INFO | AuthAPI | Payload -> {'email': 'raghu1@gmail.com', 'password': 'raghu1'}
2026-05-07 18:59:31,969 | INFO | AuthAPI | Response Status -> 200
2026-05-07 18:59:31,974 | INFO | test_ui_to_api_validation | STARTING E2E TEST: UI -> API
2026-05-07 18:59:31,974 | INFO | test_ui_to_api_validation | Creating note from UI | Title: E2E-a6d1695e-b006-4099-9cf3-3e1011053a0c
2026-05-07 18:59:31,974 | INFO | NotesPage | Creating note | Title: E2E-a6d1695e-b006-4099-9cf3-3e1011053a0c
2026-05-07 18:59:31,975 | INFO | NotesPage | Clicking Add Note button
2026-05-07 18:59:33,120 | WARNING | NotesPage | Stale element detected. Retrying...
2026-05-07 18:59:33,952 | INFO | NotesPage | Entering title: E2E-a6d1695e-b006-4099-9cf3-3e1011053a0c
2026-05-07 18:59:33,952 | INFO | NotesPage | Typing 'E2E-a6d1695e-b006-4099-9cf3-3e1011053a0c' into element: ('id', 'title')
2026-05-07 18:59:34,167 | INFO | NotesPage | Entering description
2026-05-07 18:59:34,167 | INFO | NotesPage | Typing 'Hybrid UI API Validation' into element: ('id', 'description')
2026-05-07 18:59:34,361 | INFO | NotesPage | Selecting category: Home
2026-05-07 18:59:34,555 | INFO | NotesPage | Clicking Create button
2026-05-07 18:59:34,787 | INFO | NotesPage | Checking if note exists: E2E-a6d1695e-b006-4099-9cf3-3e1011053a0c
2026-05-07 18:59:35,908 | INFO | NotesPage | Note created successfully | Title: Instant-cb2e394e-8f37-45f4-b33c-164096b71580
2026-05-07 18:59:35,908 | INFO | NotesPage | Checking if note exists: Instant-cb2e394e-8f37-45f4-b33c-164096b71580
2026-05-07 18:59:37,029 | WARNING | NotesPage | Stale element detected. Retrying...
2026-05-07 18:59:37,575 | INFO | NotesPage | Note found: Instant-cb2e394e-8f37-45f4-b33c-164096b71580
2026-05-07 18:59:37,576 | INFO | conftest | Closing browser
2026-05-07 18:59:37,710 | INFO | conftest | Launching Chrome browser
2026-05-07 18:59:37,731 | INFO | conftest | Selenium Grid detected
2026-05-07 18:59:37,731 | INFO | conftest | Running tests on Selenium Grid
2026-05-07 18:59:38,613 | INFO | NotesPage | Note created successfully | Title: E2E-a6d1695e-b006-4099-9cf3-3e1011053a0c
2026-05-07 18:59:38,613 | INFO | test_ui_to_api_validation | Note creation completed
2026-05-07 18:59:38,614 | INFO | NotesPage | Checking if note exists: E2E-a6d1695e-b006-4099-9cf3-3e1011053a0c
2026-05-07 18:59:40,083 | INFO | LoginPage | Attempting login with email: raghu1@gmail.com
2026-05-07 18:59:40,083 | INFO | LoginPage | Typing 'raghu1@gmail.com' into element: ('id', 'email')
2026-05-07 18:59:40,239 | INFO | NotesPage | Note found: E2E-a6d1695e-b006-4099-9cf3-3e1011053a0c
2026-05-07 18:59:40,239 | INFO | test_ui_to_api_validation | Note visible in UI successfully
2026-05-07 18:59:40,239 | INFO | test_ui_to_api_validation | Calling GET /notes API
2026-05-07 18:59:40,239 | INFO | NotesAPI | GET Request -> https://practice.expandtesting.com/notes/api/notes
2026-05-07 18:59:40,278 | INFO | LoginPage | Typing 'raghu1' into element: ('id', 'password')
2026-05-07 18:59:40,653 | INFO | LoginPage | Login button clicked
2026-05-07 18:59:40,653 | INFO | LoginPage | Validating login success
2026-05-07 18:59:40,858 | INFO | NotesAPI | Response Status -> 200
2026-05-07 18:59:40,859 | INFO | test_ui_to_api_validation | API Response Status: 200
2026-05-07 18:59:40,859 | INFO | test_ui_to_api_validation | API Response Time: 0.567164
2026-05-07 18:59:40,860 | INFO | test_ui_to_api_validation | Total Notes Returned: 176
2026-05-07 18:59:40,860 | INFO | test_ui_to_api_validation | Matched Note: {'id': '69fc93bf0fadc10297dc027a', 'title': 'E2E-a6d1695e-b006-4099-9cf3-3e1011053a0c', 'description': 'Hybrid UI API Validation', 'category': 'Home', 'completed': False, 'created_at': '2026-05-07T13:29:35.635Z', 'updated_at': '2026-05-07T13:29:35.635Z', 'user_id': '69fb505d81124e02985b5b90'}
2026-05-07 18:59:40,860 | INFO | test_ui_to_api_validation | E2E UI -> API validation PASSED
2026-05-07 18:59:40,862 | INFO | conftest | Closing browser
2026-05-07 18:59:40,946 | INFO | conftest | Launching Chrome browser
2026-05-07 18:59:40,951 | INFO | conftest | Selenium Grid detected
2026-05-07 18:59:40,951 | INFO | conftest | Running tests on Selenium Grid
2026-05-07 18:59:41,014 | INFO | conftest | Closing browser
2026-05-07 18:59:41,091 | INFO | conftest | Launching Chrome browser
2026-05-07 18:59:41,113 | INFO | conftest | Selenium Grid detected
2026-05-07 18:59:41,113 | INFO | conftest | Running tests on Selenium Grid
2026-05-07 18:59:47,668 | INFO | LoginPage | Attempting login with email: 
2026-05-07 18:59:47,668 | INFO | LoginPage | Typing '' into element: ('id', 'email')
2026-05-07 18:59:47,828 | INFO | LoginPage | Typing 'Password123' into element: ('id', 'password')
2026-05-07 18:59:48,020 | INFO | LoginPage | Attempting login with email: wrong@test.com
2026-05-07 18:59:48,021 | INFO | LoginPage | Typing 'wrong@test.com' into element: ('id', 'email')
2026-05-07 18:59:48,223 | INFO | LoginPage | Typing 'Password123' into element: ('id', 'password')
2026-05-07 18:59:48,242 | INFO | LoginPage | Login button clicked
2026-05-07 18:59:48,592 | INFO | LoginPage | Login button clicked
2026-05-07 18:59:48,945 | INFO | conftest | Closing browser
2026-05-07 18:59:49,019 | INFO | conftest | Launching Chrome browser
2026-05-07 18:59:49,034 | INFO | conftest | Selenium Grid detected
2026-05-07 18:59:49,034 | INFO | conftest | Running tests on Selenium Grid
2026-05-07 18:59:52,030 | INFO | LoginPage | Attempting login with email: 
2026-05-07 18:59:52,030 | INFO | LoginPage | Typing '' into element: ('id', 'email')
2026-05-07 18:59:52,234 | INFO | LoginPage | Typing '' into element: ('id', 'password')
2026-05-07 18:59:52,651 | INFO | LoginPage | Login button clicked
2026-05-07 18:59:53,337 | INFO | conftest | Closing browser
2026-05-07 18:59:53,412 | INFO | conftest | Launching Chrome browser
2026-05-07 18:59:53,417 | INFO | conftest | Selenium Grid detected
2026-05-07 18:59:53,417 | INFO | conftest | Running tests on Selenium Grid
2026-05-07 18:59:53,648 | INFO | conftest | Performing login fixture setup
2026-05-07 18:59:56,193 | INFO | LoginPage | Attempting login with email: raghu1@gmail.com
2026-05-07 18:59:56,194 | INFO | LoginPage | Typing 'raghu1@gmail.com' into element: ('id', 'email')
2026-05-07 18:59:56,393 | INFO | LoginPage | Typing 'raghu1' into element: ('id', 'password')
2026-05-07 18:59:56,784 | INFO | LoginPage | Login button clicked
2026-05-07 18:59:56,785 | INFO | conftest | Login fixture completed
2026-05-07 18:59:56,786 | INFO | NotesPage | Clicking Add Note button
2026-05-07 18:59:57,781 | INFO | conftest | Closing browser
2026-05-07 18:59:57,847 | INFO | NotesPage | Entering description
2026-05-07 18:59:57,847 | INFO | NotesPage | Typing 'Missing title' into element: ('id', 'description')
2026-05-07 18:59:57,859 | INFO | conftest | Launching Chrome browser
2026-05-07 18:59:57,866 | INFO | conftest | Selenium Grid detected
2026-05-07 18:59:57,866 | INFO | conftest | Running tests on Selenium Grid
2026-05-07 18:59:58,051 | INFO | NotesPage | Selecting category: Home
2026-05-07 18:59:58,111 | INFO | conftest | Performing login fixture setup
2026-05-07 18:59:58,228 | INFO | NotesPage | Clicking Create button
2026-05-07 18:59:58,488 | INFO | NotesPage | Fetching validation errors
2026-05-07 18:59:58,585 | INFO | conftest | Closing browser
2026-05-07 19:00:00,265 | INFO | LoginPage | Attempting login with email: raghu1@gmail.com
2026-05-07 19:00:00,266 | INFO | LoginPage | Typing 'raghu1@gmail.com' into element: ('id', 'email')
2026-05-07 19:00:00,454 | INFO | LoginPage | Typing 'raghu1' into element: ('id', 'password')
2026-05-07 19:00:00,836 | INFO | LoginPage | Login button clicked
2026-05-07 19:00:00,836 | INFO | conftest | Login fixture completed
2026-05-07 19:00:00,837 | INFO | NotesPage | Clicking Add Note button
2026-05-07 19:00:02,475 | INFO | NotesPage | Entering title: Negative-0f5f6f90-9a25-4042-881b-f0487fff4f34
2026-05-07 19:00:02,475 | INFO | NotesPage | Typing 'Negative-0f5f6f90-9a25-4042-881b-f0487fff4f34' into element: ('id', 'title')
2026-05-07 19:00:02,705 | INFO | NotesPage | Selecting category: Work
2026-05-07 19:00:02,961 | INFO | NotesPage | Clicking Create button
2026-05-07 19:00:03,193 | INFO | NotesPage | Fetching validation errors
2026-05-07 19:00:03,291 | INFO | conftest | Closing browser
